/*--------------------------------*- C++ -*----------------------------------*\
  =========                 |
  \\      /  F ield         | OpenFOAM: The Open Source CFD Toolbox
   \\    /   O peration     | Website:  https://openfoam.org
    \\  /    A nd           | Version:  9
     \\/     M anipulation  |
\*---------------------------------------------------------------------------*/
FoamFile
{
    format      ascii;
    class       volScalarField;
    location    "0";
    object      thicknessFraction;
}
// * * * * * * * * * * * * * * * * * * * * * * * * * * * * * * * * * * * * * //

dimensions      [0 0 0 0 0 0 0];

internalField   uniform 0;

boundaryField
{
    inlet
    {
        type            fixedValue;
        value           uniform 0;
    }
    outlet
    {
        type            fixedValue;
        value           uniform 0;
    }
    ground
    {
        type            fixedValue;
        value           nonuniform List<scalar> 0();
    }
    frontAndBack
    {
        type            symmetry;
    }
    H45_W15_0
    {
        type            fixedValue;
        value           nonuniform List<scalar> 
140378
(
0
0
0
0
0
0
0
0
0
0
0
0
0
0
0
0
0
0
0
0
0
0
0
0
0
0
0
0
0
0
0
0
0
0
0
0
0
0
0
0
0
0
0
0
0
0
0
0
0
0
0
0
0
0
0
0
0
0
0
0
0
0
0
0
0
0
0
0
0
0
0
0
0
0
0
0
0
0
0
0
0
0
0
0
0
0
0
0
0
0
0
0
0
0
0
0
0
0
0
0
0
0
0
0
0
0
0
0
0
0
0
0
0
0
0
0
0
0
0
0
0
0
0
0
0
0
0
0
0
0
0
0
0
0
0
0
0
0
0
0
0
0
0
0
0
0
0
0
0
0
0
0
0
0
0
0
0
0
0
0
0
0
0
0
0
0
0
0
0
0
0
0
0
0
0
0
0
0
0
0
0
0
0
0
0
0
0
0
0
0
0
0
0
0
0
0
0
0
0
0
0
0
0
0
0
0
0
0
0
0
0
0
0
0
0
0
0
0
0
0
0
0
0
0
0
0
0
0
0
0
0
0
0
0
0
0
0
0
0
0
0
0
0
0
0
0
0
0
0
0
0
0
0
0
0
0
0
0
0
0
0
0
0
0
0
0
0
0
0
0
0
0
0
0
0.0901836
0.107653
0.0901836
0.108676
0.0793624
0.108785
1
1
1
1
1
1
0.103955
1
0.103955
1
1
1
0.103955
1
0.108726
1
1
1
1
0.108756
1
1
1
1
1
1
1
1
1
0.0901836
1
1
0.107652
1
1
0.0901836
1
0.108564
1
1
1
0.0792962
1
1
1
1
1
0.0867076
1
0.0696696
1
1
1
0.0994861
1
0.0696696
1
0.0696697
0.104065
1
1
0.103122
1
1
0.0748094
1
0.099696
1
1
1
1
1
1
1
1
1
1
1
1
1
1
1
1
1
1
0.076474
1
1
1
1
0.0867076
1
0.0696696
1
0.0696697
1
1
1
1
0.104158
1
1
1
0.0994861
1
1
1
1
1
0.0696696
1
0.0696697
1
0.104138
1
0.104065
1
0.103955
1
1
1
1
1
1
0.103122
1
1
1
0.0696697
1
0.0748094
1
0.099696
0.999999
0.103076
1
1
1
1
0.0793624
1
1
0.10856
1
1
1
0.0793623
1
1
1
1
0.108756
1
1
1
1
1
0.0775398
1
1
0.999999
1
1
0.076474
1
1
1
1
0.0696697
1
1
0.104158
1
1
1
1
0.102083
1
1
1
0.104138
1
0.103955
1
1
1
1
1
1
1
0.0696697
0.999999
0.103076
1
1
1
1
1
1
1
1
1
1
1
1
1
1
1
1
1
1
1
1
1
1
1
1
1
1
1
1
1
1
1
1
1
1
1
1
1
1
1
1
1
1
1
1
0.66866
0.071063
0.994591
0.054053
0.238341
0.10605
1
1
1
1
1
1
1
1
1
1
0.994591
0.0540459
0.238341
0.10605
1
1
1
1
1
1
1
1
0.66866
0.071063
1
1
1
1
1
1
1
1
1
1
1
1
1
1
1
1
1
1
1
1
1
1
1
1
1
1
1
1
0.10554
0.987215
0.999981
0.991673
0.880417
0.106006
0.993518
0.0834376
0.67356
0.997423
0.994729
0.996853
0.996296
0.0748095
0.996092
0.102302
0.986784
0.999981
0.991809
0.994039
0.10284
0.992871
0.996296
0.0748094
0.996096
0.996296
0.996893
0.994497
0.993687
0.10598
0.999037
0.99539
0.240683
1
0.998958
0.998782
1
0.993835
0.997129
0.996929
0.0696387
0.996332
0.996096
0.099486
0.994039
0.993952
0.102083
0.993874
1
1
1
1
1
1
1
1
1
1
1
1
1
1
1
1
1
1
1
1
1
1
1
1
1
1
1
1
1
1
1
1
1
1
1
1
1
1
1
1
1
1
1
1
1
1
1
1
1
1
1
1
1
1
1
1
1
1
1
1
1
1
1
1
1
1
1
1
1
1
1
1
1
1
1
1
1
1
1
1
1
1
1
1
1
1
1
1
1
1
1
1
1
1
1
1
1
1
1
1
1
1
1
1
1
1
1
1
1
1
1
1
1
1
1
1
1
1
1
1
1
0.999225
0.876961
0.996052
0.101647
0.962223
0.0939589
0.871208
0.999885
1
1
1
0.994729
0.996853
0.996296
0.0748095
0.996092
0.996296
0.996929
0.996929
0.0696697
0.996296
0.996929
0.997089
0.993795
0.0764436
0.996092
0.255949
0.994839
0.258423
0.993793
0.0709724
0.663756
1
1
0.999043
1
0.102302
0.986784
0.999981
0.991809
0.994039
0.10284
0.992871
0.996929
0.997129
0.993874
0.0696387
0.996332
1
1
0.999998
1
0.996296
0.0748094
0.996096
0.996296
0.996893
0.993774
0.103122
0.993835
0.996929
0.0996934
0.994035
0.994497
0.993687
0.10598
0.999037
0.99539
0.240683
1
0.998958
0.998782
1
0.999999
0.998156
0.993799
0.10408
0.993694
0.103803
0.993035
1
0.999184
1
1
1
1
1
1
1
1
1
1
1
1
0.993835
0.997129
0.996929
0.0696387
0.996332
0.996893
0.0696697
0.996296
0.996296
0.996929
0.996096
0.099486
0.994039
0.993952
0.102083
0.993874
0.997955
0.992941
1
1
0.880417
0.106006
0.993518
0.0834376
0.67356
0.997423
1
1
0.999998
1
1
0.999551
0.10554
0.987215
0.999981
0.991673
1
0.999551
1
1
0.999998
1
0.999225
0.876961
0.996052
0.101647
0.962223
0.0939589
0.871208
0.999885
1
1
1
0.996929
0.0696697
0.996296
0.255949
0.994839
0.258423
1
1
0.999043
1
0.996929
0.997129
0.993874
0.0696387
0.996332
1
1
0.999998
1
0.993774
0.103122
0.993835
0.996929
0.0996934
0.994035
0.999999
0.998156
0.993799
0.10408
0.993694
0.103803
0.993035
1
0.999184
1
1
1
1
1
1
1
1
1
1
1
1
0.996893
0.0696697
0.996296
0.996296
0.996929
0.997955
0.992941
1
1
1
1
1
1
1
1
1
1
1
1
1
1
1
1
1
1
1
1
1
1
1
1
1
1
1
1
1
1
1
1
1
1
1
1
1
1
1
1
1
1
1
1
1
1
1
1
1
1
1
1
1
1
1
1
1
1
1
1
1
1
1
1
1
1
1
1
1
1
1
1
1
1
1
1
1
1
1
1
1
1
1
1
1
1
1
1
1
1
1
1
1
1
1
1
1
1
1
1
1
1
1
1
1
1
1
1
1
1
1
1
1
1
1
1
1
1
1
1
1
1
1
1
1
1
1
1
1
1
1
1
1
1
1
1
1
1
1
1
1
1
1
1
1
1
1
1
1
1
1
1
1
1
1
1
1
1
1
1
1
1
1
1
1
1
1
1
1
1
1
1
1
1
1
1
1
1
1
1
1
1
1
1
1
1
1
1
1
1
1
1
1
1
1
1
1
1
1
1
1
1
1
1
1
1
1
1
1
1
1
1
1
1
1
1
1
1
1
1
1
1
1
1
1
1
1
1
1
1
1
1
1
1
1
1
1
1
1
1
1
1
1
1
1
1
1
1
1
1
1
1
1
1
1
1
1
1
1
1
1
1
1
1
1
1
1
1
1
1
1
1
1
1
1
1
1
1
1
1
1
1
1
1
1
1
1
1
1
1
1
1
1
1
1
1
1
1
1
1
1
1
1
1
1
1
1
1
1
1
1
1
1
1
1
1
1
1
1
1
1
1
1
1
1
1
1
1
1
1
1
1
1
1
1
1
1
1
1
1
1
1
1
1
1
1
1
1
1
1
1
1
1
1
1
1
1
1
1
1
1
1
1
1
1
1
1
1
1
1
1
1
1
1
1
1
1
1
1
1
1
1
1
1
1
1
1
1
1
1
1
1
1
1
1
1
1
1
1
1
1
1
1
1
1
1
1
1
1
1
1
1
1
1
1
1
1
1
1
1
1
1
1
1
1
1
1
1
1
1
1
1
1
1
1
1
1
1
1
1
1
1
1
1
1
1
1
1
1
1
1
1
1
1
1
1
1
1
1
1
1
1
0.885404
0.999999
0.997947
0.999232
0.619933
0.102915
0.611881
0.664193
0.699374
0.996929
0.997089
0.993795
0.0764436
0.996092
0.150121
0.995723
0.793035
0.61368
0.69876
0.664193
0.699374
0.664193
0.699837
0.611181
0.0982854
0.604127
0.611807
0.0764436
0.662125
0.699837
0.0696697
0.664193
0.662343
0.0748095
0.662249
0.613608
0.698759
1
1
1
1
1
1
1
1
1
1
1
1
1
1
1
1
1
1
1
1
1
1
1
1
1
1
1
1
1
1
1
1
1
1
1
1
1
1
1
1
1
1
1
1
1
1
1
1
1
1
1
1
1
1
1
1
1
1
1
1
1
1
1
1
1
1
1
1
1
1
1
1
1
1
1
1
1
1
1
1
1
1
1
0.661778
0.0867093
0.619931
0.999851
0.99931
0.967535
1
1
1
0.999982
1
1
0.619933
0.102915
0.611881
0.664193
0.699374
0.664193
0.699837
0.699837
0.0696697
0.664193
0.699838
0.0696387
0.664447
0.611333
0.103955
0.611411
0.997421
0.998855
0.669043
0.611329
0.103859
0.611021
0.999553
1
1
1
1
1
0.150121
0.995723
0.793035
0.61368
0.69876
0.699838
0.0696387
0.664447
0.612276
0.0764669
0.661872
1
1
0.999267
0.999999
0.664193
0.699374
0.664193
0.699837
0.611281
0.104162
0.611334
0.699837
0.0696698
0.6641
0.611181
0.0982854
0.604127
0.997373
0.901123
0.611411
0.104162
0.611334
0.070982
0.452615
0.999537
1
1
1
0.611807
0.0764436
0.662125
0.699837
0.0696697
0.664193
0.699374
0.0696696
0.664193
0.664193
0.699837
0.662343
0.0748095
0.662249
0.613608
0.698759
0.611604
0.0935138
0.561385
0.885404
0.999999
0.997947
0.999232
1
1
1
1
1
1
0.999884
1
1
1
1
1
1
1
0.999884
1
0.661778
0.0867093
0.619931
0.999851
0.99931
0.967535
1
1
1
0.999982
1
1
0.996296
0.996929
0.699837
0.0696697
0.664193
0.997421
0.998855
0.669043
0.993793
0.0709724
0.663756
0.999553
1
1
1
1
1
0.699838
0.0696387
0.664447
0.612276
0.0764669
0.661872
1
1
0.999267
0.999999
0.611281
0.104162
0.611334
0.699837
0.0696698
0.6641
0.997373
0.901123
0.611411
0.104162
0.611334
0.070982
0.452615
0.999537
1
1
1
0.699374
0.0696696
0.664193
0.664193
0.699837
0.611604
0.0935138
0.561385
1
1
1
1
1
1
1
1
1
1
1
1
1
1
1
1
1
1
1
1
1
1
1
1
1
1
1
1
1
1
1
1
1
1
1
1
1
1
1
1
1
1
1
1
1
1
1
1
1
1
1
1
1
1
1
1
1
1
1
1
1
1
1
1
1
1
1
1
1
1
1
1
1
1
1
1
1
1
1
1
1
1
1
1
1
1
1
1
1
1
1
1
1
1
1
1
1
1
1
1
1
1
1
1
1
1
1
1
1
1
1
1
1
1
1
1
1
1
1
1
1
1
1
1
1
1
1
1
1
1
1
1
1
1
1
1
1
1
1
1
1
1
1
1
1
1
1
1
1
1
1
1
1
1
1
1
1
1
1
1
1
1
1
1
1
1
1
1
1
1
1
1
1
1
1
1
1
1
1
1
1
1
1
1
1
1
1
1
1
1
1
1
1
1
1
1
1
1
1
1
1
1
1
1
1
1
1
1
1
1
1
1
1
1
1
1
1
1
1
1
1
1
1
1
1
1
1
1
1
1
1
1
1
1
1
1
1
1
1
1
1
0.559628
0.451001
0.162634
0.10321
0.603369
0.957637
0.198634
0.780054
0.613897
0.105549
0.611904
1
1
1
1
1
1
1
1
0.162632
0.10321
0.603369
0.957637
0.198633
0.780054
0.613897
0.105548
0.611904
1
1
1
1
1
1
0.559628
0.451001
1
1
1
1
1
1
1
1
1
1
1
1
1
1
1
1
1
1
0.239827
0.199816
0.611903
0.0712246
0.426759
0.0544648
0.163635
0.242194
0.489387
0.995335
0.791211
0.613668
0.105983
0.613819
0.57253
0.105692
0.613521
0.79661
0.899997
0.698834
0.613614
0.0748094
0.662249
0.662343
0.229484
0.188839
0.0330442
0.60967
0.405651
0.231947
0.48586
0.076479
0.611667
0.661786
0.0748094
0.662343
0.662343
0.0696696
0.699374
0.664193
0.0832599
0.0835068
0.575355
0.57297
0.881411
0.890637
0.728376
0.725714
0.613813
0.0996287
0.605644
0.791388
0.999846
0.989709
0.962258
0.488707
0.978982
0.999229
0.999232
0.968577
0.965936
0.886416
0.896333
0.939201
0.933034
0.701055
0.700516
0.664447
0.699838
0.61368
0.698835
0.0764671
0.612276
0.661779
1
1
1
1
1
1
1
1
1
1
1
1
1
1
1
1
1
1
1
1
1
1
1
1
1
1
1
1
1
1
1
1
1
1
1
1
1
1
1
1
1
1
1
1
1
1
1
1
1
1
1
1
1
1
1
1
1
1
1
1
1
1
1
1
1
1
1
1
1
1
1
1
1
1
1
1
1
1
1
1
1
1
1
1
1
1
1
1
1
1
1
1
1
1
1
1
1
1
1
1
1
1
1
1
1
1
1
1
1
1
1
1
1
1
1
1
1
1
1
1
1
1
1
1
1
1
1
1
1
1
1
1
1
1
1
1
1
1
1
1
1
1
1
1
1
1
1
1
1
1
1
1
1
1
1
1
1
1
1
1
1
1
1
1
1
1
1
1
1
1
1
1
1
1
1
1
1
1
1
1
1
1
1
1
1
1
1
1
1
1
1
1
1
1
1
1
1
1
1
1
1
1
1
1
1
1
1
1
1
1
1
1
1
1
1
1
1
1
1
1
1
1
1
1
1
1
0.96527
0.963795
0.99926
0.930914
0.928037
0.882768
0.0996806
0.602266
0.613577
0.804668
0.513904
0.759843
0.922975
0.998044
0.999049
0.892817
0.8051
0.129339
0.80503
0.141454
1
1
1
1
1
0.999707
0.999877
1
0.710049
0.564331
0.102826
0.813492
0.7108
0.880829
0.78038
0.129212
0.804799
0.122662
1
1
0.99989
1
1
1
1
1
1
1
1
1
1
1
1
1
1
1
1
1
1
1
1
1
1
1
1
1
0.698834
0.613614
0.0748094
0.662249
0.662343
0.0696697
0.699837
0.664193
0.664193
0.699837
0.700516
0.701055
0.103122
0.662125
0.611807
0.17528
0.216057
0.790787
0.498064
0.102783
0.44687
0.609768
1
1
0.999999
1
0.229484
0.188839
0.0330442
0.60967
0.405651
0.231947
0.48586
0.611667
0.661786
0.701056
0.701056
0.664446
0.699298
1
1
1
1
0.0748094
0.662343
0.662343
0.0696696
0.699374
0.664193
0.104158
0.611806
0.611336
0.613605
0.699297
0.0832599
0.0835068
0.575355
0.57297
0.881411
0.890637
0.728376
0.725714
0.613813
0.0996287
0.605644
0.791388
0.999846
0.989709
0.962258
0.488707
0.978982
0.999229
0.999232
0.968577
0.965936
0.886416
0.896333
0.939201
0.933034
0.678004
0.800141
0.104162
0.61122
0.611331
0.672608
0.560804
0.0828293
0.610945
0.573028
0.999982
0.999999
1
1
1
1
1
1
1
1
1
1
1
1
0.999879
0.999884
1
1
1
1
1
1
1
1
1
1
0.701055
0.700516
0.664447
0.699838
0.664193
0.699837
0.0696697
0.699837
0.664193
0.61368
0.698835
0.612276
0.661779
0.997593
0.893719
0.640029
0.777691
0.0703407
0.425914
0.634486
0.523834
0.999604
1
1
1
1
1
1
1
0.931894
0.259684
0.981513
0.999916
0.215492
0.237979
0.504523
0.10764
0.803585
0.186934
0.659966
0.609545
0.0870267
0.530031
0.662818
0.791235
0.99761
0.899182
0.804825
0.80629
0.129157
0.803937
0.102703
0.709356
0.128946
1
1
1
0.999992
1
1
1
1
1
1
1
1
1
1
0.999598
1
0.613668
0.105983
0.613819
0.57253
0.105692
0.613521
0.79661
0.899997
1
1
1
1
1
1
0.99917
0.999999
1
1
0.659966
0.609545
0.0870267
0.530031
0.662818
0.791235
0.99761
0.899182
0.804825
0.80629
0.129157
0.803937
0.102703
0.709356
0.128946
0.931894
0.259684
0.981513
0.999916
0.215492
0.237979
0.504523
0.803585
0.186934
1
1
1
1
1
1
0.999598
1
1
1
1
0.999992
1
1
1
1
0.239827
0.199816
0.611903
0.0712246
0.426759
0.0544648
0.163635
0.242194
0.489387
0.995335
0.791211
1
1
1
1
1
1
1
1
0.99917
0.999999
0.96527
0.963795
0.99926
0.930914
0.928037
0.882768
0.804668
0.513904
0.759843
0.922975
0.998044
0.892817
0.999049
0.8051
0.129339
0.80503
0.0996806
0.602266
0.613577
1
1
1
1
1
0.999707
1
0.999877
0.710049
0.564331
0.102826
0.813492
0.7108
0.880829
0.78038
0.129212
0.804799
0.122662
1
1
0.99989
1
1
1
1
1
1
1
1
1
1
1
1
1
1
1
1
1
1
1
1
1
1
1
1
1
0.664193
0.699837
0.17528
0.216057
0.790787
0.498064
1
1
0.999999
1
0.701056
0.701056
0.664446
0.699298
1
1
1
1
0.104158
0.611806
0.611336
0.613605
0.699297
0.678004
0.800141
0.104162
0.61122
0.611331
0.672608
0.560804
0.0828293
0.610945
0.573028
0.999982
0.999999
1
1
1
1
1
1
1
1
1
1
1
1
0.999879
0.999884
1
1
1
1
1
1
1
1
1
1
0.664193
0.699837
0.0696697
0.699837
0.664193
0.997593
0.893719
0.640029
0.777691
0.0703407
0.425914
0.634486
0.523834
0.999604
1
1
1
1
1
1
1
1
1
1
1
1
1
1
1
1
1
1
1
1
1
1
1
1
1
1
1
1
1
1
1
1
1
1
1
1
1
1
1
1
1
1
1
1
1
1
1
1
1
1
1
1
1
1
1
1
1
1
1
1
1
1
1
1
1
1
1
1
1
1
1
1
1
1
1
1
1
1
1
1
1
1
1
1
1
1
1
1
1
1
1
1
1
1
1
1
1
1
1
1
1
1
1
1
1
1
1
1
1
1
1
1
1
1
1
1
1
1
1
1
1
1
1
1
1
1
1
1
1
1
1
1
1
1
1
1
1
1
1
1
1
1
1
1
1
1
1
1
1
1
1
1
1
1
1
1
1
1
1
1
1
1
1
1
1
1
1
1
1
1
1
1
1
1
1
1
1
1
1
1
1
1
1
1
1
1
1
1
1
1
1
1
1
1
1
1
1
1
1
1
1
1
1
1
1
1
1
1
1
1
1
1
1
1
1
1
1
1
1
1
1
1
1
1
1
1
1
1
1
1
1
1
1
1
1
1
1
1
1
1
1
1
1
1
1
1
1
1
1
1
1
1
1
1
1
1
1
1
1
1
1
1
1
1
1
1
1
1
1
1
1
1
1
1
1
1
1
1
1
1
1
1
1
1
1
1
1
1
1
1
1
1
1
1
1
1
1
1
1
1
1
1
1
1
1
1
1
1
1
1
1
1
1
1
1
1
1
1
1
1
1
1
1
1
1
1
1
1
1
1
1
1
1
1
1
1
1
1
1
1
1
1
1
1
1
1
1
1
1
1
1
1
1
1
1
1
1
1
1
1
1
1
1
1
1
1
1
1
1
1
1
1
1
1
1
1
1
1
1
1
1
1
1
1
1
1
1
1
1
1
1
1
1
1
1
1
1
1
1
1
1
1
1
1
1
1
1
1
1
1
1
1
1
1
1
1
1
1
1
1
1
1
1
1
1
1
1
1
1
1
1
1
1
1
1
1
1
1
1
1
1
1
1
1
1
1
1
1
1
1
1
1
1
1
1
1
1
1
1
1
1
1
1
1
1
1
1
1
1
1
1
1
1
1
1
1
1
1
1
1
1
1
1
1
1
1
1
1
1
1
1
1
1
1
1
1
1
1
1
1
1
1
1
1
1
1
1
1
1
1
1
1
1
1
1
1
1
1
1
1
1
1
1
1
1
1
1
1
1
1
1
1
1
1
1
1
1
1
1
1
1
1
1
1
1
1
1
1
1
1
1
1
1
1
1
1
1
1
1
1
1
1
1
1
1
1
1
1
1
1
1
1
1
1
1
1
1
1
1
1
1
1
1
1
1
1
1
1
1
1
1
1
1
1
1
1
1
1
1
1
1
1
1
1
1
1
1
1
1
1
1
1
1
1
1
1
1
1
1
1
1
1
1
1
1
1
1
1
1
1
1
1
1
1
1
1
1
1
1
1
1
1
1
1
1
1
1
1
1
1
1
1
1
1
1
1
1
1
1
1
1
1
1
1
1
1
1
1
1
1
1
1
1
1
1
1
1
1
1
1
1
1
1
1
1
1
1
1
1
1
1
1
1
1
1
1
1
1
1
1
1
1
1
1
1
1
1
1
1
1
1
1
1
1
1
1
1
1
1
1
1
1
1
1
1
1
1
1
1
1
1
1
1
1
1
1
1
1
1
1
1
1
1
1
1
1
1
1
1
0.268573
0.0996598
0.277455
0.699838
0.0696387
0.664447
0.611333
0.103955
0.611411
0.999999
0.998897
0.997863
0.285969
0.0866782
0.277455
0.277455
0.292981
0.103776
0.291508
0.0996904
0.343202
0.0696697
1
0.998805
0.998867
0.282855
0.0822801
0.286318
0.0867152
0.284771
0.268573
0.0996598
0.277455
0.0696697
0.277455
0.0696697
0.343202
0.0696697
0.3432
0.0696641
0.293171
0.104158
0.293166
0.104146
0.999999
0.998897
0.997863
0.285969
0.0866782
0.3432
0.0696641
0.289845
0.099486
1
1
1
1
1
1
0.277455
0.277455
0.0696697
0.293122
0.104157
0.343202
0.0696696
0.292981
0.103776
0.977817
0.99472
0.292838
0.104128
0.144389
0.0507925
0.0333531
0.989296
0.995574
0.997718
0.980164
0.0893185
0.999858
0.99901
1
1
1
1
0.999957
0.999229
0.999633
0.999897
1
1
0.291508
0.0996904
0.343202
0.0696697
0.343633
0.0696697
0.277455
1
0.998805
0.998867
0.282855
0.0822801
0.286318
0.0867152
0.999227
0.999777
0.962297
0.291424
0.103515
0.999887
1
1
1
1
1
0.282745
0.105588
0.295247
0.099424
0.299227
0.107256
0.298551
0.107608
0.299227
0.107256
0.298551
0.107608
0.282745
0.105588
0.295247
0.099424
0.284771
0.664193
0.699837
0.343202
0.0696697
0.611329
0.103859
0.611021
0.3432
0.0696641
0.289845
0.099486
1
1
1
1
1
1
0.293122
0.104157
0.343202
0.0696696
0.977817
0.99472
0.144389
0.0507925
0.0333531
0.292838
0.104128
0.989296
0.995574
0.980164
0.997718
0.0893185
0.999858
0.99901
1
1
1
1
0.999957
0.999229
0.999897
0.999633
1
1
0.343633
0.0696697
0.277455
0.999227
0.999777
0.962297
0.291424
0.103515
0.999887
1
1
1
1
1
1
1
1
1
1
1
1
1
1
1
1
1
1
1
1
1
1
1
0.211102
0.103131
0.0709279
0.631148
0.23403
0.296934
0.106067
1
1
1
1
1
1
1
0.144422
0.612959
0.301134
1
1
0.103122
0.0709232
0.631148
0.23403
1
1
1
1
1
1
1
1
1
1
0.0890351
0.211102
0.0890351
0.144422
0.612959
0.301134
1
1
1
1
1
1
1
1
1
1
1
1
1
1
1
1
1
1
1
1
1
1
1
0.295807
0.103222
0.633654
0.801259
0.525546
0.998058
0.997648
0.893465
0.638673
0.995891
0.776015
0.296848
0.106064
0.252216
0.0996165
0.0764738
0.344219
0.282896
0.0969915
0.289546
0.619555
0.796572
0.509021
0.997688
0.99814
0.890976
0.996085
0.624887
0.768749
0.0996673
0.290975
0.0822801
0.282855
0.0696697
0.343633
0.261848
0.267718
0.296801
0.105686
0.979614
0.997665
0.636128
0.246473
0.994418
0.994503
0.264191
0.27033
0.336325
0.0696514
0.276526
0.086678
0.285969
0.0994861
0.289845
1
1
1
1
1
1
1
1
1
1
1
1
1
1
1
1
1
1
1
1
1
1
1
1
1
1
1
1
1
1
1
1
1
1
1
1
1
1
1
1
1
1
1
1
1
1
1
1
1
1
1
1
1
1
1
1
1
1
1
1
1
1
1
1
1
1
1
1
1
1
1
1
1
1
1
1
1
1
1
1
1
1
1
1
1
1
1
1
1
1
1
1
1
1
1
1
1
1
1
1
1
1
1
1
1
1
1
1
1
1
1
1
1
1
1
1
1
1
1
1
1
1
1
1
1
1
1
1
1
1
1
1
1
1
1
1
1
1
1
1
1
1
1
1
1
1
1
1
1
1
1
1
1
1
1
1
1
1
1
1
1
1
1
1
1
1
1
1
1
1
1
1
1
1
1
1
1
1
1
1
1
1
1
1
1
1
1
1
1
1
1
1
1
1
1
1
1
1
1
1
1
1
1
1
1
1
1
1
1
1
1
1
1
1
1
1
1
1
1
1
1
1
1
1
1
1
1
1
1
1
1
1
1
1
1
1
1
1
0.103471
0.287453
0.0716283
0.267786
0.0764738
0.344219
0.0822802
0.282896
0.0696697
0.343202
0.0696697
0.277455
0.336911
0.0866935
0.283802
0.0894121
0.0876529
0.253806
0.251793
0.300391
0.989423
0.639196
0.978364
0.978133
0.266062
0.264569
0.0829435
0.209655
0.988404
0.553796
0.796921
0.999959
1
1
1
1
1
0.999867
0.999864
1
1
0.0969915
0.289546
0.619555
0.796572
0.509021
0.997688
0.99814
0.890976
0.996085
0.624887
0.768749
0.0996673
0.290975
0.336325
0.276526
1
1
1
1
1
1
0.99963
1
1
1
1
1
0.0822801
0.282855
0.0696697
0.343633
0.103955
0.291509
0.0867117
0.286305
0.261848
0.267718
0.979614
0.997665
0.636128
0.246473
0.994418
0.994503
0.264191
0.27033
0.2678
0.261923
0.104145
0.293015
0.616496
0.236246
0.231904
0.627872
0.299233
0.107647
0.299296
0.107611
0.642708
0.238586
0.244403
0.632862
0.255538
0.259584
0.102645
0.292501
0.298557
0.107576
0.299161
0.107252
0.999621
0.999889
1
1
1
1
1
1
0.99893
0.998954
1
1
1
1
1
1
1
1
1
1
1
1
1
1
0.336325
0.0696514
0.276526
0.0696697
0.277455
0.0696697
0.343202
0.086678
0.285969
0.0994861
0.289845
0.999504
0.870687
0.92442
0.801233
0.865048
0.706657
1
1
1
1
1
1
0.989626
1
0.999864
0.999961
0.961904
0.993632
0.667711
0.999367
0.58114
0.99187
0.633648
0.920497
1
1
0.999997
1
1
1
1
1
1
1
1
1
1
1
1
1
0.284299
0.301128
0.287726
0.296848
0.106064
0.252216
0.0996165
0.089072
0.0716132
0.211475
0.286361
0.0842738
0.253441
0.100883
1
1
1
1
1
1
0.999616
1
1
1
1
1
0.989626
1
0.999864
0.999961
0.961904
0.993632
0.999367
0.667711
0.58114
0.99187
0.920497
0.633648
1
1
0.999997
1
1
1
1
1
1
1
1
1
1
1
1
1
0.301128
0.287726
0.284299
0.089072
0.0716132
0.211475
0.286361
0.0842738
0.253441
0.100883
0.295807
0.103222
0.633654
0.801259
0.525546
0.998058
0.997648
0.893465
0.638673
0.995891
0.776015
1
1
1
1
1
1
0.999616
1
1
1
1
1
0.103471
0.287453
0.0716283
0.267786
0.0696697
0.277455
0.0894121
0.0876529
0.253806
0.251793
0.300391
0.989423
0.639196
0.978364
0.978133
0.266062
0.264569
0.999959
1
1
1
1
1
0.999867
0.999864
1
1
0.336325
0.0696515
0.276526
1
1
1
1
1
1
0.99963
1
1
1
1
1
0.103955
0.291509
0.0867117
0.286305
0.2678
0.261923
0.616496
0.236246
0.231904
0.627872
0.299233
0.107647
0.299296
0.107611
0.104145
0.293015
0.642708
0.238586
0.244403
0.632862
0.255538
0.259584
0.298557
0.107576
0.299161
0.107252
0.102645
0.292501
0.999621
0.999889
1
1
1
1
1
1
0.99893
0.998954
1
1
1
1
1
1
1
1
1
1
1
1
1
1
0.277455
0.0696697
0.343202
0.999504
0.870687
0.92442
0.801233
0.865048
0.706657
1
1
1
1
1
1
1
1
1
1
1
1
1
1
1
1
1
1
1
1
1
1
1
1
1
1
1
1
1
1
1
1
1
1
1
1
1
1
1
1
1
1
1
1
1
1
1
1
1
1
1
1
1
1
1
1
1
1
1
1
1
1
1
1
1
1
1
1
1
1
1
1
1
1
1
1
1
1
1
1
1
1
1
1
1
1
1
1
1
1
1
1
1
1
1
1
1
1
1
1
1
1
1
1
1
1
1
1
1
1
1
1
1
1
1
1
1
1
1
1
1
1
1
1
1
1
1
1
1
1
1
1
1
1
1
1
1
1
1
1
1
1
1
1
1
1
1
1
1
1
1
1
1
1
1
1
1
1
1
1
1
1
1
1
1
1
1
1
1
1
1
1
1
1
1
1
1
1
1
1
1
1
1
1
1
1
1
1
1
1
1
1
1
1
1
1
1
1
1
1
1
1
1
1
1
1
1
1
1
1
1
1
1
1
1
1
1
1
1
1
1
1
1
1
1
1
1
1
1
1
1
1
1
1
1
1
1
1
1
1
1
1
1
1
1
1
1
1
1
1
1
1
1
1
1
1
1
1
1
1
1
1
1
1
1
1
1
1
1
1
1
1
1
1
1
1
1
1
1
1
1
1
1
1
1
1
1
1
1
1
1
1
1
1
1
1
1
1
1
1
1
1
1
1
1
1
1
1
1
1
1
1
1
1
1
1
1
1
1
1
1
1
1
1
1
1
1
1
1
1
1
1
1
1
1
1
1
1
1
1
1
1
1
1
1
1
1
1
1
1
1
1
1
1
1
1
1
1
1
1
1
1
1
1
1
1
1
1
1
1
1
1
1
1
1
1
1
1
1
1
1
1
1
1
1
1
1
1
1
1
1
1
1
1
1
1
1
1
1
1
1
1
1
1
1
1
1
1
1
1
1
1
1
1
1
1
1
1
1
1
1
1
1
1
1
1
1
1
1
1
1
1
1
1
1
1
1
1
1
1
1
1
1
1
1
1
1
1
1
1
1
1
1
1
1
1
1
1
1
1
1
1
1
1
1
1
1
1
1
1
1
1
1
1
1
1
1
1
1
1
1
1
1
1
1
1
1
1
1
1
1
1
1
1
1
1
1
1
1
1
1
1
1
1
1
1
1
1
1
1
1
1
1
1
1
1
1
1
1
1
1
1
1
1
1
1
1
1
1
1
1
1
1
1
1
1
1
1
1
1
1
1
1
1
1
1
1
1
1
1
1
1
1
1
1
1
1
1
1
1
1
1
1
1
1
1
1
1
1
1
1
1
1
1
1
1
1
1
1
1
1
1
1
1
1
1
1
1
1
1
1
1
1
1
1
1
1
1
1
1
1
1
1
1
1
1
1
1
1
1
1
1
1
1
1
1
1
1
1
1
1
1
1
1
1
1
1
1
1
1
1
1
1
1
1
1
1
1
1
1
1
1
1
1
1
1
1
1
1
1
1
1
1
1
1
1
1
1
1
1
1
1
1
1
1
1
1
1
1
1
1
1
1
1
1
1
1
1
1
1
1
1
1
1
1
1
1
1
1
1
1
1
1
1
1
1
1
1
1
1
1
1
1
1
1
1
1
1
1
1
1
1
1
1
1
1
1
1
1
1
1
1
1
1
1
1
1
1
1
1
1
1
1
1
1
1
1
1
1
1
1
1
1
1
1
1
1
1
1
1
0.260748
0.353357
0.322955
1
1
0.260748
0.353357
0.322955
1
1
1
1
1
1
0.342351
0.323375
0.379594
0.379833
0.102915
0.291174
0.0696697
0.343633
0.700516
0.701055
0.103122
0.662125
0.611807
0.10739
0.048707
0.143282
0.100243
0.261745
0.990043
0.962422
0.980755
0.980558
0.931001
0.929726
0.0764671
0.344376
0.0696697
0.343633
0.0696697
0.343202
0.102625
0.281973
0.0866935
0.283802
0.277455
0.282896
0.076477
0.344375
1
1
1
1
1
1
1
1
1
1
1
1
1
1
1
1
1
1
1
1
1
1
1
1
1
1
1
1
1
1
1
1
1
1
1
1
1
1
1
1
1
1
1
1
1
1
1
1
1
1
1
1
1
1
1
1
1
1
1
1
1
1
1
1
1
1
1
1
1
1
1
1
1
1
1
1
0.076474
0.268577
0.102915
0.291174
0.0696697
0.343633
0.0696697
0.343202
0.277455
0.0696514
0.276526
0.104128
0.292838
0.899291
0.999983
0.998575
0.794802
0.99356
0.997066
0.104095
0.292609
1
0.999999
1
1
1
1
1
1
1
1
1
1
0.10739
0.048707
0.143282
0.100243
0.261745
0.990043
0.962422
0.980755
0.980558
0.931001
0.929726
0.0764671
0.344376
0.0696514
0.276526
0.0866781
0.284723
0.999967
0.999997
1
1
1
1
0.999903
0.999904
0.999991
0.999991
0.0696697
0.343633
0.0696697
0.343202
0.104161
0.293173
0.0696697
0.277495
0.102625
0.281973
0.924947
0.790256
0.104158
0.293173
0.286839
0.155293
0.10405
0.412648
0.24272
0.0994037
0.282692
0.0806451
0.961485
0.792863
0.929088
0.892839
0.121172
0.177964
0.211765
0.211853
0.0843671
0.253647
0.071746
0.999985
0.999999
1
1
1
1
0.999996
0.999999
0.99999
1
1
1
0.0866935
0.283802
0.277455
0.277455
0.0696697
0.343202
0.0822802
0.282896
0.076477
0.344375
0.101612
0.266457
0.379594
0.379833
0.242995
0.0334223
0.144818
0.0807349
0.299295
0.107577
0.299165
0.107647
0.342351
0.323375
0.299295
0.107577
0.299165
0.107647
0.242995
0.0334223
0.144818
0.0807349
0.076474
0.268577
0.699837
0.0696697
0.664193
0.0696697
0.277455
0.899291
0.999983
0.998575
0.794802
0.99356
0.997066
0.44687
0.102783
0.609768
0.553796
0.988404
0.796921
1
0.999999
1
1
1
1
1
1
1
1
1
1
0.0696514
0.276526
0.0866781
0.284723
0.999967
0.999997
1
1
1
1
0.999903
0.999904
0.999991
0.999991
0.104161
0.293173
0.277495
0.924947
0.790256
0.286839
0.155293
0.10405
0.412648
0.24272
0.0994037
0.282692
0.0806451
0.104158
0.293173
0.961485
0.792863
0.929088
0.892839
0.121172
0.177964
0.211853
0.0843671
0.253647
0.071746
0.211765
0.999985
0.999999
1
1
1
1
0.999996
0.999999
0.99999
1
1
1
0.0696697
0.277455
0.0696697
0.343202
0.101612
0.266457
1
1
1
1
1
1
1
1
1
1
1
1
1
1
1
1
1
1
1
1
1
1
1
1
1
1
1
1
1
1
1
1
1
1
1
1
1
1
1
1
1
1
1
1
1
1
1
1
1
1
1
1
1
1
1
1
1
1
1
1
1
1
1
1
1
1
1
1
1
1
1
1
1
1
1
1
1
1
1
1
1
1
1
1
1
1
1
1
1
1
1
1
1
1
1
1
1
1
1
1
1
1
1
1
1
1
1
1
1
1
1
1
1
1
1
1
1
1
1
1
1
1
1
1
1
1
1
1
1
1
1
1
1
1
1
1
1
1
1
1
1
1
1
1
1
1
1
1
1
1
1
1
1
1
1
1
1
1
1
1
1
1
1
1
1
1
1
1
1
1
1
1
1
1
1
1
1
1
1
1
1
1
1
1
1
1
1
1
1
1
1
1
1
1
1
1
1
1
1
1
1
1
1
1
1
1
1
1
1
1
1
1
1
1
1
1
1
1
1
1
1
1
1
1
1
1
1
1
1
1
1
1
1
1
1
1
1
1
1
1
1
1
1
1
1
1
1
1
1
1
1
1
1
1
0.149845
0.100092
0.106985
0.188469
0.212888
0.229023
0.224602
0.278849
0.102581
0.289957
0.0972393
0.240286
0.0331036
0.141861
0.0795542
0.284979
0.0869368
0.268911
0.0766626
0.344421
0.076313
0.284584
0.267243
0.076313
0.284584
0.0858956
0.279807
0.0858956
0.267243
0.0954783
0.262886
0.267333
0.251024
0.225481
0.292869
0.104361
0.293418
0.10407
0.290688
0.0985592
0.282371
0.102915
0.124629
0.183067
0.214355
0.0834821
0.252839
0.0718375
0.344449
0.0766627
0.284981
0.284981
0.0869368
0.268911
0.0766627
0.293221
0.104216
0.293221
0.104216
0.291932
0.0999679
0.286709
0.103409
0.379595
0.378315
0.607461
0.59907
0.121402
0.425169
0.0945419
0.290346
0.222486
0.523624
0.106013
0.295825
1
1
1
1
1
1
1
1
1
1
1
1
1
1
1
1
1
1
1
1
1
1
0.28583
0.243688
0.581491
0.300431
1
1
0.379595
0.378315
0.607461
0.59907
1
1
0.121397
0.425166
0.222485
0.523622
1
1
1
1
0.344449
0.0766627
0.284981
0.28498
0.0869341
0.268907
0.0766619
0.292198
0.101902
0.287823
0.103752
0.291773
0.0999541
0.286686
0.10333
0.28671
0.0869369
0.268911
0.0999683
0.291939
0.104246
0.293269
0.103413
0.291938
0.0999682
0.28671
0.103413
0.293269
0.104391
0.293504
0.104246
0.344263
0.0749884
0.283093
0.284554
0.0858581
0.267118
0.0763047
0.26929
0.296157
0.075195
0.263855
0.0952662
0.279058
0.0851579
0.262059
0.0824833
0.262059
0.0824833
0.283095
0.344293
0.0749884
0.28671
0.103414
0.291939
0.0999683
0.26891
0.0766626
0.28497
0.0869368
0.255494
0.251344
0.21568
0.240109
0.174995
0.119071
1
1
1
1
1
1
1
1
0.149845
0.100092
0.106985
0.188469
0.212888
0.229023
0.224602
0.278849
0.102581
0.289957
0.0972393
0.240286
0.0331036
0.141861
0.0795542
0.291932
0.0999679
0.286709
0.103409
0.293221
0.104216
0.293221
0.104216
0.268911
0.0766627
0.284981
0.0869368
0.286709
0.103409
0.291932
0.0999679
1
1
1
1
1
1
1
1
0.28497
0.0869368
0.26891
0.0766626
0.344293
0.0749884
0.283095
0.283095
0.344293
0.0749884
0.262059
0.0824833
0.262059
0.0824833
0.2936
0.104435
0.293561
0.104454
0.29361
0.104459
0.293612
0.104458
0.293275
0.103414
0.291939
0.10425
0.293559
0.104455
0.293606
0.104425
0.262886
0.267333
0.251024
0.225481
0.292869
0.104361
0.293418
0.10407
0.290688
0.0985592
0.282371
0.102915
0.124629
0.183067
0.214355
0.0834821
0.252839
0.0718375
0.293559
0.10425
0.293275
0.104425
0.293606
0.104459
0.293612
0.104455
0.293574
0.104376
0.293452
0.104441
0.293604
0.104459
0.293611
0.104456
1
1
1
1
1
1
1
1
0.28671
0.103414
0.291939
0.0999683
0.268911
0.0766627
0.284981
0.0869368
0.268911
0.0999683
0.28671
0.0869368
0.284981
0.344449
0.0766627
0.286372
0.086903
0.268857
0.0997596
0.290265
0.0997596
0.286372
0.102368
0.344445
0.0766034
0.284915
0.284972
0.086903
0.268857
0.0766549
0.344448
0.0766549
0.284973
0.284981
0.0869368
0.268911
0.0766627
0.293221
0.104216
0.293221
0.104216
0.291932
0.0999679
0.286709
0.103409
0.344449
0.0766627
0.284981
0.28498
0.0869341
0.268907
0.292198
0.101902
0.287823
0.103752
0.291773
0.0999541
0.286686
0.10333
0.255494
0.251344
0.21568
0.240109
0.174995
0.119071
1
1
1
1
1
1
1
1
0.291932
0.0999679
0.286709
0.103409
0.293221
0.104216
0.293221
0.104216
0.268911
0.0766627
0.284981
0.0869368
0.286709
0.103409
0.291932
0.0999679
1
1
1
1
1
1
1
1
0.2936
0.104435
0.293561
0.104454
0.29361
0.104459
0.293612
0.104458
0.293275
0.103414
0.291939
0.10425
0.293559
0.104455
0.293606
0.104425
1
1
1
1
1
1
1
1
0.28671
0.0869368
0.268911
0.0999683
0.291939
0.104251
0.293277
0.103414
0.294681
0.107835
0.299417
0.105067
0.293758
0.104435
0.293575
0.104542
0.28583
0.243688
0.581491
0.300431
1
1
1
1
1
1
1
1
1
1
1
1
1
1
1
1
1
1
1
1
1
1
1
1
1
1
1
1
1
1
1
1
1
1
1
1
1
1
1
1
1
1
1
1
1
1
1
1
1
1
0.289104
0.347849
0.298345
0.29278
0.29278
0.298345
0.300144
0.300144
0.299784
0.300092
0.299784
0.300092
0.292779
0.274061
0.274061
0.289104
0.28421
0.243466
0.29278
0.298346
0.300082
0.300152
0.289104
0.347849
0.296539
0.292411
0.298345
0.29278
0.289095
0.347849
0.256493
0.235465
0.24495
0.22382
0.29932
0.296988
0.0946485
0.203248
0.0903505
0.103862
0.122389
0.122198
0.215728
0.269795
0.247995
0.290341
0.268708
0.979252
0.979461
0.928219
0.927662
0.274061
0.29278
0.300144
0.300092
0.347819
0.289102
0.299784
0.298345
0.300091
0.299784
0.289104
0.274061
0.299779
0.300035
0.274061
0.29278
0.268911
0.0999679
0.286709
0.0869369
0.284981
0.34445
0.0766627
0.28667
0.103126
0.291396
0.099941
0.268923
0.0766669
0.284989
0.0869405
0.366345
0.37748
0.793316
0.92995
0.995758
0.980665
0.485805
0.25935
0.231483
0.237582
0.293504
0.104246
0.293269
0.104391
0.293269
0.103413
0.291938
0.104246
0.284979
0.344421
0.0766626
0.268911
0.0999682
0.28671
0.0869368
0.10605
0.296808
0.104437
0.29626
0.27611
0.269946
0.295911
0.50354
0.977151
0.99446
0.923939
0.790213
0.26892
0.0999696
0.28672
0.0869401
0.284985
0.344449
0.0766649
0.286709
0.103409
0.291932
0.0999679
0.268911
0.284981
0.0869369
0.0867074
0.286251
0.0822801
0.282855
0.379443
0.377487
0.24909
0.225054
0.244636
0.213313
0.0793826
0.141828
0.622043
0.656947
0.258048
0.23804
0.278939
0.259766
0.0867156
0.28478
0.0822801
0.282855
0.0696697
0.277455
0.0716546
0.252529
0.183315
0.179356
0.0711731
0.252402
0.225802
0.221363
0.104431
0.284515
0.927936
0.893014
0.267253
0.774513
0.789921
0.788762
0.503545
0.49921
0.336911
0.0696641
0.3432
0.344219
0.0866782
0.284763
1
1
1
1
1
1
1
1
1
1
1
1
1
1
1
1
1
1
1
1
1
1
1
1
1
1
1
1
1
1
1
1
1
1
1
1
1
1
1
1
1
1
1
1
1
1
1
1
1
1
1
1
1
1
1
1
1
1
1
1
1
1
1
1
1
1
1
1
1
1
1
1
1
1
1
1
1
1
1
1
1
1
1
1
1
1
1
1
1
1
1
1
1
1
1
1
1
1
1
1
1
1
1
1
1
1
1
1
1
1
1
1
1
1
1
1
1
1
1
1
1
1
1
1
1
1
1
1
1
1
1
1
1
1
1
1
1
1
1
1
1
1
1
1
1
1
1
1
1
1
1
1
1
1
1
1
1
1
1
1
1
1
1
1
1
1
1
1
1
1
1
1
1
1
1
1
1
1
1
1
1
1
1
1
1
1
1
1
1
1
1
1
1
1
1
1
1
1
1
1
1
1
1
1
1
1
1
1
1
1
1
1
1
1
1
1
1
0.995201
0.995248
0.794152
0.791641
0.247835
0.256856
0.498851
0.493229
0.103044
0.286285
0.503422
0.497411
0.791115
0.588192
0.430492
0.437815
0.998803
0.990256
0.913545
0.963112
0.378476
0.129782
0.391323
0.131946
1
1
1
1
0.999843
0.999968
1
0.999998
0.0553623
0.203669
0.166828
0.31991
0.0872069
0.24512
0.255231
0.235489
0.203217
0.378321
0.128952
0.36468
0.127813
0.999137
0.999144
0.999999
0.999999
1
1
1
1
1
1
1
1
1
1
1
1
1
1
1
1
1
1
1
1
1
1
1
1
1
1
1
1
0.0867074
0.286251
0.0822801
0.282855
0.0696697
0.277455
0.0696697
0.343202
0.336325
0.0996904
0.291508
0.120875
0.119225
0.212176
0.242654
0.240536
0.297701
0.961635
0.672341
0.926058
0.925524
0.286091
0.285003
0.0984083
0.290549
0.999997
1
1
1
1
1
0.999986
0.999986
1
1
0.379443
0.377487
0.24909
0.225054
0.244636
0.213313
0.0793826
0.141828
0.622043
0.656947
0.258048
0.23804
0.278939
0.259766
0.0867156
0.28478
0.336325
0.0696642
0.343786
1
1
1
1
1
1
1
1
1
1
0.0822801
0.282855
0.277455
0.104128
0.293167
0.0764746
0.343788
0.0716546
0.252529
0.183315
0.179356
0.225802
0.221363
0.927936
0.893014
0.267253
0.774513
0.789921
0.788762
0.503545
0.49921
0.287659
0.499018
0.104159
0.293172
0.584871
0.195122
0.517803
0.220111
0.298564
0.105592
0.295255
0.107262
0.675484
0.488572
0.772955
0.265371
0.2443
0.21949
0.0981942
0.251429
0.296028
0.100915
0.286411
0.105916
0.999989
1
1
1
1
1
1
1
0.999999
0.999999
1
1
1
1
1
1
1
1
1
1
1
1
1
1
0.336911
0.0696641
0.3432
0.0696697
0.343202
0.277455
0.0764669
0.344219
0.0866782
0.284763
0.995431
0.988973
0.961132
0.792227
0.240971
0.650319
0.490046
0.683131
0.0535631
0.201806
0.316723
0.162288
0.238375
0.62219
0.589647
0.197861
0.999195
0.999952
0.999996
0.999999
1
1
1
1
1
1
1
1
1
1
1
1
0.79718
0.796299
0.492178
0.487612
0.995925
0.996023
0.999311
0.999336
0.298345
0.299782
0.296347
0.299365
0.219182
0.226817
0.232939
0.23145
0.347492
0.170217
0.103951
0.130597
0.146793
0.0381226
0.0471888
0.227408
0.202843
0.239781
0.24466
0.124712
0.166542
0.205427
0.0941469
0.268043
0.0716935
0.261263
0.274619
0.493181
0.253585
0.247374
0.92741
0.791928
0.979219
0.99524
0.371386
0.128033
0.378262
0.128996
0.319579
0.122624
0.377942
0.127807
1
1
1
1
1
1
0.999999
0.999999
1
1
1
1
1
1
1
1
1
1
1
1
1
1
1
1
1
1
1
1
0.999988
0.999999
0.999883
0.999146
0.274061
0.289104
0.292779
0.274061
0.347849
0.289104
0.299724
0.298338
0.285036
0.0867285
0.268573
0.0989229
0.285036
0.0867286
0.268574
0.0989229
0.284981
0.0869368
0.268911
0.0766627
0.344445
0.0766034
0.284915
0.344269
0.0766033
0.284903
0.282936
0.0822715
0.26131
0.0749222
0.29603
0.282793
0.2678
0.0817456
0.258671
0.0738704
0.243969
0.300054
0.299985
0.255119
0.287892
0.293613
0.293611
0.104459
0.293613
0.104459
0.293613
0.104459
0.293559
0.10425
0.293275
0.104425
0.293606
0.104459
0.293612
0.104455
0.301205
0.297713
0.293582
0.104455
0.293605
0.104442
0.293487
0.10415
0.293037
0.104391
0.25127
0.0711009
0.209716
0.0831195
0.282394
0.103061
0.290956
0.0986542
0.257968
0.264123
0.498023
0.284604
0.994881
0.978251
0.791079
0.925761
1
1
1
1
0.999053
0.999866
0.999999
0.999986
0.298345
0.299784
0.300151
0.300151
0.347849
0.289104
0.299784
0.298345
0.366345
0.37748
0.268911
0.0999679
0.286709
0.0869369
0.284981
0.34445
0.0766627
0.28667
0.103126
0.291396
0.099941
0.268923
0.0766669
0.284989
0.0869405
0.793316
0.92995
0.995758
0.980665
0.485805
0.25935
0.231483
0.237582
0.293221
0.103409
0.291932
0.104216
0.293221
0.103409
0.291932
0.104216
0.284981
0.344449
0.0766627
0.268911
0.0999679
0.286709
0.0869368
0.999999
0.999991
0.999276
0.999906
1
1
1
1
0.299765
0.29834
0.347849
0.289104
0.300144
0.300144
0.29278
0.298345
0.293552
0.10425
0.293275
0.104421
0.293552
0.10425
0.293275
0.104421
0.26891
0.0766626
0.28497
0.0869368
0.28671
0.103414
0.291939
0.0999683
0.28671
0.103414
0.291939
0.0999683
0.268911
0.0766627
0.284981
0.0869368
0.268911
0.0999683
0.28671
0.0869368
0.284981
0.344449
0.0766627
0.995522
0.980016
0.792686
0.928819
0.240082
0.245911
0.489246
0.266815
0.289104
0.27406
0.300042
0.29977
0.0510701
0.156199
0.104646
0.0884997
0.237715
0.23332
0.196259
0.22142
0.29706
0.288046
0.10605
0.296808
0.104437
0.29626
0.27611
0.269946
0.295911
0.50354
0.977151
0.99446
0.923939
0.790213
0.0896648
0.0711743
0.211805
0.29075
0.104097
0.292934
0.102935
0.282202
0.0830581
0.251731
0.0984704
0.296028
0.107254
0.298564
0.105911
1
1
1
1
1
1
1
1
1
1
1
1
0.999879
0.999887
0.999988
0.999989
0.999216
0.999895
0.999999
0.99999
1
1
1
1
1
1
1
1
1
1
1
1
1
1
1
1
0.999844
0.998941
0.999983
0.999999
0.299784
0.298345
0.347682
0.289092
0.285408
0.272259
0.266745
0.287073
0.291939
0.0999683
0.28671
0.103414
0.293275
0.104425
0.293558
0.10425
0.293275
0.103414
0.291939
0.10425
0.293558
0.10445
0.2936
0.104425
0.284981
0.268911
0.0766627
0.344445
0.0766034
0.284915
0.285036
0.268574
0.0989229
0.285036
0.268574
0.0989229
0.259083
0.236805
0.932776
0.981906
0.219474
0.226121
0.273261
0.283266
0.116692
0.0417613
0.26892
0.0999696
0.28672
0.0869401
0.284985
0.344449
0.0766649
0.286709
0.103409
0.291932
0.0999679
0.268911
0.0766627
0.284981
0.0869369
0.221368
0.523279
0.589013
0.197485
0.233279
0.633812
0.621527
0.237914
0.292291
0.103363
0.291845
0.103796
0.287698
0.0936981
0.266706
0.101866
0.121117
0.425508
0.162
0.316523
0.268035
0.777367
0.682548
0.489994
0.246672
0.639355
0.240507
0.649662
0.928501
0.893673
0.792511
0.961167
0.979847
0.997604
0.989
0.995468
1
1
0.999993
0.999921
1
1
1
1
1
1
1
1
1
1
1
1
1
1
1
1
1
1
1
1
1
1
1
1
1
1
1
1
0.999989
1
0.999999
0.999996
0.999893
0.999606
0.999204
0.999953
0.227408
0.202843
0.239781
0.24466
0.124712
0.166542
0.205427
0.268043
0.0716935
0.261263
0.274619
0.493181
0.253585
0.247374
0.92741
0.791928
0.979219
0.99524
0.371386
0.128033
0.378262
0.128996
0.319579
0.122624
0.377942
0.127807
0.79718
0.796299
0.492178
0.487612
0.995925
0.996023
0.999311
0.999336
0.298345
0.299782
0.296347
0.299365
0.219182
0.226817
0.232939
0.23145
0.347492
0.0946347
0.170217
0.103951
0.130597
0.146793
0.0381226
0.0471888
1
1
1
1
1
1
1
1
1
1
1
1
0.999988
0.999999
0.999883
0.999146
1
1
1
1
1
1
0.999999
0.999999
1
1
1
1
1
1
1
1
0.289104
0.347849
0.298345
0.29278
0.29278
0.298345
0.300144
0.300144
0.274061
0.289104
0.292779
0.274061
0.347849
0.289104
0.299724
0.298338
0.293582
0.104455
0.293605
0.104442
0.293487
0.10415
0.293037
0.104391
0.25127
0.0711009
0.209716
0.0831195
0.282394
0.103061
0.290956
0.0986542
0.301205
0.297713
0.257968
0.264123
0.498023
0.284604
0.994881
0.978251
0.791079
0.925761
0.299784
0.300092
0.299784
0.300092
0.292779
0.274061
0.274061
0.289104
0.243969
0.300054
0.299985
0.255119
0.287892
1
1
1
1
0.999053
0.999866
0.999999
0.999986
0.293221
0.103409
0.291932
0.104216
0.293221
0.103409
0.291932
0.104216
0.284981
0.344449
0.0766627
0.268911
0.0999679
0.286709
0.0869368
0.28421
0.243466
0.29278
0.298346
0.300082
0.300152
0.298419
0.299793
0.300151
0.300151
0.347849
0.289104
0.299784
0.298345
0.999999
0.999991
0.999276
0.999906
1
1
1
1
0.28671
0.103413
0.291938
0.0999682
0.268911
0.0766627
0.284981
0.0869368
0.268911
0.0999683
0.28671
0.0869368
0.284981
0.344449
0.0766627
0.298919
0.383254
0.274293
0.298487
0.298345
0.29278
0.288684
0.34782
0.299765
0.29834
0.347849
0.289104
0.300144
0.300144
0.29278
0.298345
0.0896648
0.0711743
0.211805
0.29075
0.104097
0.292934
0.102935
0.282202
0.0830581
0.251731
0.0984704
0.296028
0.107254
0.298564
0.105911
0.256493
0.235465
0.24495
0.22382
0.29932
0.296988
0.0946485
0.203248
0.0903505
0.103862
0.122389
0.122198
0.215728
0.269795
0.247995
0.290341
0.268708
0.979252
0.979461
0.928219
0.927662
0.995522
0.980016
0.792686
0.928819
0.240082
0.245911
0.489246
0.266815
0.289104
0.27406
0.300042
0.29977
0.0510701
0.156199
0.104646
0.0884997
0.237715
0.23332
0.196259
0.22142
0.29706
0.288046
1
1
1
1
0.999844
0.998941
0.999983
0.999999
1
1
1
1
1
1
1
1
1
1
1
1
0.999879
0.999887
0.999988
0.999989
0.999216
0.999895
0.999999
0.99999
1
1
1
1
1
1
1
1
1
1
1
1
0.494104
0.434098
0.462777
0.499769
0.505332
0.499769
0.505332
0.385647
0.119973
0.31885
0.257749
0.462777
0.494104
0.434098
0.274061
0.29278
0.300144
0.300092
0.347819
0.289102
0.299784
0.298345
0.299784
0.298345
0.347682
0.289092
0.285408
0.272259
0.266745
0.287073
0.221368
0.523279
0.589013
0.197485
0.233279
0.633812
0.621527
0.237914
0.292291
0.103363
0.291845
0.103796
0.287698
0.0936981
0.266706
0.101866
0.121117
0.425508
0.162
0.316523
0.268035
0.777367
0.682548
0.489994
0.246672
0.639355
0.240507
0.649662
0.928501
0.893673
0.792511
0.961167
0.979847
0.997604
0.989
0.995468
0.300091
0.299784
0.289104
0.274061
0.299779
0.300035
0.274061
0.29278
0.259083
0.236805
0.932776
0.981906
0.219474
0.226121
0.273261
0.283266
0.116692
0.0417613
1
1
1
1
1
1
1
1
1
1
1
1
1
1
1
1
1
1
1
1
1
1
1
1
0.999989
1
0.999999
0.999996
0.999893
0.999606
0.999204
0.999953
1
1
0.999993
0.999921
1
1
1
1
0.995201
0.995248
0.794152
0.791641
0.247835
0.256856
0.498851
0.493229
0.503422
0.497411
0.791115
0.588192
0.430492
0.990256
0.998803
0.913545
0.963112
0.378476
0.129782
0.391323
0.103044
0.286285
1
1
1
1
0.999968
0.999843
1
0.999998
0.0553623
0.203669
0.166828
0.31991
0.0872069
0.24512
0.255231
0.235489
0.203217
0.378321
0.128952
0.36468
0.127813
0.999137
0.999144
0.999999
0.999999
1
1
1
1
1
1
1
1
1
1
1
1
1
1
1
1
1
1
1
1
1
1
1
1
1
1
1
1
0.0696697
0.343202
0.120875
0.119225
0.212176
0.242654
0.240536
0.297701
0.961635
0.672341
0.926058
0.925524
0.286091
0.285003
0.999997
1
1
1
1
1
0.999986
0.999986
1
1
0.336325
0.0696642
0.343786
1
1
1
1
1
1
1
1
1
1
0.104128
0.293167
0.343788
0.287659
0.499018
0.584871
0.195122
0.220111
0.517803
0.298564
0.105592
0.295255
0.107262
0.104159
0.293172
0.675484
0.488572
0.265371
0.772955
0.2443
0.21949
0.296028
0.100915
0.286411
0.105916
0.0981942
0.251429
0.999989
1
1
1
1
1
1
1
0.999999
0.999999
1
1
1
1
1
1
1
1
1
1
1
1
1
1
0.0696697
0.343202
0.277455
0.995431
0.988973
0.961132
0.792227
0.240971
0.650319
0.490046
0.683131
0.0535631
0.201806
0.316723
0.162288
0.238375
0.62219
0.589647
0.197861
0.999195
0.999952
0.999996
0.999999
1
1
1
1
1
1
1
1
1
1
1
1
1
1
1
1
1
1
1
1
1
1
1
1
1
1
1
1
1
1
1
1
1
1
1
1
1
1
1
1
1
1
1
1
1
1
1
1
1
1
1
1
1
1
1
1
1
1
1
1
1
1
1
1
1
1
1
1
1
1
1
1
1
1
1
1
1
1
1
1
1
1
1
1
1
1
1
1
1
1
1
1
1
1
1
1
1
1
1
1
1
1
1
1
1
1
1
1
1
1
1
1
1
1
1
1
1
1
1
1
1
1
1
1
1
1
1
1
1
1
1
1
1
1
1
1
1
1
1
1
1
1
1
1
1
1
1
1
1
1
1
1
1
1
1
1
1
1
1
1
1
1
1
1
1
1
1
1
1
1
1
1
1
1
1
1
1
1
1
1
1
1
1
1
1
1
1
1
1
1
1
1
1
1
1
1
1
1
1
1
1
1
1
1
1
1
1
1
1
1
1
1
1
1
1
1
1
1
1
1
1
1
1
1
1
1
1
1
1
1
1
1
1
1
1
1
1
1
1
1
1
1
1
1
1
1
1
1
1
1
1
1
1
1
1
1
1
1
1
1
1
1
1
1
1
1
1
1
1
1
1
1
1
1
1
1
1
1
1
1
1
1
1
1
1
1
1
1
1
1
1
1
1
1
1
1
1
1
1
1
1
1
1
1
1
1
1
1
1
1
1
1
1
1
1
1
1
1
1
1
1
1
1
1
1
1
1
1
1
1
1
1
1
1
1
1
1
1
1
1
1
1
1
1
1
1
1
1
1
1
1
1
1
1
1
1
1
1
1
1
1
1
1
1
1
1
1
1
1
1
1
1
1
1
1
1
1
1
1
1
1
1
1
1
1
1
1
1
1
1
1
1
1
1
1
1
1
1
1
1
1
1
1
1
1
1
1
1
1
1
1
1
1
1
1
1
1
1
1
1
1
1
1
1
1
1
1
1
1
1
1
1
1
1
1
1
1
1
1
1
1
1
1
1
1
1
1
1
1
1
1
1
1
1
1
1
1
1
1
1
1
1
1
1
1
1
1
1
1
1
1
1
1
1
1
1
1
1
1
1
1
1
1
1
1
1
1
1
1
1
1
1
1
1
1
1
1
1
1
1
1
1
1
1
1
1
1
1
1
1
1
1
1
1
1
1
1
1
1
1
1
1
1
1
1
1
1
1
1
1
1
1
1
1
1
1
1
1
1
1
1
1
1
1
1
1
1
1
1
1
1
1
1
1
1
1
1
1
1
1
1
1
1
1
1
1
1
1
1
1
1
1
1
1
1
1
1
1
1
1
1
1
1
1
1
1
1
1
1
1
1
1
1
1
1
1
1
1
1
1
1
1
1
1
1
1
1
1
1
1
1
1
1
1
1
1
1
1
1
1
1
1
1
1
1
1
1
1
1
1
1
1
1
1
1
1
1
1
1
1
1
1
1
1
1
1
1
1
1
1
1
1
1
1
1
1
1
1
1
1
1
1
1
1
1
1
1
1
1
1
1
1
1
1
1
1
1
1
1
1
1
1
1
1
1
1
1
1
1
1
1
1
1
1
1
1
1
1
1
1
1
1
1
1
1
1
1
1
1
1
1
1
1
1
1
1
1
1
1
1
1
1
1
1
1
1
1
1
1
1
1
1
1
1
1
1
1
1
1
1
1
1
1
1
1
1
1
1
1
1
1
1
1
1
1
1
1
1
1
1
1
1
1
1
1
1
1
1
1
1
1
1
1
1
1
1
1
1
1
1
1
1
1
1
1
1
1
1
1
1
1
1
1
1
1
1
1
1
1
1
1
1
1
1
1
1
1
1
1
1
1
1
1
1
1
1
1
1
1
1
1
1
1
1
1
1
1
1
1
1
1
1
1
1
1
1
1
1
1
1
1
1
1
1
1
1
1
1
1
1
1
1
1
1
1
1
1
1
1
1
1
1
1
1
1
1
1
1
1
1
1
1
1
1
1
1
1
1
1
1
1
1
1
1
1
1
1
1
1
0.3432
0.0696641
0.293171
0.104158
0.277455
0.293166
0.104146
0.296934
0.106067
0.296801
0.105686
0.336911
0.0866935
0.283802
0.343202
0.0696697
0.209655
0.0829435
0.0945402
0.290344
0.106013
0.295824
0.0711731
0.252402
0.104431
0.284515
0.0696514
0.276526
0.104128
0.292838
0.0696697
0.343202
0.104095
0.292609
0.0869369
0.268911
0.28671
0.0999683
0.291939
0.104246
0.293269
0.103413
0.291938
0.0999682
0.28671
0.103413
0.293269
0.104391
0.293504
0.104246
0.268574
0.0989229
0.285036
0.0867286
0.284915
0.344445
0.0766034
0.28671
0.103414
0.291939
0.0999683
0.268911
0.0766627
0.284981
0.0869368
0.28671
0.103414
0.291939
0.0999683
0.268911
0.0766627
0.284981
0.0869368
0.268911
0.0999683
0.28671
0.0869368
0.284981
0.344449
0.0766627
0.268573
0.0989229
0.285036
0.0867285
0.284904
0.344289
0.0766033
0.262057
0.0749883
0.283054
0.0824833
0.262059
0.0749884
0.283095
0.0824834
0.293559
0.10425
0.293275
0.104425
0.293606
0.104459
0.293612
0.104455
0.104376
0.293452
0.293574
0.104441
0.293604
0.104459
0.293611
0.104456
0.257749
0.385647
0.31885
0.119973
0.299417
0.105067
0.294681
0.107835
0.293277
0.103414
0.291939
0.104251
0.293575
0.104542
0.293758
0.104435
0.336325
0.0996904
0.291508
0.277455
0.0984083
0.290549
0.291602
0.103205
0.291602
0.103205
0.286655
0.0869326
0.268904
0.0999344
0.284981
0.0869368
0.268911
0.0766627
0.344449
0.0766619
0.28498
0.104458
0.293611
0.293613
0.293613
0.104459
0.293613
0.104459
0.293559
0.10425
0.293275
0.104425
0.293606
0.104459
0.293612
0.104455
0.268902
0.0999344
0.286655
0.0869325
0.284939
0.343859
0.0766618
0.277658
0.343703
0.0698252
0.244811
0.0698253
0.277669
0.0698253
1
1
1
1
1
1
1
1
1
1
1
1
1
1
1
1
1
1
1
1
1
1
1
1
1
1
1
1
1
1
0.999015
1
0.998835
0.999015
1
0.998835
0.99884
1
0.99884
0.99884
1
0.998876
0.999015
1
0.998876
0.998835
1
0.999015
0.999298
1
0.998835
0.999298
1
0.998835
0.998835
1
0.999473
1
0.999351
0.999316
1
0.999033
0.999482
1
0.998856
0.999316
1
0.999493
0.999522
1
0.999351
0.999487
1
0.999351
0.999316
1
0.999493
0.999356
1
0.998861
0.999527
1
0.999316
0.998897
1
0.999351
0.999316
1
0.999033
0.999482
1
0.999493
0.999351
1
0.999351
0.999493
1
0.998856
0.999316
1
0.999493
0.999522
1
0.998867
0.999356
1
0.999493
0.999527
1
0.999351
0.999487
1
0.999351
0.999316
1
0.999493
0.998896
1
0.998848
0.998861
1
0.998856
0.99878
1
1
1
1
1
1
1
0.999493
0.999356
1
0.998861
0.999527
1
0.999351
0.999493
1
0.999487
0.999351
1
0.999316
0.998897
0.998876
1
0.999304
0.999298
1
0.999474
0.998876
1
0.998835
0.999298
1
0.998835
0.998826
1
0.999298
0.998835
1
0.999015
0.999473
1
0.998755
1
1
1
0.998835
1
0.999304
0.999304
1
0.999056
1
0.999493
0.999351
1
0.999351
0.999493
1
0.998867
0.999356
1
0.999493
0.999527
1
0.999493
0.998896
1
0.998848
0.998861
1
0.998856
0.99878
1
1
1
1
1
1
1
0.999351
0.999493
1
0.999487
0.999351
1
1
1
1
1
1
1
1
1
1
1
1
1
1
1
1
1
1
1
1
1
1
1
1
1
1
1
1
1
1
1
1
1
1
1
1
1
1
1
1
1
1
1
1
1
1
1
1
1
1
1
1
1
1
1
1
1
1
1
1
1
1
1
1
1
1
1
1
1
1
1
1
1
1
1
1
1
1
1
1
1
1
1
1
1
1
1
1
1
1
1
1
1
1
1
1
1
1
1
1
1
1
1
1
1
1
1
1
1
1
1
1
1
1
1
1
1
1
1
1
1
1
1
1
1
1
1
1
1
1
1
1
1
1
1
1
1
1
1
1
1
1
1
1
1
1
1
1
1
1
1
1
1
1
1
1
1
1
1
1
1
1
1
1
1
1
1
1
1
1
1
1
1
1
1
1
1
1
1
1
1
1
1
1
1
1
1
1
1
1
1
1
1
1
1
1
1
1
1
1
1
1
1
1
1
1
1
1
1
1
1
1
1
1
1
1
1
1
1
1
1
1
1
1
1
1
1
1
1
1
1
1
1
1
1
1
1
1
1
1
1
1
1
1
1
1
1
1
1
1
1
1
1
1
1
1
1
1
1
1
1
1
1
1
1
1
1
1
1
1
1
1
1
1
1
1
1
1
1
1
1
1
1
1
1
1
1
1
1
1
1
1
1
1
1
1
1
1
1
1
1
1
1
1
1
1
1
1
1
1
1
1
1
1
1
1
1
1
1
1
1
1
1
1
1
1
1
1
1
1
1
1
1
1
1
1
1
1
1
1
1
1
1
1
1
1
1
1
1
1
1
1
1
1
1
1
1
1
1
1
1
1
1
1
1
1
1
1
1
1
1
1
0.999986
0.999867
0.992657
1
1
1
1
1
1
1
1
1
0.999979
1
1
1
1
1
1
1
1
1
1
1
1
1
1
1
1
1
1
1
1
1
1
1
0.999863
0.999986
0.992712
1
1
1
1
1
1
0.999979
1
1
1
1
1
1
1
1
1
1
1
1
1
1
1
1
1
1
1
1
1
1
1
1
1
1
1
1
1
1
1
1
1
1
1
1
1
1
1
1
1
1
1
1
1
1
1
1
1
1
1
1
1
1
1
1
1
1
1
1
1
0.999999
1
1
1
1
1
1
1
1
1
1
1
1
1
1
1
1
1
1
1
1
1
1
1
1
0.999999
1
0.999818
1
1
1
1
1
1
1
1
1
1
1
1
1
1
1
1
1
1
1
1
1
1
1
1
1
1
1
1
1
1
0.999999
1
1
0.999863
0.999986
0.992712
1
1
1
1
1
1
0.999983
1
1
1
1
1
1
1
1
1
1
1
1
1
1
1
1
1
1
1
1
0.999979
1
1
1
1
1
0.999982
0.999988
0.999998
1
1
1
0.999117
0.999981
0.999863
0.999847
0.999999
0.999998
0.999982
1
1
1
1
1
1
1
1
1
1
1
1
1
1
1
1
1
1
0.999999
0.999817
1
1
1
1
1
1
1
1
1
1
1
1
1
1
1
1
1
1
0.999999
1
1
1
1
1
0.999117
0.999981
0.999863
0.999847
1
1
1
1
0.999983
1
0.999999
0.999998
0.999982
1
1
1
1
1
1
1
1
1
1
1
1
1
1
1
1
0.999999
1
1
1
1
1
1
1
1
1
1
1
1
0.999999
1
0.999818
1
1
1
1
1
1
1
1
1
1
1
1
1
1
1
1
1
1
1
1
1
0.999999
1
1
1
1
1
1
1
1
0.999983
1
1
1
1
1
1
1
1
1
1
1
1
1
1
0.999982
0.999988
0.999998
1
1
1
1
1
1
1
1
1
1
1
1
1
1
1
1
1
1
1
1
1
1
1
1
1
1
1
1
1
1
1
1
1
1
1
1
1
1
1
1
1
1
1
1
1
1
1
1
1
1
1
1
1
1
1
1
1
1
1
1
1
1
1
1
1
1
1
1
1
1
1
1
1
1
1
1
1
1
1
1
1
1
1
1
1
1
1
1
1
1
1
1
1
1
1
1
1
1
1
1
1
1
1
1
1
1
1
1
1
1
1
1
1
1
1
1
1
1
1
1
1
1
1
1
1
1
1
1
1
1
1
1
0.260743
0.657715
0.987107
0.80632
0.801249
1
1
1
1
1
1
1
1
1
1
1
1
1
1
1
1
1
1
1
1
1
0.987107
0.80632
0.801248
1
1
1
1
1
1
1
1
1
1
1
1
1
1
1
1
1
1
0.252637
1
1
0.260743
0.657715
1
1
1
1
0.252637
1
1
1
1
1
1
1
1
1
1
1
1
1
1
1
1
1
1
1
1
1
1
1
1
1
1
1
1
1
1
1
1
1
1
1
1
1
1
1
1
1
1
1
1
1
1
1
1
1
1
1
1
1
1
1
1
1
1
1
1
1
1
1
1
1
1
1
1
1
0.958118
0.969616
0.999863
0.999846
0.962754
0.992799
0.993695
0.725067
0.805414
0.994497
0.805712
0.806146
0.263071
0.683054
0.988764
0.994547
0.815903
0.993839
0.801893
0.994035
0.862032
0.805009
0.847264
0.996893
0.862889
0.996096
0.843885
0.844021
0.957483
0.967787
0.999844
0.999866
0.993084
0.962647
0.805125
0.99685
0.861905
0.996054
0.801357
0.84306
0.847264
0.996893
0.862889
0.996096
0.844021
0.844021
0.847266
0.996929
0.863614
0.996296
0.862889
0.847264
0.964975
0.806133
0.785368
0.800583
0.968426
0.782588
0.991557
0.999991
0.995827
0.999997
0.999981
0.99803
0.969705
0.99995
0.98318
0.999965
0.973864
0.98573
0.99998
0.999855
0.991552
0.801763
0.996092
0.843856
0.997089
0.866726
0.86587
0.863614
0.996296
0.847266
0.996929
0.847943
0.863615
0.844021
0.996092
0.843885
0.996853
0.805125
0.862032
0.804993
0.996849
0.861903
0.996052
0.802604
0.843044
1
1
1
1
1
1
1
1
1
1
1
1
1
1
1
1
1
1
1
1
1
1
1
1
1
1
1
1
1
1
1
1
1
1
1
1
1
1
1
1
1
1
1
1
1
1
1
1
1
1
1
1
1
1
1
1
1
1
1
1
1
1
1
1
1
1
1
1
1
1
1
1
1
1
1
1
1
1
1
1
1
1
1
1
1
1
1
1
1
1
1
1
1
1
1
1
1
1
1
1
1
1
1
1
1
1
1
1
1
1
1
1
1
1
1
1
1
1
1
1
1
1
1
1
1
1
1
1
1
1
1
1
1
1
1
1
1
1
1
1
1
1
1
1
1
1
1
1
1
1
1
1
1
1
1
1
1
1
1
1
1
1
1
1
1
1
1
1
1
1
1
1
1
1
1
1
1
1
1
1
1
1
1
1
1
1
1
1
1
1
1
1
1
1
1
1
1
1
1
1
1
1
1
1
1
1
1
1
1
1
1
1
1
1
1
1
1
1
1
1
1
1
1
1
1
1
1
1
1
1
1
1
1
1
1
1
1
1
1
1
1
1
1
1
1
1
1
1
1
1
1
1
1
1
1
1
1
1
1
1
1
1
1
1
1
1
1
1
1
1
1
1
1
1
1
1
1
1
1
1
1
1
1
1
1
1
1
1
1
1
1
1
1
1
1
1
1
1
1
1
1
1
1
0.982758
0.999782
0.999951
0.969618
0.997523
0.996238
0.882656
0.651481
0.991412
1
0.99998
0.999859
0.843043
0.994723
0.815899
0.993949
0.778223
0.804927
0.92324
0.999036
0.999046
0.92317
1
0.999869
0.999996
0.999876
1
1
0.999999
1
0.894047
0.998944
0.968428
0.922947
0.645747
0.854087
1
1
1
1
0.999584
0.999988
1
1
0.999983
1
1
1
1
1
1
1
1
1
1
1
1
1
1
1
1
1
1
1
1
1
1
1
1
1
1
1
1
1
1
1
0.815903
0.993839
0.801893
0.994035
0.862032
0.805009
0.847264
0.996893
0.862889
0.996096
0.843885
0.844021
0.847266
0.996929
0.863614
0.996296
0.863614
0.847266
0.863614
0.996296
0.847266
0.996929
0.847266
0.863614
0.863615
0.996332
0.847943
0.997129
0.86587
0.866726
0.800916
0.993799
0.801051
0.993835
0.843856
0.801763
0.800906
0.993013
0.800153
0.652241
0.880957
0.957483
0.967787
0.999844
0.999866
0.993084
0.962647
0.805125
0.99685
0.861905
0.996054
0.801357
0.84306
0.863615
0.996332
0.847943
0.997129
0.866727
0.866727
0.802604
0.996056
0.843179
0.996889
0.847942
0.862758
1
1
1
1
0.999982
1
1
1
0.847264
0.996893
0.862889
0.996096
0.844021
0.844021
0.847266
0.996929
0.863614
0.996296
0.862889
0.847264
0.800804
0.993795
0.800917
0.993795
0.801762
0.80092
0.863614
0.996292
0.84713
0.996889
0.804995
0.862757
0.964975
0.806133
0.785368
0.800583
0.968426
0.782588
0.991557
0.999991
0.995827
0.999997
0.999981
0.99803
0.969705
0.99995
0.98318
0.999965
0.973864
0.98573
0.99998
0.999855
0.991552
0.999226
0.99983
0.967222
0.999629
0.89101
0.936103
0.801051
0.993795
0.800917
0.993794
0.800665
0.800911
0.885417
0.799997
0.725009
1
1
1
1
0.999998
1
1
1
1
1
1
1
1
1
1
1
1
1
1
1
1
1
0.999982
1
0.99988
1
1
1
1
1
1
1
1
1
1
1
0.801763
0.996092
0.843856
0.997089
0.866726
0.86587
0.863614
0.996296
0.847266
0.996929
0.847943
0.863615
0.862889
0.996296
0.847264
0.996929
0.847266
0.863614
0.847266
0.996929
0.863614
0.996296
0.863614
0.847266
0.844021
0.996092
0.843885
0.996853
0.805125
0.862032
0.804993
0.996849
0.861903
0.996052
0.802604
0.843044
0.99897
0.992431
0.973824
0.98736
1
1
1
1
0.921963
0.879745
0.998144
0.812623
0.922964
0.997977
0.923752
0.998942
0.940041
0.999118
0.964413
0.264844
0.978482
1
1
0.999999
1
1
0.999869
0.96474
0.991609
0.962398
0.992745
0.940513
0.987116
0.957726
0.969409
0.993695
0.725067
0.805414
0.994497
0.805712
0.806146
0.263071
0.683054
0.988764
0.994547
0.254465
0.665314
0.258483
0.654393
0.977932
0.997475
0.988892
0.994763
0.26668
0.670226
0.67981
0.260808
1
1
1
1
0.999982
1
1
1
1
1
1
1
1
1
1
1
1
1
0.999943
0.998966
1
1
1
1
1
1
1
1
0.99986
0.999565
0.999945
0.999022
1
1
1
1
0.999124
0.999981
0.999851
0.999864
0.963455
0.992193
0.961741
0.992633
0.95661
0.99131
0.960641
0.986922
0.250508
0.656984
0.251892
0.65357
0.259397
0.659841
0.66931
0.253509
0.980066
0.997666
0.989392
0.995499
0.999999
0.999998
0.999983
1
1
1
1
1
1
1
1
1
1
1
1
1
1
1
1
1
1
1
1
1
1
1
1
1
0.999893
0.999612
0.999953
0.999206
0.921963
0.879745
0.998144
0.812623
0.922964
0.997977
0.998942
0.923752
0.264844
0.978482
0.940041
0.999118
0.964413
1
0.999869
1
1
0.999999
1
0.254465
0.665314
0.258483
0.654393
0.977932
0.997475
0.988892
0.994763
0.26668
0.670226
0.67981
0.260808
0.958118
0.969616
0.999863
0.999846
0.962754
0.992799
0.96474
0.991609
0.962398
0.992745
0.940513
0.987116
0.969409
0.957726
1
1
0.999943
0.998966
1
1
1
1
1
1
1
1
0.99986
0.999565
0.999945
0.999022
1
1
1
1
1
1
1
1
0.999982
1
1
1
1
1
1
1
1
1
1
1
0.250508
0.656984
0.251892
0.65357
0.259397
0.659841
0.66931
0.253509
0.980066
0.997666
0.989392
0.995499
0.999124
0.999981
0.999851
0.999864
0.963455
0.992193
0.961741
0.992633
0.95661
0.99131
0.986922
0.960641
1
1
1
1
1
1
1
1
1
1
1
1
0.999893
0.999612
0.999953
0.999206
0.999999
0.999998
0.999983
1
1
1
1
1
1
1
1
1
1
1
1
1
0.982758
0.999782
0.999951
0.969618
0.997523
0.996238
0.882656
0.651481
0.991412
1
0.99998
0.999859
0.92324
0.999036
0.999046
0.92317
0.843043
0.994723
0.815899
0.993949
0.778223
0.804927
1
0.999869
0.999996
0.999876
1
1
0.999999
1
0.894047
0.998944
0.968428
0.922947
0.645747
0.854087
1
1
1
1
0.999584
0.999988
1
1
0.999983
1
1
1
1
1
1
1
1
1
1
1
1
1
1
1
1
1
1
1
1
1
1
1
1
1
1
1
1
1
1
1
0.863614
0.996296
0.847266
0.996929
0.847266
0.863614
0.863615
0.996332
0.847943
0.997129
0.866727
0.866727
0.802604
0.996056
0.843179
0.996889
0.847942
0.862758
1
1
1
1
0.999982
1
1
1
0.800804
0.993795
0.800917
0.993795
0.801762
0.80092
0.863614
0.996292
0.84713
0.996889
0.804995
0.862757
0.999226
0.99983
0.967222
0.999629
0.89101
0.936103
0.801051
0.993795
0.800917
0.993794
0.800665
0.800911
0.885417
0.799997
0.725009
1
1
1
1
0.999998
1
1
1
1
1
1
1
1
1
1
1
1
1
1
1
1
1
0.999982
1
0.99988
1
1
1
1
1
1
1
1
1
1
1
0.862889
0.996296
0.847264
0.996929
0.847266
0.863614
0.847266
0.996929
0.863614
0.996296
0.863614
0.847266
0.99897
0.992431
0.973824
0.98736
1
1
1
1
1
1
1
1
1
1
1
1
1
1
1
1
1
1
1
1
1
1
1
1
1
1
1
1
1
1
1
1
1
1
1
1
1
1
1
1
1
1
1
1
1
1
1
1
1
1
1
1
1
1
1
1
1
1
1
1
1
1
1
1
1
1
1
1
1
1
1
1
1
1
1
1
1
1
1
1
1
1
1
1
1
1
1
1
1
1
1
1
1
1
1
1
1
1
1
1
1
1
1
1
1
1
1
1
1
1
1
1
1
1
1
1
1
1
1
1
1
1
1
1
1
1
1
1
1
1
1
1
1
1
1
1
1
1
1
1
1
1
1
1
1
1
1
1
1
1
1
1
1
1
1
1
1
1
1
1
1
1
1
1
1
1
1
1
1
1
1
1
1
1
1
1
1
1
1
1
1
1
1
1
1
1
1
1
1
1
1
1
1
1
1
1
1
1
1
1
1
1
1
1
1
1
1
1
1
1
1
1
1
1
1
1
1
1
1
1
1
1
1
1
1
1
1
1
1
1
1
1
1
1
1
1
1
1
1
1
1
1
1
1
1
1
1
1
1
1
1
1
1
1
1
1
1
1
1
1
1
1
1
1
1
1
1
1
1
1
1
1
1
1
1
1
1
1
1
1
1
1
1
1
1
1
1
1
1
1
1
1
1
1
1
1
1
1
1
1
1
1
1
1
1
1
1
1
1
1
1
1
1
1
1
1
1
1
1
1
1
1
1
1
1
1
1
1
1
1
1
1
1
1
1
1
1
1
1
1
1
1
1
1
1
1
1
1
1
1
1
1
1
1
1
1
1
1
1
1
1
1
1
1
1
1
1
1
1
1
1
1
1
1
1
1
1
1
1
1
1
1
1
1
1
1
1
1
1
1
1
1
1
1
1
1
1
1
1
1
1
1
1
1
1
1
1
1
1
1
1
1
1
1
1
1
1
1
1
1
1
1
1
1
1
1
1
1
1
1
1
1
1
1
1
1
1
1
1
1
1
1
1
1
1
1
1
1
1
1
1
1
1
1
1
1
1
1
1
1
1
1
1
1
1
1
1
1
1
1
1
1
1
1
1
1
1
1
1
1
1
1
1
1
1
1
1
1
1
1
1
1
1
1
1
1
1
1
1
1
1
1
1
1
1
1
1
1
1
1
1
1
1
1
1
1
1
1
1
1
1
1
1
1
1
1
1
1
1
1
1
1
1
1
1
1
1
1
1
1
1
1
1
1
1
1
1
1
1
1
1
1
1
1
1
1
1
1
1
1
1
1
1
1
1
1
1
1
1
1
1
1
1
1
1
1
1
1
1
1
1
1
1
1
1
1
1
1
1
1
1
1
1
1
1
1
1
1
1
1
1
1
1
1
1
1
1
1
1
1
1
1
1
1
1
1
1
1
1
1
1
1
1
1
1
1
1
1
1
1
1
1
1
1
1
1
1
1
1
1
1
1
1
1
1
1
1
1
1
1
1
1
1
1
1
1
1
1
1
1
1
1
1
1
1
1
1
1
1
1
1
1
1
1
1
1
1
1
1
1
1
1
1
1
1
1
1
1
1
1
1
1
1
1
1
1
1
1
1
1
1
1
1
1
1
1
1
1
1
1
1
1
1
1
1
1
1
1
1
1
1
1
1
1
1
1
1
1
1
1
1
1
1
1
1
1
1
1
1
1
1
1
1
1
1
1
1
1
1
1
1
1
1
1
1
1
1
1
1
1
1
1
1
1
1
1
1
1
1
1
1
1
1
1
1
1
1
1
1
1
1
1
1
1
1
1
1
1
1
1
1
1
1
1
1
1
1
1
1
1
1
1
1
1
1
1
1
1
1
1
1
1
1
1
1
1
1
1
1
1
1
1
1
1
1
1
1
1
1
1
1
1
1
1
1
1
1
1
1
1
1
1
1
1
1
1
1
1
1
1
1
1
1
1
1
1
1
1
1
1
1
1
1
1
1
1
1
1
1
1
1
1
1
1
1
1
1
1
1
1
1
1
1
1
1
1
1
1
1
1
1
1
1
1
1
1
1
1
1
1
1
1
1
1
1
1
1
1
1
1
1
1
1
1
1
1
1
1
1
1
1
1
1
1
1
1
1
1
1
1
1
1
1
1
1
1
1
1
1
1
1
1
1
1
1
1
1
1
1
1
1
1
1
1
1
1
1
1
1
1
1
1
1
1
1
1
1
1
1
1
1
1
1
1
1
1
1
1
1
1
1
1
1
1
1
1
1
1
1
1
1
1
1
1
1
1
1
1
1
1
1
1
1
1
1
1
1
1
1
1
1
1
1
1
1
1
1
1
1
1
1
1
1
1
1
1
1
1
1
1
1
1
1
1
1
1
1
1
1
1
1
1
1
1
1
0.507808
1
1
1
1
1
1
1
1
1
1
1
1
1
1
1
1
1
1
1
1
1
1
1
1
1
1
1
1
1
1
1
1
1
1
1
1
1
1
0.507808
1
1
1
1
1
1
1
1
1
1
1
1
1
1
1
1
1
1
1
1
1
1
1
1
1
1
1
1
1
1
1
1
1
1
1
1
1
1
1
1
1
1
1
1
1
1
1
1
1
1
1
1
1
1
1
1
1
1
1
1
1
1
1
1
1
1
1
1
1
1
1
1
1
1
1
1
1
1
1
1
1
1
1
1
1
1
1
1
1
1
1
1
1
1
1
1
1
1
1
1
1
1
1
1
1
1
1
1
1
1
1
1
1
1
1
1
1
1
1
1
1
1
1
1
1
1
1
1
1
1
1
1
1
1
1
1
1
1
1
1
1
1
1
1
1
1
1
1
1
1
1
1
1
1
1
1
1
1
1
1
1
1
1
1
1
1
1
1
1
1
1
1
1
1
1
1
1
1
1
1
1
1
1
1
1
1
1
1
1
1
1
1
1
1
1
1
1
1
1
1
1
0.508593
0.586128
0.612364
0.612371
0.998183
0.932445
0.999531
0.999731
1
0.99998
0.998957
0.999394
0.999949
0.965688
0.999999
0.999788
0.431868
0.613614
0.611881
0.43826
0.447401
0.628541
0.664109
0.470048
0.863615
0.996332
0.847943
0.997129
0.86587
0.866726
0.800916
0.993799
0.801051
0.993835
0.843856
0.801763
0.389342
0.985766
0.99631
0.963232
0.989579
0.436485
0.619941
0.661779
0.470362
0.447401
0.628541
0.664109
0.470048
0.447401
0.62855
0.664193
0.469888
0.438918
0.610869
0.609618
0.433689
0.438387
0.613613
0.620005
0.44862
0.469888
0.664193
0.62855
0.447401
0.44884
0.622211
0.622202
0.448856
0.436624
0.619943
0.661782
0.470361
1
1
1
1
1
1
1
1
1
1
1
1
1
1
1
1
1
1
1
1
1
1
1
1
1
1
1
1
1
1
1
1
1
1
1
1
1
1
1
1
1
1
1
1
1
1
1
1
1
1
1
1
1
1
1
1
1
1
1
1
1
1
1
1
1
1
1
1
1
1
1
1
1
1
1
1
1
1
1
1
1
1
1
1
1
1
1
1
1
1
1
1
1
1
1
1
1
1
1
1
1
1
1
1
1
1
1
1
1
1
1
1
1
1
1
1
1
1
1
1
1
1
1
1
1
1
1
1
1
1
1
1
1
1
1
1
1
1
1
1
1
1
1
1
1
1
1
1
1
1
1
1
1
1
1
1
1
1
1
1
1
1
1
1
1
1
1
1
1
1
1
1
1
1
1
1
1
1
1
1
1
1
1
1
1
1
1
1
1
1
1
1
1
1
1
1
1
1
1
1
1
1
1
1
1
1
1
1
1
1
1
1
1
1
1
1
1
1
1
1
1
0.449429
0.698758
0.661778
0.43187
0.991082
1
0.999981
0.999027
0.999999
0.999996
0.982145
0.99881
0.999953
1
1
1
1
1
1
1
1
1
1
1
1
1
1
1
1
1
1
0.431868
0.613614
0.611881
0.43826
0.447401
0.628541
0.664109
0.470048
0.447401
0.62855
0.664193
0.469888
0.469888
0.664193
0.62855
0.447401
0.469887
0.664202
0.628614
0.446607
0.439013
0.611336
0.611344
0.438885
0.988727
0.999225
0.998111
0.999999
0.9996
0.679031
0.886462
0.43901
0.611313
0.61126
0.438752
0.999943
0.999882
1
1
1
1
1
1
1
1
1
1
1
1
0.389342
0.985766
0.99631
0.963232
0.989579
0.436485
0.619941
0.661779
0.470362
0.469887
0.664202
0.628614
0.446607
0.437764
0.613681
0.61995
0.449412
1
0.999991
1
1
0.999996
0.999955
0.447401
0.628541
0.664109
0.470048
0.447401
0.62855
0.664193
0.469888
0.438986
0.611317
0.611329
0.439013
0.469888
0.664193
0.62854
0.447416
0.438918
0.610869
0.609618
0.433689
0.994645
0.988676
0.988876
0.999239
0.997463
0.996359
0.962175
0.79039
0.438885
0.611344
0.611336
0.439013
0.996197
0.999847
0.999252
0.999111
0.179175
0.317902
0.998991
0.99994
0.999944
0.999886
0.999561
0.999988
0.999995
0.999999
1
1
1
1
0.99999
0.999982
0.999894
0.999999
1
1
1
1
1
1
1
1
0.438387
0.613613
0.620005
0.44862
0.469888
0.664193
0.62855
0.447401
0.470048
0.664109
0.628541
0.447401
0.447401
0.62855
0.664193
0.469888
0.44884
0.622211
0.622202
0.448856
0.436624
0.619943
0.661782
0.470361
0.438349
0.609682
0.601904
0.412132
0.881682
0.93029
0.998998
0.999526
1
0.999986
0.99998
1
0.99894
0.999923
0.99978
0.99995
0.99926
0.96501
0.999787
0.999999
1
1
1
1
1
1
1
1
0.999891
1
1
1
1
1
1
1
1
1
1
1
1
1
1
1
1
1
1
1
1
1
1
1
0.612364
0.612371
0.433323
0.611584
0.439661
0.602925
0.998183
0.932445
0.999531
0.999731
1
0.99998
0.998957
0.999394
0.999949
0.965688
0.999999
0.999788
0.441621
0.61339
0.441297
0.613649
1
1
1
1
1
1
1
1
1
1
1
1
1
1
1
1
1
1
1
1
1
1
1
1
0.881682
0.93029
0.998998
0.999526
1
0.999986
0.99998
1
0.99894
0.99978
0.999923
0.99995
0.99926
0.96501
0.999787
0.999999
1
1
1
1
1
1
1
1
0.999891
1
1
1
1
1
1
1
1
1
1
1
1
1
1
1
1
1
1
1
1
1
1
1
0.508593
0.586128
0.441621
0.61339
0.441297
0.613649
0.433323
0.611584
0.439661
0.602925
1
1
1
1
1
1
1
1
1
1
1
1
1
1
1
1
1
1
1
1
1
1
1
1
0.449429
0.698758
0.661778
0.43187
0.991082
1
0.999981
0.999027
0.999999
0.999996
0.982145
0.99881
0.999953
1
1
1
1
1
1
1
1
1
1
1
1
1
1
1
1
1
1
0.847266
0.996929
0.863614
0.863614
0.996296
0.847266
0.469888
0.664193
0.62855
0.447401
0.988727
0.999225
0.999999
0.998111
0.9996
0.679031
0.886462
0.800906
0.993013
0.800153
0.652241
0.880957
0.999943
0.999882
1
1
1
1
1
1
1
1
1
1
1
1
0.469887
0.664202
0.628614
0.446607
0.437764
0.613681
0.61995
0.449412
1
0.999991
1
1
0.999996
0.999955
0.438986
0.611317
0.611329
0.439013
0.469888
0.664193
0.62854
0.447416
0.988876
0.999239
0.997463
0.996359
0.994645
0.988676
0.962175
0.79039
0.438885
0.611344
0.611336
0.439013
0.996197
0.999847
0.999252
0.999111
0.179175
0.317902
0.999944
0.999886
0.999561
0.999988
0.998991
0.99994
0.999995
0.999999
1
1
1
1
0.99999
0.999982
0.999894
0.999999
1
1
1
1
1
1
1
1
0.470048
0.664109
0.628541
0.447401
0.447401
0.62855
0.664193
0.469888
0.438349
0.609682
0.601904
0.412132
1
1
1
1
1
1
1
1
1
1
1
1
1
1
1
1
1
1
1
1
1
1
1
1
1
1
1
1
1
1
1
1
1
1
1
1
1
1
1
1
1
1
1
1
1
1
1
1
1
1
1
1
1
1
1
1
1
1
1
1
1
1
1
1
1
1
1
1
1
1
1
1
1
1
1
1
1
1
1
1
1
1
1
1
1
1
1
1
1
1
1
1
1
1
1
1
1
1
1
1
1
1
1
1
1
1
1
1
1
1
1
1
1
1
1
1
1
1
1
1
1
1
1
1
1
1
1
1
1
1
1
1
1
1
1
1
1
1
1
1
1
1
1
1
1
1
1
1
1
1
1
1
1
1
1
1
1
1
1
1
1
1
1
1
1
1
1
1
1
1
1
1
1
1
1
1
1
1
1
1
1
1
1
1
1
1
1
1
1
1
1
1
1
1
1
1
1
1
1
1
1
1
1
1
1
1
1
1
1
1
1
1
1
1
1
1
1
1
1
1
1
1
1
1
1
1
1
1
1
1
1
1
1
1
1
1
1
1
1
1
1
1
1
1
1
1
1
1
1
1
1
1
1
1
1
1
1
1
1
1
1
1
1
1
1
1
1
1
1
1
1
1
1
1
1
1
1
1
1
1
1
1
1
1
1
1
1
1
1
1
1
1
1
1
1
1
1
1
1
1
1
1
1
1
1
1
1
1
1
1
1
1
1
1
1
1
1
1
1
1
1
1
1
1
1
1
1
1
1
1
1
1
1
1
1
1
1
1
1
1
1
1
1
1
1
1
1
1
1
1
1
1
1
1
1
1
1
1
1
1
1
1
1
1
1
1
1
1
1
1
1
1
1
1
1
1
1
1
1
1
1
1
1
1
1
1
1
1
1
1
1
1
1
1
1
1
1
1
1
1
1
1
1
1
1
1
1
1
1
1
1
1
1
1
1
1
1
1
1
1
1
1
1
1
1
1
1
1
1
1
1
1
1
1
1
1
1
1
1
1
1
1
1
1
1
1
1
1
1
1
1
1
1
1
1
1
1
1
1
1
1
1
1
1
1
1
1
1
1
1
1
1
1
1
1
1
1
1
1
1
1
1
1
1
1
1
1
1
1
1
1
1
1
1
1
1
1
1
1
1
1
1
1
1
1
1
1
1
1
1
1
1
1
1
1
1
1
1
1
1
1
1
1
1
1
1
1
1
1
1
1
1
1
1
1
1
1
1
1
1
1
1
1
1
1
1
1
1
1
1
1
1
1
1
1
1
1
1
1
1
1
1
1
1
1
1
1
1
1
1
1
1
1
1
1
1
1
1
1
1
1
1
1
1
1
1
1
1
1
1
1
1
1
1
1
1
1
1
1
1
1
1
1
1
1
1
1
1
1
1
1
1
1
1
1
1
1
1
1
1
1
1
1
1
1
1
1
1
1
1
1
1
1
1
1
1
1
1
1
1
1
1
1
1
1
1
1
1
1
1
1
1
1
1
1
1
1
1
1
1
1
1
1
1
1
1
1
1
1
1
1
1
1
1
1
1
1
1
1
1
1
1
1
1
1
1
1
1
1
1
1
1
1
1
1
1
1
1
1
1
1
1
1
1
1
1
1
1
1
1
1
1
1
0.142704
0.247899
0.243487
0.394888
0.405254
0.552473
0.281517
0.470387
0.661824
0.698747
0.449371
0.434331
0.620363
0.615833
0.431349
0.637195
0.728182
0.826351
0.568179
0.626827
0.22046
0.437776
0.604072
0.60957
0.433814
0.321958
0.575244
0.458517
0.412665
0.316304
0.178625
0.449494
0.619893
0.661749
0.431976
0.438525
0.613564
0.611766
0.436743
0.612017
0.612377
0.837629
0.850719
0.560724
0.437137
0.85964
0.940574
0.890256
0.706368
0.440886
0.613916
0.61368
0.440278
1
1
1
1
1
1
1
1
1
1
1
1
1
1
1
1
1
1
1
1
1
1
1
1
1
1
0.396964
0.841176
0.79687
0.442251
0.441916
1
1
1
1
0.612017
0.612377
0.837629
0.850719
1
1
0.560723
0.437137
0.85964
0.940574
0.890256
0.706367
0.440886
0.613916
0.61368
0.440278
1
1
1
1
1
1
1
1
0.449494
0.61989
0.661749
0.431975
0.438445
0.613534
0.611501
0.436734
0.438527
0.611371
0.611766
0.439025
0.439025
0.611314
0.611371
0.439115
0.449352
0.620233
0.661817
0.431262
0.428699
0.615048
0.616716
0.433794
0.448917
0.698815
0.66222
0.470325
0.431975
0.661758
0.619894
0.449486
0.24155
0.120343
1
1
0.142704
0.247899
0.243487
0.394888
0.405254
0.552473
0.281517
0.439007
0.61138
0.61138
0.439007
0.436743
0.611766
0.613564
0.438525
1
1
1
1
0.470325
0.66222
0.698815
0.448917
0.429577
0.622161
0.622161
0.429577
0.439154
0.611294
0.61129
0.439155
0.439135
0.611296
0.611304
0.439153
0.637195
0.728182
0.826351
0.568179
0.626827
0.22046
0.437776
0.604072
0.60957
0.433814
0.321958
0.575244
0.458517
0.412665
0.316304
0.178625
0.439153
0.611294
0.611296
0.439155
0.43915
0.611291
0.611282
0.439154
1
1
1
1
1
1
1
1
1
1
1
1
0.431976
0.661749
0.619893
0.449494
0.449494
0.698738
0.661749
0.470402
0.437899
0.613639
0.612236
0.436614
0.449492
0.619902
0.66175
0.431956
0.449494
0.619893
0.661749
0.431976
0.438525
0.613564
0.611766
0.436743
0.449494
0.61989
0.661749
0.431975
0.438445
0.613534
0.611501
0.436734
0.24155
0.120343
1
1
0.439007
0.61138
0.61138
0.439007
0.436743
0.611766
0.613564
0.438525
1
1
1
1
0.439154
0.611294
0.61129
0.439155
0.439135
0.611296
0.611304
0.439153
1
1
1
1
1
1
1
1
1
1
1
1
0.438527
0.611371
0.611766
0.439027
0.439219
0.611305
0.611296
0.439142
0.396964
0.841176
0.79687
0.442251
0.441916
1
1
1
1
1
1
1
1
1
1
1
1
1
1
1
1
1
1
1
1
1
1
1
1
1
1
1
1
1
1
1
1
1
1
1
1
1
1
1
1
1
1
1
1
1
1
1
1
1
1
1
1
0.472604
0.451546
0.439001
0.440881
0.440881
0.439001
0.441548
0.441548
0.441529
0.441412
0.441529
0.441412
0.434021
0.439001
0.451546
0.434021
0.395238
0.433597
0.440882
0.439001
0.44155
0.441517
0.472604
0.451546
0.438863
0.440211
0.439001
0.440881
0.472604
0.451544
0.628719
0.661221
0.440048
0.441146
0.440269
0.603461
0.561399
0.317331
0.319898
0.719537
0.689084
0.963218
0.989118
0.439001
0.434021
0.441529
0.441548
0.451545
0.472589
0.440881
0.441412
0.441412
0.441529
0.434021
0.451546
0.441507
0.441409
0.439001
0.434021
0.449494
0.69874
0.661749
0.470403
0.431985
0.661757
0.619917
0.449498
0.609144
0.594683
0.98086
0.931187
0.256828
0.27778
0.439025
0.611766
0.611371
0.438527
0.431976
0.613564
0.619893
0.436743
0.440843
0.61391
0.613897
0.440826
0.410546
0.605597
0.612082
0.44057
0.726883
0.939126
0.913687
0.805991
0.712872
0.498709
0.962577
0.968557
0.903226
0.987829
0.962076
0.788883
0.449496
0.698739
0.661752
0.470402
0.431976
0.661749
0.619893
0.449494
0.470285
0.661787
0.436593
0.619934
0.448856
0.622202
0.44884
0.622211
0.609138
0.611728
0.640119
0.651913
0.437247
0.601195
0.281689
0.552629
0.877984
0.861157
0.69947
0.667769
0.438138
0.613644
0.449433
0.619957
0.44884
0.622211
0.44884
0.622211
0.470048
0.664109
0.447401
0.628541
0.4126
0.458846
0.452121
0.410826
0.670491
0.866003
0.682673
0.873537
0.826552
0.568631
0.82169
0.561045
0.440823
0.613507
0.61207
0.434888
0.999243
0.99911
0.960797
0.996411
0.86466
0.964589
0.969399
0.920515
0.997318
0.996449
0.997412
0.996346
0.987828
0.903262
0.900365
0.98711
0.675416
0.891542
0.688201
0.901508
0.806234
0.913816
0.904747
0.797717
0.465973
0.670061
0.46621
0.669977
0.446607
0.628614
0.469887
0.664202
0.436485
0.619942
0.470285
0.661788
0.437764
0.61368
0.449427
0.619941
1
1
1
1
1
1
1
1
1
1
1
1
1
1
1
1
1
1
1
1
1
1
1
1
1
1
1
1
1
1
1
1
1
1
1
1
1
1
1
1
1
1
1
1
1
1
1
1
1
1
1
1
1
1
1
1
1
1
1
1
1
1
1
1
1
1
1
1
1
1
1
1
1
1
1
1
1
1
1
1
1
1
1
1
1
1
1
1
1
1
1
1
1
1
1
1
1
1
1
1
1
1
1
1
1
1
1
1
1
1
1
1
1
1
1
1
1
1
1
1
1
1
1
1
1
1
1
1
1
1
1
1
1
1
1
1
1
1
1
1
1
1
1
1
1
1
1
1
1
1
1
1
1
1
1
1
1
1
1
1
1
1
1
1
1
1
1
1
1
1
1
1
1
1
1
1
1
1
1
1
1
1
1
1
1
1
1
1
1
1
1
1
1
1
1
1
1
1
1
1
1
1
1
1
1
1
1
1
1
1
1
1
1
1
1
1
1
1
1
1
1
1
1
1
1
1
1
1
1
1
1
1
1
1
1
1
1
1
1
1
1
1
1
1
1
1
1
1
1
1
1
1
1
1
1
1
1
1
1
1
1
1
1
1
1
1
1
1
1
1
1
1
1
1
1
1
1
1
1
1
1
1
1
1
1
1
1
1
1
1
1
1
1
1
1
1
1
1
1
1
1
1
1
1
1
1
1
1
1
1
1
1
1
1
1
1
1
1
1
1
1
1
1
1
1
1
1
1
1
1
1
1
1
1
1
1
1
1
1
1
1
1
1
1
1
1
1
1
1
1
1
1
1
1
1
1
1
1
1
1
1
1
1
1
1
1
1
1
1
1
1
1
1
1
1
1
1
1
1
1
1
1
1
1
1
1
1
1
1
1
1
1
1
1
1
1
1
1
1
1
1
1
1
1
1
1
1
1
1
1
1
1
0.899567
0.987065
0.986499
0.89588
0.996401
0.997598
0.792421
0.901211
0.897109
0.784483
0.887458
0.664827
0.435808
0.609657
0.436606
0.611546
0.801986
0.612855
0.976558
0.921153
0.994558
0.999022
0.805129
0.612958
0.805104
0.612196
1
1
1
1
0.999999
1
0.999989
0.999875
0.531445
0.537544
0.41415
0.43305
0.61126
0.860416
0.807254
0.532443
0.876488
0.661965
0.799705
0.594365
0.80391
0.612064
1
0.999999
0.999999
1
0.999989
0.999595
1
1
1
1
1
1
1
1
1
1
1
1
1
1
1
1
1
1
1
1
1
1
1
1
1
1
1
1
1
1
1
1
1
1
0.470285
0.661787
0.436593
0.619934
0.448856
0.622202
0.44884
0.622211
0.469888
0.664193
0.447401
0.62855
0.447401
0.62855
0.469888
0.664193
0.46621
0.669977
0.465973
0.670061
0.44862
0.620005
0.438387
0.613613
0.315961
0.653301
0.622513
0.441908
0.440667
0.996213
0.985769
0.867455
0.883405
0.989
0.96241
0.678843
0.709222
0.313801
0.570963
0.437767
0.603731
0.99999
0.999999
1
1
1
1
1
1
0.999946
0.999995
1
1
0.609138
0.611728
0.640119
0.651913
0.437247
0.601195
0.281689
0.552629
0.877984
0.861157
0.69947
0.667769
0.438138
0.613644
0.449433
0.619957
0.465973
0.670071
0.465973
0.670071
0.446607
0.628604
0.470123
0.664108
1
1
1
1
1
1
0.44884
0.622211
0.44884
0.622211
0.470048
0.664109
0.447401
0.628541
0.438389
0.61141
0.439011
0.611344
0.436613
0.619941
0.470125
0.661871
0.4126
0.458846
0.452121
0.410826
0.670491
0.866003
0.682673
0.873537
0.826552
0.568631
0.82169
0.561045
0.440823
0.613507
0.61207
0.434888
0.999243
0.99911
0.960797
0.996411
0.86466
0.964589
0.969399
0.920515
0.997318
0.996449
0.997412
0.996346
0.987828
0.903262
0.900365
0.98711
0.675416
0.891542
0.688201
0.901508
0.806234
0.913816
0.904747
0.797717
0.264066
0.687927
0.68166
0.885105
0.890295
0.672086
0.500667
0.717979
0.438937
0.611296
0.439012
0.611322
0.842729
0.957241
0.940074
0.858136
0.441624
0.613641
0.613655
0.44165
0.868883
0.961898
0.863185
0.964253
0.261529
0.6608
0.656165
0.880065
0.667149
0.864596
0.220709
0.628708
0.4387
0.609695
0.411047
0.603919
0.441307
0.613551
0.441587
0.613227
0.999892
0.999999
1
1
1
1
1
1
1
1
1
1
1
1
1
1
1
1
1
1
1
1
1
1
0.999519
0.999987
0.999548
0.999988
0.999999
1
0.999999
1
1
1
1
1
1
1
1
1
1
1
1
1
1
1
1
1
1
1
1
1
1
1
1
1
1
1
1
1
1
1
1
1
0.465973
0.670061
0.46621
0.669977
0.446607
0.628614
0.469887
0.664202
0.447401
0.62855
0.469888
0.664193
0.469888
0.664193
0.447401
0.62855
0.436485
0.619942
0.470285
0.661788
0.437764
0.61368
0.449427
0.619941
0.989374
0.99927
0.996427
0.997654
0.67131
0.88174
0.886479
0.661856
0.852224
0.960072
0.956054
0.855512
0.612265
0.804702
0.804759
0.612246
0.996266
0.999851
0.999118
0.999284
0.862607
0.961173
0.857289
0.962906
0.655547
0.879793
0.658989
0.875445
0.611626
0.804457
0.612117
0.80354
0.999952
0.999893
0.999608
0.999989
1
1
1
1
1
1
1
1
1
1
1
1
0.999991
0.999983
0.999902
0.999999
1
1
1
1
1
1
1
1
1
1
1
1
0.778246
0.895023
0.999632
0.997723
0.44141
0.440881
0.441167
0.439696
0.62295
0.587049
0.697524
0.352893
0.780181
0.601943
0.289299
0.254023
0.656526
0.234434
0.64466
0.202793
0.390596
0.6722
0.255639
0.498297
0.703235
0.98924
0.995289
0.794261
0.962651
0.805134
0.612074
0.805582
0.61115
0.799713
0.61159
0.780216
0.537037
1
1
1
1
1
1
1
1
1
1
1
1
1
1
1
1
1
1
1
1
0.999154
0.999951
0.999999
0.999996
0.451546
0.434021
0.434021
0.439001
0.451546
0.472604
0.440879
0.44139
0.436115
0.619968
0.614034
0.431847
0.4704
0.661758
0.698739
0.449474
0.448828
0.621376
0.662086
0.42904
0.424448
0.618514
0.635147
0.426927
0.433829
0.3974
0.441469
0.441508
0.43576
0.410801
0.439156
0.611295
0.611295
0.439156
0.439153
0.611295
0.611296
0.439156
0.442247
0.44228
0.435953
0.440674
0.439098
0.610975
0.611217
0.438888
0.433741
0.609718
0.60367
0.437897
0.284938
0.926259
1
0.999986
0.441412
0.440881
0.441551
0.441551
0.451546
0.472604
0.440881
0.441412
0.609144
0.594683
0.449494
0.69874
0.661749
0.470403
0.431985
0.661757
0.619917
0.449498
0.98086
0.931187
0.256828
0.27778
0.439007
0.611766
0.61138
0.438525
0.431976
0.613564
0.619893
0.436743
0.999904
0.999991
1
1
0.440878
0.441402
0.451546
0.472604
0.441548
0.441548
0.440881
0.439001
0.439133
0.611371
0.611305
0.439027
0.436743
0.611766
0.613564
0.438527
0.431976
0.661749
0.619893
0.449494
0.449494
0.698738
0.661749
0.470402
0.929113
0.979781
0.284426
0.263541
0.434021
0.451546
0.441404
0.441501
0.1197
0.23929
0.250498
0.43583
0.440096
0.440843
0.61391
0.613897
0.440826
0.410546
0.605597
0.612082
0.44057
0.726883
0.939126
0.913687
0.805991
0.712872
0.498709
0.962577
0.968557
0.903226
0.987829
0.962076
0.788883
0.121836
0.452247
0.178901
0.317686
0.120746
0.449042
0.177247
0.315616
0.245326
0.560331
0.62819
0.220377
0.243289
0.556807
0.218592
0.623621
0.433734
0.572903
0.603863
0.41109
0.924907
0.90109
0.79068
0.962206
0.925145
0.899703
0.962212
0.790376
0.289997
0.799896
0.717533
0.50066
0.286596
0.794978
0.710001
0.498518
0.43548
0.571745
0.410774
0.605232
1
1
1
1
1
1
0.999995
0.999945
0.999989
0.999888
1
1
1
1
1
1
1
1
1
1
1
1
0.999994
1
1
0.999999
0.999995
0.999999
1
1
1
1
1
1
1
1
1
1
1
1
1
1
1
1
0.999985
1
0.999995
0.999999
0.999985
1
0.999995
0.999999
1
1
1
1
1
1
1
1
0.440881
0.441412
0.451538
0.472521
0.433351
0.436452
0.45093
0.431486
0.439027
0.611305
0.611371
0.439135
0.439135
0.611297
0.611305
0.439151
0.4704
0.661758
0.698739
0.449474
0.436115
0.619968
0.614034
0.431847
0.441495
0.43337
0.585821
0.800668
0.778647
0.608085
0.449496
0.698739
0.661752
0.470402
0.431976
0.661749
0.619893
0.449494
0.24602
0.60685
0.232546
0.641773
0.435833
0.561234
0.601844
0.412161
0.143675
0.527872
0.201268
0.389563
0.28006
0.789889
0.700703
0.498274
0.929516
0.899073
0.96287
0.795903
0.612259
0.804387
0.611901
0.804748
0.594465
0.70847
0.536994
0.779764
1
1
1
1
1
1
1
1
1
1
1
1
0.999989
1
0.999996
0.999999
0.254023
0.656526
0.234434
0.64466
0.202793
0.390596
0.6722
0.255639
0.498297
0.703235
0.98924
0.995289
0.794261
0.962651
0.805134
0.612074
0.805582
0.61115
0.799713
0.61159
0.780216
0.537037
0.778246
0.895023
0.999632
0.997723
0.44141
0.440881
0.441167
0.439696
0.62295
0.587049
0.697524
0.352893
0.780181
0.601943
0.289299
1
1
1
1
1
1
1
1
1
1
1
1
0.999154
0.999951
0.999999
0.999996
1
1
1
1
1
1
1
1
0.472604
0.451546
0.439001
0.440881
0.440881
0.439001
0.441548
0.441548
0.451546
0.434021
0.434021
0.439001
0.451546
0.472604
0.440879
0.44139
0.439098
0.610975
0.611217
0.438888
0.433741
0.609718
0.60367
0.437897
0.442247
0.44228
0.435953
0.440674
0.284938
0.926259
0.441529
0.441412
0.441529
0.441412
0.434021
0.439001
0.451546
0.434021
0.433829
0.3974
0.441469
0.441508
0.43576
0.410801
1
0.999986
0.439007
0.611766
0.61138
0.438525
0.431976
0.613564
0.619893
0.436743
0.395238
0.433597
0.440882
0.439001
0.44155
0.441517
0.441419
0.440931
0.441551
0.441551
0.451546
0.472604
0.440881
0.441412
0.999904
0.999991
1
1
0.431976
0.661749
0.619893
0.449494
0.449494
0.698738
0.661749
0.470402
0.524444
0.467852
0.467719
0.434944
0.439001
0.440881
0.472589
0.45142
0.440878
0.441402
0.451546
0.472604
0.441548
0.441548
0.440881
0.439001
0.121836
0.452247
0.178901
0.317686
0.120746
0.449042
0.177247
0.315616
0.245326
0.560331
0.62819
0.220377
0.243289
0.556807
0.218592
0.623621
0.433734
0.572903
0.603863
0.41109
0.924907
0.90109
0.79068
0.962206
0.925145
0.899703
0.962212
0.790376
0.289997
0.799896
0.717533
0.50066
0.286596
0.794978
0.710001
0.498518
0.43548
0.571745
0.410774
0.605232
0.628719
0.661221
0.440048
0.441146
0.440269
0.603461
0.561399
0.317331
0.319898
0.719537
0.689084
0.963218
0.989118
0.929113
0.979781
0.284426
0.263541
0.434021
0.451546
0.441404
0.441501
0.1197
0.23929
0.250498
0.43583
0.440096
1
1
1
1
1
1
0.999994
1
1
0.999999
0.999995
0.999999
1
1
1
1
1
1
1
1
1
1
1
1
1
1
1
1
0.999985
1
0.999995
0.999999
0.999985
1
0.999995
0.999999
1
1
1
1
1
1
1
1
1
1
1
1
1
1
0.999995
0.999945
0.999989
0.999888
1
1
1
1
1
1
0.499769
0.611295
0.611295
0.499769
0.488899
0.611295
0.611295
0.497959
0.439001
0.434021
0.441529
0.441548
0.451545
0.472589
0.440881
0.441412
0.440881
0.441412
0.451538
0.472521
0.433351
0.436452
0.45093
0.431486
0.24602
0.60685
0.232546
0.641773
0.435833
0.561234
0.601844
0.412161
0.143675
0.527872
0.201268
0.389563
0.28006
0.789889
0.700703
0.498274
0.929516
0.899073
0.96287
0.795903
0.612259
0.804387
0.804748
0.611901
0.594465
0.70847
0.536994
0.779764
0.441412
0.441529
0.434021
0.451546
0.441507
0.441409
0.439001
0.434021
0.585821
0.800668
0.608085
0.778647
0.441495
0.43337
1
1
1
1
1
1
1
1
1
1
1
1
0.999989
1
0.999996
0.999999
0.899567
0.987065
0.986499
0.89588
0.996401
0.997598
0.792421
0.901211
0.897109
0.784483
0.887458
0.664827
0.801986
0.612855
0.921153
0.976558
0.994558
0.999022
0.805129
0.612958
0.805104
0.612196
0.435808
0.609657
0.436606
0.611546
1
1
1
1
1
0.999999
0.999989
0.999875
0.531445
0.537544
0.41415
0.43305
0.61126
0.860416
0.807254
0.532443
0.876488
0.661965
0.799705
0.594365
0.80391
0.612064
1
0.999999
0.999999
1
0.999989
0.999595
1
1
1
1
1
1
1
1
1
1
1
1
1
1
1
1
1
1
1
1
1
1
1
1
1
1
1
1
1
1
1
1
1
1
0.447401
0.62855
0.469888
0.664193
0.315961
0.653301
0.622513
0.441908
0.440667
0.996213
0.985769
0.867455
0.883405
0.989
0.96241
0.678843
0.709222
0.99999
0.999999
1
1
1
1
1
1
0.999946
0.999995
1
1
0.465973
0.670071
0.465973
0.670071
0.446607
0.628604
0.470123
0.664108
1
1
1
1
1
1
0.438389
0.61141
0.439011
0.611344
0.436613
0.619941
0.470125
0.661871
0.68166
0.885105
0.890295
0.672086
0.264066
0.687927
0.500667
0.717979
0.842729
0.957241
0.940074
0.858136
0.441624
0.613641
0.613655
0.44165
0.438937
0.611296
0.439012
0.611322
0.868883
0.961898
0.863185
0.964253
0.656165
0.880065
0.667149
0.864596
0.261529
0.6608
0.220709
0.628708
0.441307
0.613551
0.441587
0.613227
0.4387
0.609695
0.411047
0.603919
0.999892
0.999999
1
1
1
1
1
1
1
1
1
1
1
1
1
1
1
1
1
1
1
1
1
1
0.999519
0.999987
0.999548
0.999988
0.999999
1
0.999999
1
1
1
1
1
1
1
1
1
1
1
1
1
1
1
1
1
1
1
1
1
1
1
1
1
1
1
1
1
1
1
1
1
0.447401
0.62855
0.469888
0.664193
0.469888
0.664193
0.447401
0.62855
0.989374
0.99927
0.996427
0.997654
0.67131
0.88174
0.886479
0.661856
0.852224
0.960072
0.956054
0.855512
0.612265
0.804702
0.804759
0.612246
0.996266
0.999851
0.999118
0.999284
0.862607
0.961173
0.857289
0.962906
0.655547
0.879793
0.658989
0.875445
0.611626
0.804457
0.612117
0.80354
0.999952
0.999893
0.999608
0.999989
1
1
1
1
1
1
1
1
1
1
1
1
0.999991
0.999983
0.999902
0.999999
1
1
1
1
1
1
1
1
1
1
1
1
1
1
1
1
1
1
1
1
1
1
1
1
1
1
1
1
1
1
1
1
1
1
1
1
1
1
1
1
1
1
1
1
1
1
1
1
1
1
1
1
1
1
1
1
1
1
1
1
1
1
1
1
1
1
1
1
1
1
1
1
1
1
1
1
1
1
1
1
1
1
1
1
1
1
1
1
1
1
1
1
1
1
1
1
1
1
1
1
1
1
1
1
1
1
1
1
1
1
1
1
1
1
1
1
1
1
1
1
1
1
1
1
1
1
1
1
1
1
1
1
1
1
1
1
1
1
1
1
1
1
1
1
1
1
1
1
1
1
1
1
1
1
1
1
1
1
1
1
1
1
1
1
1
1
1
1
1
1
1
1
1
1
1
1
1
1
1
1
1
1
1
1
1
1
1
1
1
1
1
1
1
1
1
1
1
1
1
1
1
1
1
1
1
1
1
1
1
1
1
1
1
1
1
1
1
1
1
1
1
1
1
1
1
1
1
1
1
1
1
1
1
1
1
1
1
1
1
1
1
1
1
1
1
1
1
1
1
1
1
1
1
1
1
1
1
1
1
1
1
1
1
1
1
1
1
1
1
1
1
1
1
1
1
1
1
1
1
1
1
1
1
1
1
1
1
1
1
1
1
1
1
1
1
1
1
1
1
1
1
1
1
1
1
1
1
1
1
1
1
1
1
1
1
1
1
1
1
1
1
1
1
1
1
1
1
1
1
1
1
1
1
1
1
1
1
1
1
1
1
1
1
1
1
1
1
1
1
1
1
1
1
1
1
1
1
1
1
1
1
1
1
1
1
1
1
1
1
1
1
1
1
1
1
1
1
1
1
1
1
1
1
1
1
1
1
1
1
1
1
1
1
1
1
1
1
1
1
1
1
1
1
1
1
1
1
1
1
1
1
1
1
1
1
1
1
1
1
1
1
1
1
1
1
1
1
1
1
1
1
1
1
1
1
1
1
1
1
1
1
1
1
1
1
1
1
1
1
1
1
1
1
1
1
1
1
1
1
1
1
1
1
1
1
1
1
1
1
1
1
1
1
1
1
1
1
1
1
1
1
1
1
1
1
1
1
1
1
1
1
1
1
1
1
1
1
1
1
1
1
1
1
1
1
1
1
1
1
1
1
1
1
1
1
1
1
1
1
1
1
1
1
1
1
1
1
1
1
1
1
1
1
1
1
1
1
1
1
1
1
1
1
1
1
1
1
1
1
1
1
1
1
1
1
1
1
1
1
1
1
1
1
1
1
1
1
1
1
1
1
1
1
1
1
1
1
1
1
1
1
1
1
1
1
1
1
1
1
1
1
1
1
1
1
1
1
1
1
1
1
1
1
1
1
1
1
1
1
1
1
1
1
1
1
1
1
1
1
1
1
1
1
1
1
1
1
1
1
1
1
1
1
1
1
1
1
1
1
1
1
1
1
1
1
1
1
1
1
1
1
1
1
1
1
1
1
1
1
1
1
1
1
1
1
1
1
1
1
1
1
1
1
1
1
1
1
1
1
1
1
1
1
1
1
1
1
1
1
1
1
1
1
1
1
1
1
1
1
1
1
1
1
1
1
1
1
1
1
1
1
1
1
1
1
1
1
1
1
1
1
1
1
1
1
1
1
1
1
1
1
1
1
1
1
1
1
1
1
1
1
1
1
1
1
1
1
1
1
1
1
1
1
1
1
1
1
1
1
1
1
1
1
1
1
1
1
1
1
1
1
1
1
1
1
1
1
1
1
1
1
1
1
1
1
1
1
1
1
1
1
1
1
1
1
1
1
1
1
1
1
1
1
1
1
1
1
1
1
1
1
1
1
1
1
1
1
1
1
1
1
1
1
1
1
1
1
1
1
1
1
1
1
1
1
1
1
1
1
1
1
1
1
1
1
1
1
1
1
1
1
1
1
1
1
1
1
1
1
1
1
1
1
1
1
1
1
1
1
1
1
1
1
1
1
1
1
1
1
1
1
1
1
1
1
1
1
1
1
1
1
1
1
1
1
1
1
1
1
1
1
1
1
1
1
1
1
1
1
1
1
1
1
1
1
1
1
1
1
1
1
1
1
1
1
1
1
1
1
1
1
1
1
1
1
1
1
1
1
1
1
1
1
1
1
1
1
1
1
1
1
1
1
1
1
1
1
1
1
1
1
1
1
1
1
1
1
1
1
1
1
1
1
1
1
1
1
1
1
1
1
1
1
1
1
1
1
1
1
1
1
1
1
1
1
1
1
1
1
1
1
1
1
1
1
1
1
1
1
1
1
1
1
1
1
1
1
1
1
1
1
1
1
1
1
1
1
1
1
1
1
1
1
1
1
1
1
1
1
1
1
1
1
1
1
1
1
1
1
1
1
1
1
1
1
1
1
1
1
1
1
1
1
1
1
1
1
1
1
1
1
1
1
1
1
1
1
1
1
1
1
1
1
1
1
1
1
1
1
1
1
1
1
1
1
1
1
1
1
1
1
1
1
1
1
1
1
1
1
1
1
1
1
1
1
1
1
1
1
1
1
1
1
1
1
1
1
1
1
1
1
1
1
1
1
1
1
1
1
1
1
1
1
1
1
1
1
1
1
1
1
1
1
1
1
1
1
1
1
1
1
1
1
1
1
1
1
1
1
1
1
1
1
1
1
1
1
1
1
1
1
1
1
1
1
1
1
1
1
1
1
1
1
1
1
1
1
1
1
1
1
1
1
1
1
1
1
1
1
1
1
1
1
1
1
1
1
1
1
1
1
1
1
1
1
1
1
1
1
1
1
1
1
1
1
1
1
1
1
1
1
1
1
1
1
1
1
1
1
1
1
1
1
1
1
1
1
1
1
1
1
1
1
1
1
1
1
1
1
1
1
1
1
1
1
1
1
1
1
1
1
1
1
1
1
1
1
1
1
1
1
1
1
1
1
1
1
1
1
1
1
1
1
1
1
1
1
1
1
1
1
1
1
1
1
1
1
1
1
1
1
1
1
1
1
1
1
1
1
1
1
1
1
1
1
1
1
1
1
1
1
1
1
1
1
1
1
1
1
1
1
1
1
1
1
1
1
1
1
1
1
1
1
1
1
1
1
1
1
1
1
1
1
1
1
1
1
1
1
1
1
1
1
1
1
1
1
1
1
1
1
1
1
1
1
1
1
1
1
1
1
1
1
1
1
1
1
1
1
1
1
1
1
1
1
1
1
1
1
1
1
1
1
1
1
1
1
1
1
1
0.985851
0.999131
0.996414
0.996318
0.469887
0.664202
0.628614
0.446607
0.439013
0.611336
0.611344
0.438885
0.999755
1
1
0.999482
0.999999
1
0.999451
0.999311
0.999999
1
1
1
0.999949
0.999482
1
0.99931
0.999999
0.999999
1
1
1
1
0.999755
1
1
0.999482
0.999999
1
0.999451
0.999311
0.999999
1
1
1
1
1
1
1
1
1
1
1
1
1
1
1
1
1
1
1
1
1
0.999949
0.999482
1
0.99931
0.999999
0.999999
0.996185
0.999848
0.999935
0.998292
0.986107
0.99056
0.999989
0.999982
1
1
0.999999
1
1
1
1
1
1
1
1
1
1
1
0.999999
0.999999
0.999991
1
0.997701
0.989264
0.996205
0.99925
0.996437
0.99805
0.99937
0.989773
0.999629
0.999956
0.99999
0.999894
1
1
1
1
1
1
1
1
1
1
1
1
0.985851
0.999131
0.996414
0.996318
1
1
1
1
0.999999
0.999999
0.999991
1
0.997701
0.989264
0.996205
0.99925
0.996437
0.99805
0.99937
0.989773
0.999629
0.999956
0.99999
0.999894
1
1
1
1
1
1
1
1
1
1
1
1
0.447401
0.62855
0.664193
0.469888
0.43901
0.611313
0.61126
0.438752
1
1
1
1
1
1
1
1
1
1
1
1
1
1
1
1
1
1
0.996185
0.999848
0.999935
0.998292
0.986107
0.99056
0.999989
0.999982
1
1
0.999999
1
1
1
1
1
1
1
1
1
1
1
1
1
1
1
1
1
1
1
1
1
1
1
1
1
1
1
1
1
1
1
1
1
1
1
1
1
1
1
0.508463
0.575007
0.699135
0.794574
1
1
1
1
1
1
1
1
1
1
1
1
1
1
1
1
1
1
1
1
1
1
1
1
1
1
1
1
1
1
1
1
1
1
1
1
1
1
1
1
0.508463
0.575007
0.699135
0.794574
1
1
1
1
1
1
1
1
1
1
1
1
1
1
1
1
1
1
1
1
1
1
1
1
1
1
1
1
1
1
1
1
1
1
1
1
1
1
1
1
1
1
1
1
1
1
1
1
1
1
1
1
1
1
1
1
1
1
1
1
1
1
0.788809
0.937331
0.834447
0.884511
0.839259
0.956237
0.852411
0.940029
0.879705
0.963924
0.968975
0.862814
0.879465
0.963124
0.862824
0.968129
0.985618
0.99912
0.996428
0.996211
0.622248
0.861047
0.780296
0.91721
0.590881
0.707326
0.999371
0.989828
0.98912
0.999242
0.961322
0.961125
0.648444
0.866091
0.993902
0.979261
0.680704
0.921337
0.768422
0.668472
0.88412
0.919478
0.890936
0.960895
0.985617
0.960307
0.607703
0.856789
0.775652
0.913363
0.575646
0.699399
0.989136
0.999231
0.999392
0.98987
0.960856
0.960344
0.994184
0.979394
0.635221
0.862301
0.669068
0.919608
1
1
1
1
1
1
1
1
1
1
1
1
1
1
1
1
1
1
1
1
1
1
1
1
1
1
1
1
1
1
1
1
1
1
1
1
1
1
1
1
1
1
1
1
1
1
1
1
1
1
1
1
1
1
1
1
1
1
1
1
1
1
1
1
1
1
1
1
1
1
1
1
1
1
1
1
1
1
1
1
1
1
1
1
1
1
1
1
1
1
1
1
1
1
1
1
1
1
1
1
1
1
1
1
1
1
1
1
1
1
1
1
1
1
1
1
1
1
1
1
1
1
1
1
1
1
1
1
1
1
1
1
1
1
1
1
1
1
1
1
1
1
1
1
1
1
1
1
1
1
1
1
1
1
1
1
1
1
1
1
1
1
1
1
1
1
1
1
1
1
1
1
1
1
1
1
1
1
1
1
1
1
1
1
1
1
1
1
1
1
1
1
1
1
1
1
1
1
1
1
1
1
1
1
1
1
1
1
1
1
1
1
1
1
1
1
1
1
1
1
1
1
1
1
1
1
1
1
1
1
1
1
1
1
1
1
1
1
1
1
1
1
1
1
1
1
1
1
1
1
1
1
1
1
1
1
1
1
1
1
1
1
1
1
1
1
1
1
1
1
1
1
1
1
1
1
1
1
1
1
1
1
1
1
1
1
1
1
1
1
1
1
1
1
1
1
1
1
1
1
1
1
1
1
1
1
1
1
0.965356
0.969069
0.620747
0.722086
0.781442
0.91414
0.607703
0.856789
0.775652
0.913363
0.575646
0.699399
0.989136
0.999231
0.999392
0.98987
0.960856
0.960344
0.994184
0.979394
0.635221
0.862301
0.669068
0.919608
1
1
1
1
1
1
1
1
1
1
1
1
0.999957
0.999891
1
1
0.999997
1
1
1
1
1
1
1
0.999237
0.996432
0.87651
0.965453
0.891648
0.98097
0.796649
0.919063
0.848296
0.96021
0.777267
0.80216
1
1
1
1
1
1
1
1
1
1
1
1
0.997839
0.996251
0.999998
0.999999
0.999121
0.999981
0.999662
0.99999
0.89221
0.985808
0.968653
0.995782
0.76867
0.882146
0.996414
0.998025
0.611119
0.802975
0.963198
0.987542
0.62209
0.86556
0.895909
0.971065
1
1
1
1
1
0.999999
1
1
1
1
1
1
1
1
1
1
1
1
1
1
1
1
1
1
1
1
1
1
1
1
1
1
0.842523
0.889262
0.79806
0.99643
0.996221
0.985846
0.86888
0.969274
0.884676
0.891888
0.860526
0.945367
0.814478
0.796827
0.781319
0.893608
0.914072
1
1
1
1
1
1
0.99999
1
0.999999
1
1
1
0.768422
0.668472
0.88412
0.919478
0.890936
0.960895
0.985617
0.960307
1
1
1
1
1
1
1
1
1
1
1
1
1
1
1
1
1
1
1
1
0.999999
0.999999
0.99999
1
1
1
1
1
1
0.999997
0.999999
1
0.969545
0.995867
0.979097
0.993859
0.635395
0.645238
0.870294
0.864623
0.800664
0.779328
0.889888
0.916791
0.630364
0.618887
0.844064
0.859549
1
1
1
1
1
1
1
1
1
1
1
1
0.999954
0.999892
1
1
0.999996
1
1
1
1
1
1
1
1
1
1
1
1
1
1
1
1
1
1
1
1
1
1
1
0.996629
0.999875
0.999434
0.999155
0.996408
0.998016
0.989545
0.999366
0.997899
0.989786
0.996274
0.999283
0.971474
0.993547
0.994579
0.966857
0.619328
0.629044
0.864254
0.858976
0.968399
0.995762
0.978412
0.993687
0.908675
0.97104
0.921273
0.948208
0.616791
0.614502
0.853896
0.857201
0.917146
0.891275
0.940474
0.96942
0.706402
0.801881
0.777142
0.888789
0.96226
0.986106
0.99664
0.990552
0.924297
0.891439
0.972315
0.980944
1
1
1
0.999999
0.999676
0.999964
0.999991
0.999901
1
1
1
1
1
1
1
1
1
1
1
1
1
1
1
1
1
1
1
1
1
1
1
1
1
1
1
1
1
1
1
1
1
1
1
1
1
1
1
1
1
1
1
1
1
1
1
1
1
0.999999
1
1
1
1
1
1
0.997839
0.996251
0.999998
0.999999
0.999121
0.999981
0.999662
0.99999
0.89221
0.985808
0.995782
0.968653
0.996414
0.998025
0.76867
0.882146
0.802975
0.611119
0.987542
0.963198
0.895909
0.971065
0.62209
0.86556
1
1
1
1
1
0.999999
1
1
1
1
1
1
1
1
1
1
1
1
1
1
1
1
1
1
1
1
1
1
1
1
1
1
0.796827
0.781319
0.893608
0.914072
0.842523
0.889262
0.79806
0.99643
0.996221
0.985846
0.86888
0.969274
0.884676
0.891888
0.860526
0.945367
0.814478
1
1
1
1
1
1
0.99999
1
0.999999
1
1
1
0.788809
0.937331
0.834447
0.884511
0.839259
0.956237
0.940029
0.852411
0.879705
0.963924
0.968975
0.862814
0.879465
0.963124
0.968129
0.862824
0.985618
0.99912
0.996428
0.996211
1
1
1
1
1
0.999997
0.999999
1
1
1
1
1
1
1
1
1
1
1
1
1
1
1
1
1
1
1
1
1
0.999999
0.999999
0.99999
1
0.622248
0.861047
0.780296
0.91721
0.590881
0.707326
0.999371
0.989828
0.98912
0.999242
0.961322
0.961125
0.648444
0.866091
0.993902
0.979261
0.680704
0.921337
0.969545
0.995867
0.979097
0.993859
0.635395
0.645238
0.870294
0.864623
0.800664
0.779328
0.889888
0.916791
0.630364
0.618887
0.844064
0.859549
1
1
1
1
1
1
1
1
1
1
1
1
0.999954
0.999892
1
1
0.999996
1
1
1
1
1
1
1
1
1
1
1
1
1
1
1
1
1
1
1
1
1
1
1
0.706402
0.801881
0.777142
0.888789
0.96226
0.986106
0.99664
0.990552
0.924297
0.891439
0.972315
0.980944
0.996408
0.998016
0.989545
0.999366
0.997899
0.989786
0.996274
0.999283
0.996629
0.999875
0.999434
0.999155
0.619328
0.629044
0.864254
0.858976
0.968399
0.995762
0.978412
0.993687
0.971474
0.993547
0.994579
0.966857
0.616791
0.614502
0.853896
0.857201
0.917146
0.891275
0.940474
0.96942
0.908675
0.97104
0.921273
0.948208
1
1
1
1
1
1
1
1
1
0.999999
1
1
1
1
1
1
0.999676
0.999964
0.999991
0.999901
1
1
1
1
1
1
1
0.999999
1
1
1
1
1
1
1
1
1
1
1
1
1
1
1
1
1
1
1
1
1
1
1
1
1
1
1
1
1
1
1
1
1
1
1
1
1
1
1
1
1
1
1
1
1
1
1
1
0.999957
0.999891
1
1
0.999997
1
1
1
1
1
1
1
0.999237
0.996432
0.87651
0.965453
0.891648
0.98097
0.796649
0.919063
0.848296
0.96021
0.777267
0.80216
1
1
1
1
1
1
1
1
1
1
1
1
1
1
1
1
1
1
1
1
1
1
1
1
1
1
1
1
1
1
1
1
1
1
1
1
1
1
1
1
1
1
1
1
1
1
1
1
1
1
1
1
1
1
1
1
1
1
1
1
1
1
1
1
1
1
1
1
1
1
1
1
1
1
1
1
1
1
1
1
1
1
1
1
1
1
1
1
1
1
1
1
1
1
1
1
1
1
1
1
1
1
1
1
1
1
1
1
1
1
1
1
1
1
1
1
1
1
1
1
1
1
1
1
1
1
1
1
1
1
1
1
1
1
1
1
1
1
1
1
1
1
1
1
1
1
1
1
1
1
1
1
1
1
1
1
1
1
1
1
1
1
1
1
1
1
1
1
1
1
1
1
1
1
1
1
1
1
1
1
1
1
1
1
1
1
1
1
1
1
1
1
1
1
1
1
1
1
1
1
1
1
1
1
1
1
1
1
1
1
1
1
1
1
1
1
1
1
1
1
1
1
1
1
1
1
1
1
1
1
1
1
1
1
1
1
1
1
1
1
1
1
1
1
1
1
1
1
1
1
1
1
1
1
1
1
1
1
1
1
1
1
1
1
1
1
1
1
1
1
1
1
1
1
1
1
1
1
1
1
1
1
1
1
1
1
1
1
1
1
1
1
1
1
1
1
1
1
1
1
1
1
1
1
1
1
1
1
1
1
1
1
1
1
1
1
1
1
1
1
1
1
1
1
1
1
1
1
1
1
1
1
1
1
1
1
1
1
1
1
1
1
1
1
1
1
1
1
1
1
1
1
1
1
1
1
1
1
1
1
1
1
1
1
1
1
1
1
1
1
1
1
1
1
1
1
1
1
1
1
1
1
1
1
1
1
1
1
1
1
1
1
1
1
1
1
1
1
1
1
1
1
1
1
1
1
1
1
1
1
1
1
1
1
1
1
1
1
1
1
1
1
1
1
1
1
1
1
1
1
1
1
1
1
1
1
1
1
1
1
1
1
1
1
1
1
1
1
1
1
1
1
1
1
1
1
1
1
1
1
1
1
1
1
1
1
1
1
1
1
1
1
1
1
1
1
1
1
1
1
1
1
1
1
1
1
1
1
1
1
1
1
1
1
1
1
1
1
1
1
1
1
1
1
1
1
1
1
1
1
1
1
1
1
1
1
1
1
1
1
1
1
1
1
1
1
1
1
1
1
1
1
1
1
1
1
1
1
1
1
1
1
1
1
1
1
1
1
1
1
1
1
1
1
1
1
1
1
1
1
1
1
1
1
1
1
1
1
1
1
1
1
1
1
1
1
1
1
1
1
1
1
1
1
1
1
1
1
1
1
1
1
1
1
1
1
1
1
1
1
1
1
1
1
1
1
1
1
1
1
1
1
1
1
1
1
1
1
1
1
1
1
1
1
1
1
1
1
1
1
1
1
1
1
1
1
1
1
1
1
1
1
1
1
1
1
1
1
1
1
1
1
1
1
1
1
1
1
1
1
1
1
1
1
1
1
1
1
1
1
1
1
1
1
1
1
1
1
1
1
1
1
1
1
1
1
1
1
1
1
1
1
1
1
1
1
1
1
1
1
1
1
1
1
1
1
1
1
1
1
1
1
1
1
1
1
1
1
1
1
1
1
1
1
1
1
1
1
1
1
1
1
1
1
1
1
1
1
1
1
1
1
1
1
1
1
1
1
1
1
1
1
1
1
1
1
1
1
1
1
1
1
1
1
1
1
1
1
1
1
1
1
1
1
1
1
1
1
1
1
1
1
1
1
1
1
1
1
1
1
1
1
1
1
1
1
1
1
1
1
1
1
1
1
1
1
1
1
1
1
1
1
1
1
1
1
1
1
1
1
1
1
1
1
1
1
1
1
1
1
1
1
1
1
1
1
1
1
1
1
1
1
1
1
1
1
1
1
1
1
1
1
1
1
1
1
1
1
1
1
1
1
1
1
1
1
1
1
1
1
1
1
1
1
1
1
1
1
1
1
1
1
1
1
1
1
1
1
1
1
1
1
1
1
1
1
1
1
1
1
1
1
1
1
1
1
1
1
1
1
1
1
1
1
1
1
1
1
1
1
1
1
1
1
1
1
1
1
1
1
1
1
1
1
1
1
1
1
1
1
1
1
1
1
1
1
1
1
1
1
1
1
1
1
1
1
1
1
1
1
1
1
1
1
1
1
1
1
1
1
1
1
1
1
1
1
1
1
1
1
1
1
1
1
1
1
1
1
1
1
1
1
1
1
1
1
1
1
1
1
1
1
1
1
1
1
1
1
1
1
1
1
1
1
1
1
1
1
1
1
1
1
1
1
1
1
1
1
1
1
1
1
1
1
1
1
1
1
1
1
1
1
1
1
1
1
1
1
1
1
1
1
1
1
1
1
1
1
1
1
1
1
1
1
1
1
1
1
1
1
1
1
1
1
1
1
1
1
1
1
1
1
1
1
1
1
1
1
1
1
1
1
1
1
1
1
1
1
1
1
1
1
1
1
1
1
1
1
1
1
1
1
1
1
1
1
1
1
1
1
1
1
1
1
1
1
0.438527
0.611371
0.611766
0.439025
0.439025
0.611314
0.439115
0.611371
0.449474
0.698739
0.661758
0.4704
0.431976
0.661749
0.619893
0.449494
0.431976
0.661749
0.619893
0.449494
0.449494
0.698738
0.661749
0.470402
1
1
1
1
1
1
1
1
1
1
1
1
1
1
1
1
1
1
1
1
1
1
1
1
1
1
1
1
1
1
1
1
1
1
1
1
1
1
1
1
0.449466
0.698816
0.661768
0.470323
0.429577
0.66222
0.622162
0.448917
0.439153
0.611294
0.611296
0.439155
0.43915
0.611291
0.611282
0.439154
1
1
1
1
1
1
1
1
1
1
1
1
1
1
1
1
1
1
1
1
1
1
1
1
1
1
1
1
1
1
1
1
1
1
1
1
1
1
1
1
1
1
1
1
1
1
1
1
1
1
1
1
1
1
1
1
1
1
1
1
1
1
1
1
1
1
1
1
1
1
1
1
1
1
1
1
1
1
1
1
1
1
1
1
1
1
1
1
1
1
1
1
1
1
1
1
1
1
1
1
1
1
1
1
1
1
1
1
1
1
1
1
1
1
1
1
1
1
1
1
1
1
1
1
1
1
1
1
1
1
1
1
1
1
1
1
0.441584
0.611295
0.611295
0.439616
0.439142
0.611296
0.611305
0.439219
0.46621
0.669977
0.465973
0.670061
0.44862
0.620005
0.438387
0.613613
1
1
1
1
1
1
1
1
1
1
1
1
1
1
1
1
1
1
1
1
1
1
1
1
1
1
1
1
1
1
1
1
1
1
1
1
1
1
1
1
1
1
1
1
1
1
1
1
1
1
1
1
1
1
1
1
1
1
1
1
1
1
1
1
1
1
1
1
1
1
1
1
1
1
1
1
1
1
1
1
1
1
1
1
1
1
1
1
1
1
1
1
1
1
1
1
1
1
1
1
1
1
1
1
1
1
1
1
1
1
1
1
1
1
1
1
1
1
1
1
1
1
1
1
1
1
1
1
1
1
1
1
1
1
1
1
1
1
1
1
1
1
1
1
1
1
1
1
1
1
1
1
1
1
1
1
1
1
1
1
1
1
1
1
1
1
1
1
1
1
1
1
1
1
1
1
1
1
1
1
1
1
1
1
1
1
1
1
1
1
1
1
1
1
1
1
1
1
1
1
1
1
1
1
1
1
1
1
1
1
1
1
1
1
1
1
1
1
1
1
1
1
1
1
1
1
1
1
1
1
1
1
1
1
1
1
1
1
1
1
1
1
1
1
1
1
1
1
1
1
1
1
1
1
1
1
1
1
1
1
1
1
1
1
1
1
1
1
1
1
1
1
1
1
1
1
1
1
1
1
1
1
1
1
1
1
1
1
0.961875
0.966094
0.999856
0.999889
0.991869
0.999519
0.709753
0.933469
0.970646
0.994805
0.983892
0.995671
0.999995
1
0.999982
1
1
1
1
1
1
1
1
1
1
1
1
1
1
1
1
1
1
1
1
1
0.888406
0.902385
0.972225
0.97618
0.996412
0.987165
0.997034
0.999232
0.976701
0.997064
0.995666
0.983871
0.997031
0.998574
0.991862
0.999519
1
1
1
1
0.999989
0.999999
1
0.999999
1
1
1
1
1
1
1
1
1
1
1
1
1
1
1
1
1
1
1
1
1
1
1
1
0.976701
0.997064
0.995666
0.983871
0.997031
0.998574
0.991862
0.999519
0.888406
0.902385
0.972225
0.97618
0.996412
0.987165
0.997034
0.999232
1
1
1
1
1
1
1
1
1
1
1
1
1
1
1
1
1
1
1
1
0.999989
0.999999
1
0.999999
1
1
1
1
1
1
1
1
0.469888
0.664193
0.62855
0.447401
0.961875
0.966094
0.999856
0.999889
0.991869
0.999519
0.709753
0.933469
0.970646
0.994805
0.983892
0.995671
0.313801
0.570963
0.603731
0.437767
0.620747
0.722086
0.965356
0.969069
0.781442
0.91414
0.999995
1
0.999982
1
1
1
1
1
1
1
1
1
1
1
1
1
1
1
1
1
1
1
1
1
1
1
1
1
1
1
1
1
1
1
1
1
1
1
1
1
1
1
1
1
1
1
1
1
1
1
1
1
1
1
1
1
1
1
1
1
1
1
1
1
1
1
1
1
1
1
1
1
1
1
1
1
1
1
1
1
1
1
1
1
1
1
1
1
1
1
1
1
1
1
1
1
1
1
1
1
1
1
1
1
1
1
1
1
1
1
1
1
1
1
1
1
1
1
1
1
1
1
1
1
1
1
1
1
1
1
1
1
1
1
1
1
1
1
1
1
1
1
1
1
1
1
1
1
1
1
1
1
1
1
1
1
1
1
1
1
1
1
1
1
1
1
1
1
1
1
1
1
1
1
1
1
1
1
1
1
1
1
1
1
1
1
1
1
1
1
1
1
1
1
1
1
1
1
1
1
1
1
1
1
1
1
1
1
1
1
1
1
1
1
1
1
1
1
1
1
1
1
1
1
1
1
1
1
1
1
1
1
1
1
1
1
1
1
1
1
1
1
1
1
1
1
1
1
1
1
1
1
1
1
1
1
1
1
1
1
1
1
1
1
1
1
1
1
1
1
1
1
1
1
1
1
1
1
1
1
1
1
1
1
1
1
1
1
1
1
1
1
1
1
1
1
1
1
1
1
1
1
1
1
1
1
1
1
1
1
1
1
1
1
1
1
1
1
1
1
1
1
1
1
1
1
1
1
1
1
1
1
1
1
1
1
1
1
1
1
1
1
1
1
1
1
1
1
1
1
1
1
1
1
1
1
1
1
1
1
1
1
1
1
1
1
1
1
1
1
1
1
1
1
1
1
1
1
1
1
1
1
1
1
1
1
1
1
1
1
1
1
1
1
1
1
1
1
1
1
1
1
1
1
1
1
1
1
1
1
1
1
1
1
1
1
1
1
1
1
1
1
1
1
1
1
1
1
1
1
1
1
1
1
1
1
1
1
1
1
1
1
1
1
1
1
1
1
1
1
1
1
1
1
1
1
1
1
1
1
1
1
1
1
1
1
1
1
1
1
1
1
1
1
1
1
1
1
1
1
1
1
1
1
1
1
1
1
1
1
1
1
1
1
1
1
1
1
1
1
1
1
1
1
1
1
1
1
1
1
1
1
1
1
1
1
1
1
1
1
1
1
1
1
1
1
1
1
1
1
1
1
1
1
1
1
1
1
1
1
1
1
1
1
1
1
1
1
1
1
1
1
1
1
1
1
1
1
1
1
1
1
1
1
1
1
1
1
1
1
1
1
1
1
1
1
1
1
1
1
1
1
1
1
1
1
1
1
1
1
1
1
1
1
1
1
1
1
1
1
1
1
1
1
1
1
1
1
1
1
1
1
1
1
1
1
1
1
1
1
1
1
1
1
1
1
1
1
1
1
1
1
1
1
1
1
1
1
1
1
1
1
1
1
1
1
1
1
1
1
1
1
1
1
1
1
1
1
1
1
1
1
1
1
1
1
1
1
1
1
1
1
1
1
1
1
1
1
1
1
1
1
1
1
1
1
1
1
1
1
1
1
1
1
1
1
1
1
1
1
1
1
1
1
1
1
1
1
1
1
1
1
1
1
1
1
1
1
1
1
1
1
1
1
1
1
1
1
1
1
1
1
1
1
1
1
1
1
1
1
1
1
1
1
1
1
1
1
1
1
1
1
1
1
1
1
1
1
1
1
1
1
1
1
1
1
1
1
1
1
1
1
1
1
1
1
1
1
1
1
1
1
1
1
1
1
1
1
1
1
1
1
1
1
1
1
1
1
1
1
1
1
1
1
1
1
1
1
1
1
1
1
1
1
1
1
1
1
1
1
1
1
1
1
1
1
1
1
1
1
1
1
1
1
1
1
1
1
1
1
1
1
1
1
1
1
1
1
1
1
1
1
1
1
1
1
1
1
1
1
1
1
1
1
1
1
1
1
1
1
1
1
1
1
1
1
1
1
1
1
1
1
1
1
1
1
1
1
1
1
1
1
1
1
1
1
1
1
1
1
1
1
1
1
1
1
1
1
1
1
1
1
1
1
1
1
1
1
1
1
1
1
1
1
1
1
1
1
1
1
1
1
1
1
1
1
1
1
1
1
1
1
1
1
1
1
1
1
1
1
1
1
1
1
1
1
1
1
1
1
1
1
1
1
1
1
1
1
1
1
1
1
1
1
1
1
1
1
1
1
1
1
1
1
1
1
1
1
1
1
1
1
1
1
1
1
1
1
1
1
1
1
1
1
0.436723
0.619894
0.613573
0.431974
0.470402
0.661749
0.698738
0.449494
0.439156
0.611295
0.611295
0.439156
0.439153
0.611295
0.439156
0.611296
0.449478
0.699277
0.661842
0.470163
0.424987
0.664069
0.628493
0.44747
1
1
1
1
1
1
1
1
1
1
1
1
1
1
1
1
1
1
1
1
1
1
1
1
1
1
1
1
1
1
1
1
1
1
1
1
1
1
1
1
1
1
1
1
1
1
1
1
1
1
1
1
1
1
1
1
1
1
1
1
1
1
1
1
1
1
1
1
1
1
1
1
1
1
1
1
1
1
1
1
1
1
1
1
1
1
1
1
1
1
0.999298
0.999999
0.999999
1
1
1
0.999015
0.999999
0.999999
0.998835
0.999999
0.999999
1
1
1
0.998835
0.999999
0.999999
0.998835
0.999999
0.999999
1
1
1
0.998835
0.999999
0.999999
0.999298
0.999999
0.999999
1
1
1
0.999473
0.999999
1
0.999298
0.999999
0.999999
1
1
1
0.999015
0.999999
0.999999
0.999015
0.999999
0.999999
1
1
1
0.999298
0.999999
0.999999
0.99884
0.999999
0.999999
1
1
1
0.998835
0.999999
0.999999
0.999015
0.999999
0.999999
1
1
1
0.998876
0.999999
0.999999
0.99884
0.999999
0.999999
1
1
1
0.998876
1
0.999999
1
1
1
0.999487
0.999999
1
0.999316
0.999999
0.999999
1
1
1
0.998862
0.999999
0.999999
0.998896
1
0.999999
1
1
1
0.999999
0.998856
0.999999
0.998861
0.999999
0.999999
1
1
1
0.999356
1
0.999999
0.999527
1
1
1
1
1
0.999493
0.999999
1
0.999351
1
0.999999
1
1
1
0.999487
0.999999
1
0.999316
0.999999
0.999999
1
1
1
0.999351
1
0.999999
0.999493
0.999999
1
1
1
1
0.999316
0.999999
0.999999
0.999522
1
1
1
1
1
0.999316
0.999999
0.999999
0.999482
0.999999
1
1
1
1
0.999487
0.999999
1
0.999316
0.999999
0.999999
1
1
1
0.998862
0.999999
0.999999
0.998896
1
0.999999
1
1
1
0.999351
1
0.999999
0.999493
0.999999
1
1
1
1
0.999493
0.999999
1
0.999351
1
0.999999
1
1
1
0.998856
0.999999
0.999999
0.998861
0.999999
0.999999
1
1
1
0.999356
1
0.999999
0.999527
1
1
1
1
1
0.999311
0.999999
0.999999
0.999487
0.999999
1
1
1
1
0.999356
1
0.999999
0.999527
1
1
1
1
1
0.999493
0.999999
1
0.999351
1
0.999999
1
1
1
0.999487
0.999999
1
0.999316
0.999999
0.999999
1
1
1
0.999351
1
0.999999
0.999487
0.999999
1
1
1
1
0.999997
0.998856
0.999999
0.998856
0.999999
0.999999
0.999985
1
1
0.998856
0.999999
0.999999
0.999962
0.998856
0.999999
1
1
1
1
1
1
1
1
1
1
1
1
1
1
1
1
1
1
1
1
1
0.999351
1
0.999999
0.999493
0.999999
1
1
1
1
0.999316
0.999999
0.999999
0.999522
1
1
1
1
1
0.999493
0.999999
1
0.999351
1
0.999999
1
1
1
0.999351
1
0.999999
0.999493
0.999999
1
1
1
1
0.999316
0.999999
0.999999
0.999482
0.999999
1
0.999474
0.999999
1
1
1
1
0.999304
0.999999
0.999999
0.99902
0.999999
0.999999
1
1
1
0.998917
1
0.999999
0.998835
0.999999
0.999999
1
1
1
0.998835
0.999999
0.999999
0.999015
0.999999
0.999999
1
1
1
0.998876
0.999999
0.999999
0.999997
0.998876
0.999999
1
1
1
0.999015
0.999999
0.999999
0.998835
0.999999
0.999999
1
1
1
0.998835
0.999999
0.999999
0.998876
1
0.999999
0.999985
1
1
0.99884
0.999962
0.999999
1
1
1
1
1
1
1
1
1
0.998876
0.999999
0.999999
1
1
1
0.999015
0.999999
0.999999
0.999304
0.999999
0.999999
1
1
1
0.999474
0.999999
1
1
1
1
0.999351
1
0.999999
0.999493
0.999999
1
1
1
1
0.999493
0.999999
1
0.999351
1
0.999999
1
1
1
0.999311
0.999999
0.999999
0.999487
0.999999
1
1
1
1
0.999356
1
0.999999
0.999527
1
1
1
1
1
0.999351
1
0.999999
0.999487
0.999999
1
1
1
1
0.999997
0.998856
0.999999
0.998856
0.999999
0.999999
0.999985
1
1
0.998856
0.999999
0.999999
0.999962
0.998856
0.999999
1
1
1
1
1
1
1
1
1
1
1
1
1
1
1
1
1
1
1
1
1
0.999493
0.999999
1
0.999351
1
0.999999
1
1
1
0.999351
1
0.999999
0.999493
0.999999
1
1
1
1
1
1
1
1
1
1
1
1
1
1
1
1
1
1
1
1
1
1
1
1
1
1
1
1
1
1
1
1
1
1
1
1
1
1
1
1
1
1
1
1
1
1
1
1
1
1
1
1
1
1
1
1
1
1
1
1
1
1
1
1
1
1
1
1
1
1
1
1
1
1
1
1
1
1
1
1
1
1
1
1
1
1
1
1
1
1
1
1
1
1
1
1
1
1
1
1
1
1
1
1
1
1
1
1
1
1
1
1
1
1
1
1
1
1
1
1
1
1
1
1
1
1
1
1
1
1
1
1
1
1
1
1
1
1
1
1
1
1
1
1
1
1
1
1
1
1
1
1
1
1
1
1
1
1
1
1
1
1
1
1
1
1
1
1
1
1
1
1
1
1
1
1
1
1
1
1
1
1
1
1
1
1
1
1
1
1
1
1
1
1
1
1
1
1
1
1
1
1
1
1
1
1
1
1
1
1
1
1
1
1
1
1
1
1
1
1
1
1
1
1
1
1
1
1
1
1
1
1
1
1
1
1
1
1
1
1
1
1
1
1
1
1
1
1
1
1
1
1
1
1
1
1
1
1
1
1
1
1
1
1
1
1
1
1
1
1
1
1
1
1
1
1
1
1
1
1
1
1
1
1
1
1
1
1
1
1
1
1
1
1
1
1
1
1
1
1
1
1
1
1
1
1
1
1
1
1
1
1
1
1
1
1
1
1
1
1
1
1
1
1
1
1
1
1
1
1
1
1
1
1
1
1
1
1
1
1
1
1
1
1
1
1
1
1
1
1
1
1
1
1
1
1
1
1
1
1
1
1
1
1
1
1
1
1
1
1
1
1
1
1
1
1
1
1
1
1
1
1
1
1
1
1
1
1
1
1
1
1
1
1
1
1
1
1
1
1
1
1
1
1
1
1
1
1
1
1
1
1
1
1
1
1
1
1
1
1
1
1
1
1
1
1
1
1
1
1
1
1
1
1
1
1
1
1
1
1
1
1
1
1
1
1
1
1
1
1
1
1
1
1
1
1
1
1
1
1
1
1
1
1
1
1
1
1
1
1
1
1
1
1
1
1
1
1
1
1
1
1
1
1
1
1
1
1
1
1
1
1
1
1
1
1
1
1
1
1
1
1
1
1
1
1
1
1
1
1
1
1
1
1
1
1
1
1
1
1
1
1
1
1
1
1
1
1
1
1
1
1
1
1
1
1
1
1
1
1
1
1
1
1
1
1
1
1
1
1
1
1
1
1
1
1
1
1
1
1
1
1
1
1
1
1
1
1
1
1
1
1
1
1
1
1
1
1
1
1
1
1
1
1
1
1
1
1
1
1
1
1
1
1
1
1
1
1
1
1
1
1
1
1
1
1
1
1
1
1
1
1
1
1
1
1
1
1
1
1
1
1
1
1
1
1
1
1
1
1
1
1
1
1
1
1
1
1
1
1
1
1
1
1
1
1
1
1
1
1
1
1
1
1
1
1
1
1
1
1
1
1
1
1
1
1
1
1
1
1
1
1
1
1
1
1
1
1
1
1
1
1
1
1
1
1
1
1
1
1
1
1
1
1
1
1
1
1
1
1
1
1
1
1
1
1
1
1
1
1
1
1
1
1
1
1
1
1
1
1
1
1
1
1
1
1
1
1
1
1
1
1
1
1
1
1
1
1
1
1
1
1
1
1
1
1
1
1
1
1
1
1
1
1
1
1
1
1
1
1
1
1
1
1
1
1
1
1
1
1
1
1
1
1
1
1
1
1
1
1
1
1
1
1
1
1
1
1
1
1
1
1
1
1
1
1
1
1
1
1
1
1
1
1
1
1
1
1
1
1
1
1
1
1
1
1
1
1
1
1
1
1
1
1
1
1
1
1
1
1
1
1
1
1
1
1
1
1
1
1
1
1
1
1
1
1
1
1
1
1
1
1
1
1
1
1
1
1
1
1
1
1
1
1
1
1
1
1
1
1
1
1
1
1
1
1
1
1
1
1
1
1
1
1
1
1
1
1
1
1
1
1
1
1
1
1
1
1
1
1
1
1
1
1
1
1
1
1
1
1
1
1
1
1
1
1
1
1
1
1
1
1
1
1
1
1
1
1
1
1
1
1
0.999999
0.999991
1
1
1
1
1
1
1
1
1
0.999999
1
1
1
1
1
1
1
1
1
1
1
1
1
1
1
1
0.999999
1
1
1
1
1
0.999999
1
1
1
1
1
1
1
1
1
1
1
1
1
1
1
1
1
1
1
1
1
1
1
1
1
1
1
1
1
1
1
1
1
1
1
1
1
1
1
1
1
1
1
1
1
1
1
1
1
1
1
1
1
1
1
1
1
1
1
1
1
1
1
1
1
1
1
1
1
1
1
1
1
1
1
1
1
1
1
1
1
1
1
1
1
1
1
0.999999
1
1
1
1
1
1
1
1
1
1
1
1
1
1
1
1
1
1
1
0.999999
1
1
1
0.999999
0.999986
0.999999
1
1
1
1
1
1
1
1
1
1
1
1
1
1
1
1
1
1
1
1
1
1
1
1
1
1
1
1
1
1
1
1
1
1
1
1
1
1
1
1
1
1
1
1
1
1
1
1
0.999999
0.999986
0.999999
1
1
1
1
1
1
1
1
1
1
1
1
1
1
1
1
1
1
1
1
1
1
1
1
1
1
1
1
1
1
1
1
1
1
1
1
1
1
1
1
1
1
1
1
1
1
1
1
1
1
1
1
1
1
1
1
1
1
1
1
1
1
1
1
1
1
1
1
1
1
1
1
1
1
1
1
1
1
1
1
1
1
1
1
1
1
1
1
1
1
1
1
1
1
1
1
1
1
1
1
1
1
1
1
1
1
1
1
1
1
1
1
1
1
1
1
1
1
1
1
1
1
1
1
1
1
1
1
1
1
1
1
1
1
1
1
1
1
1
1
1
1
1
1
1
1
1
1
1
1
1
1
1
1
1
1
1
0.994497
0.9768
1
1
0.97651
1
1
1
1
1
1
1
1
1
1
0.994497
0.9768
1
1
1
1
1
1
1
1
1
1
1
1
1
1
1
1
1
1
1
1
1
1
1
1
1
1
1
1
1
1
0.97651
1
1
1
1
1
1
1
1
1
1
1
1
1
1
1
1
1
1
1
1
1
1
1
1
1
1
0.865069
0.964646
0.975797
0.994498
0.977982
0.994035
0.996052
0.985649
0.983736
0.995663
0.994969
0.98293
0.975472
0.994729
0.973813
0.993953
0.983736
0.995663
0.994969
0.982953
0.983737
0.995664
0.996292
0.98583
0.993703
0.97667
0.974293
0.99306
0.998932
0.999861
1
1
0.998195
0.999788
0.999781
0.998206
0.999999
0.999999
0.974665
0.994035
0.99699
0.986771
0.985989
0.996296
0.995668
0.983894
0.982953
0.994969
0.994729
0.975472
0.975386
0.994726
0.994039
0.974846
1
1
1
1
1
1
1
1
1
1
1
1
1
1
1
1
1
1
1
1
1
1
1
1
1
1
1
1
1
1
1
1
1
1
1
1
1
1
1
1
1
1
1
1
1
1
1
1
1
1
1
1
1
1
1
1
1
1
1
1
1
1
1
1
1
1
1
1
1
1
1
1
1
1
1
1
1
1
1
1
1
1
1
1
1
1
1
1
1
1
1
1
1
1
1
1
1
1
1
1
1
1
1
1
1
1
1
1
1
1
1
1
1
1
1
1
1
1
1
1
1
1
1
1
1
1
1
1
1
1
1
1
1
1
1
1
1
1
1
1
0.982748
0.996849
0.943382
0.987777
0.977982
0.994035
0.996052
0.985649
0.983736
0.995663
0.994969
0.98293
0.983737
0.995664
0.996296
0.985989
0.985989
0.996296
0.995664
0.983737
0.985989
0.996296
0.996986
0.986589
0.974482
0.993795
0.994733
0.982929
0.975548
0.999754
0.999999
0.999052
0.999989
0.974478
0.993784
1
1
1
1
1
1
0.975472
0.994729
0.973813
0.993953
0.985989
0.996296
0.99699
0.986771
0.974846
0.994039
0.995667
0.983894
0.983736
0.995663
0.994969
0.982953
0.983737
0.995664
0.996292
0.98583
0.974432
0.99379
0.993799
0.974665
0.985989
0.996296
0.994729
0.975449
0.993703
0.97667
0.974293
0.99306
0.998932
0.999861
1
1
0.998195
0.999788
0.999781
0.998206
0.999999
0.999999
0.999984
0.99999
0.999989
1
0.999999
0.999999
0.999188
0.993888
0.999057
0.998951
0.999786
0.998182
0.974507
0.993795
0.993779
0.974324
0.976615
0.994559
0.994463
0.976683
0.999999
1
1
1
0.999755
0.999031
0.99986
0.998925
0.988687
0.973599
0.975679
0.994463
0.993659
0.976546
1
1
1
1
1
1
1
1
1
1
1
1
1
1
1
1
0.999999
1
1
1
1
1
1
1
1
1
1
1
1
1
1
1
1
1
1
1
1
1
1
1
1
1
1
1
1
1
1
1
1
1
1
1
1
1
1
1
0.974665
0.994035
0.99699
0.986771
0.985989
0.996296
0.995668
0.983894
0.98583
0.996292
0.995664
0.983737
0.983737
0.995664
0.996296
0.985989
0.982953
0.994969
0.994729
0.975472
0.975386
0.994726
0.994039
0.974846
0.999159
0.99978
0.999898
0.999007
0.999989
1
0.999999
0.999999
0.994394
0.999018
0.998908
0.994496
0.999864
0.999857
0.999972
0.999746
0.999999
1
1
1
0.99356
0.998935
0.998145
0.994393
1
1
1
1
1
1
1
1
1
1
1
1
1
1
1
1
1
1
1
1
1
1
1
1
1
1
1
1
1
1
1
1
0.946393
0.976507
0.865069
0.964646
0.975797
0.994498
0.993473
0.975654
0.976612
0.994464
0.87906
0.863652
0.946843
0.964312
0.8787
0.874375
0.96321
0.967837
0.997881
0.993385
0.994395
0.99891
0.946393
0.976507
0.993473
0.975654
0.976612
0.994464
0.87906
0.863652
0.946843
0.964312
0.8787
0.874375
0.96321
0.967837
0.997881
0.993385
0.994395
0.99891
0.982748
0.996849
0.943382
0.987777
0.985989
0.996296
0.995664
0.983737
0.975548
0.999754
0.999999
0.999052
0.999989
1
1
1
1
1
1
0.985989
0.996296
0.99699
0.986771
0.974846
0.994039
0.995667
0.983894
0.974432
0.99379
0.993799
0.974665
0.985989
0.996296
0.994729
0.975449
0.999989
1
0.999999
0.999999
0.999984
0.99999
0.999057
0.998951
0.999786
0.998182
0.999188
0.993888
0.976615
0.994559
0.994463
0.976683
0.974507
0.993795
0.993779
0.974324
0.999999
1
1
1
0.999755
0.999031
0.99986
0.998925
0.975679
0.994463
0.993659
0.976546
0.988687
0.973599
1
1
1
1
1
1
1
1
1
1
1
1
1
1
1
1
1
1
1
1
0.999999
1
1
1
1
1
1
1
1
1
1
1
1
1
1
1
1
1
1
1
1
1
1
1
1
1
1
1
1
1
1
1
1
1
1
1
0.98583
0.996292
0.995664
0.983737
0.983737
0.995664
0.996296
0.985989
0.999159
0.99978
0.999898
0.999007
0.999989
1
0.999999
0.999999
0.994394
0.999018
0.998908
0.994496
0.999864
0.999857
0.999972
0.999746
0.999999
1
1
1
0.99356
0.998935
0.998145
0.994393
1
1
1
1
1
1
1
1
1
1
1
1
1
1
1
1
1
1
1
1
1
1
1
1
1
1
1
1
1
1
1
1
1
1
1
1
1
1
1
1
1
1
1
1
1
1
1
1
1
1
1
1
1
1
1
1
1
1
1
1
1
1
1
1
1
1
1
1
1
1
1
1
1
1
1
1
1
1
1
1
1
1
1
1
1
1
1
1
1
1
1
1
1
1
1
1
1
1
1
1
1
1
1
1
1
1
1
1
1
1
1
1
1
1
1
1
1
1
1
1
1
1
1
1
1
1
1
1
1
1
1
1
1
1
1
1
1
1
1
1
1
1
1
1
1
1
1
1
1
1
1
1
1
1
1
1
1
1
1
1
1
1
1
1
1
1
1
1
1
1
1
1
1
1
1
1
1
1
1
1
1
1
1
1
1
1
1
1
1
1
1
1
1
1
1
1
1
1
1
1
1
1
1
1
1
1
1
1
1
1
1
1
1
1
1
1
1
1
1
1
1
1
1
1
1
1
1
1
1
1
1
1
1
1
1
1
1
1
1
1
1
1
1
1
1
1
1
1
1
1
1
1
1
1
1
1
1
1
1
1
1
1
1
1
1
1
1
1
1
1
1
1
1
1
1
1
1
1
1
1
1
1
1
1
1
1
1
1
1
1
1
1
1
1
1
1
1
1
1
1
1
1
1
1
1
1
1
1
1
1
1
1
1
1
1
1
1
1
1
1
1
1
1
1
1
1
1
1
1
1
1
1
1
1
1
1
1
1
1
1
1
1
1
1
1
1
1
1
1
1
1
1
1
1
1
1
1
1
1
1
1
1
1
1
1
1
1
1
1
1
1
1
1
1
1
1
1
1
1
1
1
1
1
1
1
1
1
1
1
1
1
1
1
1
1
1
1
1
1
1
1
1
1
1
1
1
1
1
1
1
1
1
1
1
1
1
1
1
1
1
1
1
1
1
1
1
1
1
1
1
1
1
1
1
1
1
1
1
1
1
1
1
1
1
1
1
1
1
1
1
1
1
1
1
1
1
1
1
1
1
1
1
1
1
1
1
1
1
1
1
1
1
1
1
1
1
1
1
1
1
1
1
1
1
1
1
1
1
1
1
1
1
1
1
1
1
1
1
1
1
1
1
1
1
1
1
1
1
1
1
1
1
1
1
1
1
1
1
1
1
1
1
1
1
1
1
1
1
1
1
1
1
1
1
1
1
1
1
1
1
1
1
1
1
1
1
1
1
1
1
1
1
1
1
1
1
1
1
1
1
1
1
1
1
1
1
1
1
1
1
1
1
1
1
1
1
1
1
1
1
1
1
1
1
1
1
1
1
1
1
1
1
1
1
1
1
1
1
1
1
1
1
1
1
1
1
1
1
1
1
1
1
1
1
1
1
1
1
1
1
1
1
1
1
1
1
1
1
1
1
1
1
1
1
1
1
1
1
1
1
1
1
1
1
1
1
1
1
1
1
1
1
1
1
1
0.89055
0.969363
0.999986
1
0.998808
0.998934
0.996336
0.999855
0.985989
0.996296
0.996986
0.986589
0.974482
0.993795
0.994733
0.982929
1
1
1
1
1
1
1
1
1
1
1
1
1
1
1
1
1
1
1
1
1
1
1
1
1
1
1
1
1
1
1
1
1
1
1
1
1
1
1
1
1
1
1
1
1
1
1
1
1
1
1
1
1
1
1
1
1
1
1
1
1
1
1
1
1
1
1
1
1
1
1
1
1
1
1
1
1
1
1
1
1
1
1
1
1
1
1
1
1
1
1
1
1
1
1
1
1
1
1
1
1
1
1
1
1
1
1
1
1
1
1
1
1
1
1
1
1
1
1
1
1
1
1
1
1
1
1
1
1
1
1
1
1
1
1
1
1
1
1
1
1
1
1
1
1
1
1
1
1
1
1
1
1
1
1
1
1
1
0.999174
0.999982
0.999482
0.99991
0.96991
0.992888
1
1
1
1
1
1
0.999999
0.999998
1
1
1
1
0.998849
0.999843
1
1
1
1
0.970945
0.999999
0.999756
0.999203
1
1
1
1
1
1
0.999999
1
0.89055
0.969363
0.999986
1
0.998808
0.998934
0.996336
0.999855
0.99924
0.996349
0.999202
0.999856
0.997933
0.9988
0.999757
0.998927
0.884082
0.889293
0.971224
0.96907
1
1
1
1
1
1
1
1
1
1
1
1
0.999988
0.999982
1
1
0.999886
0.999988
0.999999
0.999983
1
1
1
1
1
1
1
1
1
1
1
1
1
1
1
1
1
1
1
1
0.880645
0.885412
0.970513
0.969032
0.999999
0.999986
0.999999
1
0.998725
0.998884
0.999866
0.999749
0.99927
0.996418
0.999211
0.999859
1
1
1
1
1
1
1
1
0.999893
0.999989
0.999999
0.999983
1
1
1
1
1
1
1
1
1
1
1
1
1
1
1
1
1
1
1
1
0.970945
0.999999
0.999756
0.999203
1
1
1
1
1
1
0.999999
1
0.99924
0.996349
0.999202
0.999856
0.997933
0.9988
0.999757
0.998927
0.884082
0.889293
0.971224
0.96907
1
1
1
1
1
1
1
1
1
1
1
1
0.999988
0.999982
1
1
0.999886
0.999988
0.999999
0.999983
1
1
1
1
1
1
1
1
1
1
1
1
1
1
1
1
1
1
1
1
0.880645
0.885412
0.970513
0.969032
0.999999
0.999986
0.999999
1
0.998725
0.998884
0.999866
0.999749
0.99927
0.996418
0.999211
0.999859
1
1
1
1
1
1
1
1
0.999893
0.999989
0.999999
0.999983
1
1
1
1
1
1
1
1
1
1
1
1
1
1
1
1
1
1
1
1
0.999174
0.999982
0.999482
0.99991
0.96991
0.992888
1
1
1
1
1
1
0.999999
0.999998
1
1
1
1
0.983737
0.995664
0.985989
0.996296
0.999843
0.998849
0.974478
0.993784
1
1
1
1
1
1
1
1
1
1
1
1
1
1
1
1
1
1
1
1
1
1
1
1
1
1
1
1
1
1
1
1
1
1
1
1
1
1
1
1
1
1
1
1
1
1
1
1
1
1
1
1
1
1
1
1
1
1
1
1
1
1
1
1
1
1
1
1
1
1
1
1
1
1
1
1
1
1
1
1
1
1
1
1
1
1
1
1
1
1
1
1
1
1
1
1
1
1
1
1
1
1
1
1
1
1
1
1
1
1
1
1
1
1
1
1
1
1
1
1
1
1
1
1
1
1
1
1
1
1
1
1
1
1
1
1
1
1
1
1
1
1
1
1
1
1
1
1
1
1
1
1
1
1
1
1
1
1
1
1
1
1
1
1
1
1
1
1
1
1
1
1
1
1
1
1
1
1
1
1
1
1
1
1
1
1
1
1
1
1
1
1
1
1
1
1
1
1
1
1
1
1
1
1
1
1
1
1
1
1
1
1
1
1
1
1
1
1
1
1
1
1
1
1
1
1
1
1
1
1
1
1
1
1
1
1
1
1
1
1
1
1
1
1
1
1
1
1
1
1
1
1
1
1
1
1
1
1
1
1
1
1
1
1
1
1
1
1
1
1
1
1
1
1
1
1
1
1
1
1
1
1
1
1
1
1
1
1
1
1
1
1
1
1
1
1
1
1
1
1
1
1
1
1
1
1
1
1
1
1
1
1
1
1
1
1
1
1
1
1
1
1
1
1
1
1
1
1
1
1
1
1
1
1
1
1
1
1
1
1
1
1
1
1
1
1
1
1
1
1
1
1
1
1
1
1
1
1
1
1
1
1
1
1
1
1
1
1
1
1
1
1
1
1
1
1
1
1
1
1
1
1
1
1
1
1
1
1
1
1
1
1
1
1
1
1
1
1
1
1
1
1
1
1
1
1
1
1
1
1
1
1
1
1
1
1
1
1
1
1
1
1
1
1
1
1
1
1
1
1
1
1
1
1
1
1
1
1
1
1
1
1
1
1
1
1
1
1
1
1
1
1
1
1
1
1
1
1
1
1
1
1
1
1
1
1
1
1
1
1
1
1
1
1
1
1
1
1
1
1
1
1
0.999987
1
0.999033
0.999848
0.998875
0.998797
1
1
0.999757
0.999027
0.998897
0.999844
0.999987
1
0.999033
0.999848
0.998875
0.998797
1
1
1
1
1
1
1
1
1
1
1
1
1
1
0.999757
0.999027
0.998897
0.999844
1
1
1
1
1
1
1
1
1
1
1
1
1
1
1
1
1
1
1
1
1
1
1
1
1
1
1
1
1
1
1
1
1
1
1
1
1
1
1
1
1
1
1
1
1
1
1
1
1
1
1
1
1
1
1
1
1
1
1
1
1
1
1
1
1
1
1
1
1
1
1
1
1
1
1
1
1
1
1
1
1
1
1
1
1
1
1
1
1
1
1
1
1
1
1
1
1
1
1
1
1
1
1
1
1
1
1
1
1
1
1
1
1
1
1
1
1
1
1
1
1
1
1
1
1
1
0.999298
0.999864
0.999909
1
1
1
0.99884
0.99984
0.999841
0.998876
0.999864
0.999845
1
1
1
0.998835
0.99984
0.99984
0.998835
0.999841
0.99984
1
1
1
0.998835
0.999841
0.99984
0.998876
0.999841
0.999845
1
1
1
0.999015
0.999845
0.999864
0.999298
0.999864
0.999909
1
1
1
0.998846
0.999845
0.999841
0.99884
0.99984
0.999841
1
1
1
0.999298
0.999864
0.999909
0.999015
0.999909
0.999864
1
1
1
0.998835
0.99984
0.99984
0.999473
0.999909
0.999937
1
1
1
0.998835
0.99984
0.99984
0.998835
0.99984
0.99984
1
1
1
0.999298
0.999937
0.999909
1
1
0.99921
0.999915
0.999073
0.999911
1
1
0.998896
0.999867
0.99931
0.999938
1
1
0.999843
0.998856
0.999033
0.999911
1
1
0.999351
0.999939
0.999487
0.999943
1
1
0.99921
0.999915
0.999351
0.999939
1
1
0.99921
0.999915
0.999073
0.999911
1
1
0.999351
0.999939
0.99921
0.999915
1
1
0.998896
0.999844
0.999488
0.999943
1
1
0.999073
0.999911
0.999033
0.999848
1
1
0.99921
0.999915
0.999073
0.999911
1
1
0.998896
0.999867
0.99931
0.999938
1
1
0.999351
0.999939
0.99921
0.999915
1
1
0.99921
0.999915
0.999351
0.999939
1
1
0.998856
0.999843
0.999033
0.999911
1
1
0.999351
0.999939
0.999487
0.999943
1
1
0.998897
0.999844
0.99921
0.999915
1
1
0.999351
0.999939
0.999488
0.999943
1
1
0.99921
0.999915
0.999351
0.999939
1
1
0.99921
0.999915
0.999073
0.999911
1
1
0.999351
0.999939
0.999033
0.999848
1
1
0.999838
0.998855
0.998856
0.999844
0.999999
1
0.998856
0.999843
0.999776
0.998848
1
1
1
1
1
1
1
1
1
1
1
1
1
1
0.999351
0.999939
0.99921
0.999915
1
1
0.998896
0.999844
0.999488
0.999943
1
1
0.99921
0.999915
0.999351
0.999939
1
1
0.999351
0.999939
0.99921
0.999915
1
1
0.999073
0.999911
0.999033
0.999848
0.999015
0.999845
0.999864
1
1
1
0.999056
0.999909
0.999869
0.999474
0.999909
0.999937
1
1
1
0.999299
0.999937
0.999909
0.99884
0.999845
0.999841
1
1
1
0.998835
0.99984
0.99984
0.999473
0.999909
0.999937
1
1
1
0.998835
0.99984
0.99984
0.999835
0.998834
0.99984
1
1
1
0.999473
0.999909
0.999937
0.998835
0.99984
0.99984
1
1
1
0.998876
0.999864
0.999845
0.999298
0.999937
0.999909
0.999999
1
1
0.998826
0.999771
0.999835
1
1
1
1
1
1
1
1
1
0.998835
0.99984
0.99984
1
1
1
0.999474
0.999909
0.999937
0.999056
0.999909
0.999869
1
1
1
0.999056
0.999869
0.999869
1
1
0.999351
0.999939
0.99921
0.999915
1
1
0.99921
0.999915
0.999351
0.999939
1
1
0.998897
0.999844
0.99921
0.999915
1
1
0.999351
0.999939
0.999488
0.999943
1
1
0.999351
0.999939
0.999033
0.999848
1
1
0.999838
0.998855
0.998856
0.999844
0.999999
1
0.998856
0.999843
0.999776
0.998848
1
1
1
1
1
1
1
1
1
1
1
1
1
1
0.99921
0.999915
0.999351
0.999939
1
1
0.999351
0.999939
0.99921
0.999915
1
1
1
1
1
1
1
1
1
1
1
1
1
1
1
1
1
1
1
1
1
1
1
1
1
1
1
1
1
1
1
1
1
1
1
1
1
1
1
1
1
1
1
1
1
1
1
1
1
1
1
1
1
1
1
1
1
1
1
1
1
1
1
1
1
1
1
1
1
1
1
1
1
1
1
1
1
1
1
1
1
1
1
1
1
1
1
1
1
1
1
1
1
1
1
1
1
1
1
1
1
1
1
1
1
1
1
1
1
1
1
1
1
1
1
1
1
1
1
1
1
1
1
1
1
1
1
1
1
1
1
1
1
1
1
1
1
1
1
1
1
1
1
1
1
1
1
1
1
1
1
1
1
1
1
1
1
1
1
1
1
1
1
1
1
1
1
1
1
1
1
1
1
1
1
1
1
1
1
1
1
1
1
1
1
1
1
1
1
1
1
1
1
1
1
1
1
1
1
1
1
1
1
1
1
1
1
1
1
1
1
1
1
1
1
1
1
1
1
1
1
1
1
1
1
1
1
1
1
1
1
1
1
1
1
1
1
1
1
1
1
1
1
1
1
1
1
1
1
1
1
1
1
1
1
1
1
1
1
1
1
1
1
1
1
1
1
1
1
1
1
1
1
1
1
1
1
1
1
1
1
1
1
1
1
1
1
1
1
1
1
1
1
1
1
1
1
1
1
1
1
1
1
1
1
1
1
1
1
1
1
1
1
1
1
1
1
1
1
1
1
1
1
1
1
1
1
1
1
1
1
1
1
1
1
1
1
1
1
1
1
1
1
1
1
1
1
1
1
1
1
1
1
1
1
1
1
1
1
1
1
1
1
1
1
1
1
1
1
1
1
1
1
1
1
1
1
1
1
1
1
1
1
1
1
1
1
1
1
1
1
1
1
1
1
1
1
1
1
1
1
1
1
1
1
1
1
1
1
1
1
1
1
1
1
1
1
1
1
1
1
1
1
1
1
1
1
1
1
1
1
1
1
1
1
1
1
1
1
1
1
1
1
1
1
1
1
1
1
1
1
1
1
1
1
1
1
1
1
1
1
1
1
1
1
1
1
1
1
1
1
1
1
1
1
1
1
1
1
1
1
1
1
1
1
1
1
1
1
1
1
1
1
1
1
1
1
1
1
1
1
1
1
1
1
1
1
1
1
1
1
1
1
1
1
1
1
1
1
1
1
1
1
1
1
1
1
1
1
1
1
1
1
1
1
1
1
1
1
1
1
1
1
1
1
1
1
1
1
1
1
1
1
1
1
1
1
1
1
1
1
1
1
1
1
1
1
1
1
1
1
1
1
1
1
1
1
1
1
1
1
1
1
1
1
1
1
1
1
1
1
1
1
1
1
1
1
1
1
1
1
1
1
1
1
1
1
1
1
1
1
1
1
1
1
1
1
1
1
1
1
1
1
1
1
1
1
1
1
1
1
1
1
1
1
1
1
1
1
1
1
1
1
1
1
1
1
1
1
1
1
1
1
1
1
1
1
1
1
1
1
1
1
1
1
1
1
1
1
1
1
1
1
1
1
1
1
1
1
1
1
1
1
1
1
1
1
1
1
1
1
1
1
1
1
1
1
1
1
1
1
1
1
1
1
1
1
1
1
1
1
1
1
1
1
1
1
1
1
1
1
1
1
1
1
1
1
1
1
1
1
1
1
1
1
1
1
1
1
1
1
1
1
1
1
1
1
1
1
1
1
1
1
1
1
1
1
1
1
1
1
1
1
1
1
1
1
1
1
1
1
1
1
1
1
1
1
1
1
1
1
1
1
1
1
1
1
1
1
1
1
1
1
1
1
1
1
1
1
1
1
1
1
1
1
1
1
1
1
1
1
1
1
1
1
1
1
1
1
1
1
1
1
1
1
1
1
1
1
1
1
1
1
1
1
1
1
1
1
1
1
1
1
1
1
1
1
1
1
1
1
1
1
1
1
1
1
1
1
1
1
1
1
1
1
1
1
1
1
1
1
1
1
1
1
1
1
1
1
1
1
1
1
1
1
1
1
1
1
1
1
1
1
1
1
1
1
1
1
1
1
1
1
1
1
1
1
1
1
1
1
1
0.999996
0.999843
0.999953
0.999287
0.999985
0.999902
0.997304
0.998749
0.999575
1
1
1
1
1
1
1
1
1
1
1
1
1
1
1
1
1
1
1
1
1
1
1
1
1
1
1
0.999995
0.999999
1
1
1
1
1
1
1
0.999999
0.999994
0.999999
1
1
1
1
1
1
1
1
1
1
1
1
1
1
1
1
1
1
1
1
1
1
1
1
1
1
1
1
1
1
1
1
1
1
1
1
1
1
1
1
1
1
1
0.999275
0.999985
0.999996
0.999844
0.997293
0.998754
1
1
1
1
1
1
1
1
1
1
1
1
0.999995
0.999999
1
1
1
1
1
1
1
1
1
1
1
1
1
1
1
1
1
1
1
1
1
1
1
1
1
1
1
1
1
1
1
1
1
1
1
1
1
1
1
1
1
1
1
1
1
1
1
1
1
1
1
1
1
1
1
1
1
1
1
1
1
1
1
1
1
1
1
1
1
1
1
1
1
1
1
1
1
1
1
1
1
1
1
1
1
1
1
1
1
1
1
1
1
1
1
1
1
1
1
1
1
1
1
1
1
1
1
1
1
1
1
1
1
1
1
1
1
1
1
1
1
1
1
1
1
1
1
1
1
1
1
1
1
1
1
1
1
1
1
1
1
1
1
1
1
1
1
1
1
1
1
1
1
1
1
1
1
1
1
1
1
1
1
1
1
1
1
1
1
1
1
1
1
1
1
1
1
1
1
1
1
1
1
1
1
1
1
1
1
1
1
1
1
1
0.99999
1
1
0.999999
0.999946
0.999983
1
1
1
1
1
1
1
1
1
1
1
1
1
1
1
1
1
1
1
1
1
1
1
1
1
1
1
1
1
1
1
1
1
1
1
1
1
1
1
1
1
1
1
1
1
1
1
1
1
1
1
1
1
1
1
1
1
1
1
1
1
1
1
1
1
1
0.999275
0.999985
0.999996
0.999844
0.997293
0.998754
1
1
1
1
1
1
1
1
1
1
1
1
0.999999
0.999999
1
1
1
1
1
1
1
1
1
1
1
1
1
1
1
1
1
1
1
1
1
1
1
1
1
1
1
1
1
1
1
1
1
1
1
1
1
1
1
1
0.999995
0.999999
1
1
1
1
1
1
1
1
1
1
0.999999
0.999994
0.999999
1
1
1
1
1
1
1
1
1
0.99973
0.999923
0.999994
0.999974
1
1
1
0.999999
1
1
1
1
1
1
1
1
1
1
1
1
1
1
1
1
1
1
1
1
1
1
1
1
1
1
1
1
1
1
1
1
1
1
1
1
1
1
1
1
1
1
1
1
1
1
1
1
1
1
1
1
1
0.999999
1
0.99999
1
0.999999
0.999946
0.999983
0.999996
1
1
1
1
1
1
1
1
1
1
1
1
1
1
1
1
1
1
1
1
1
1
1
1
1
1
1
1
1
1
1
1
1
1
1
1
1
1
1
1
1
1
1
1
1
1
1
1
1
1
1
1
1
1
1
1
1
1
1
1
1
1
1
1
1
1
1
1
1
1
1
1
1
1
1
1
1
1
1
1
0.99973
0.999923
0.999994
0.999974
1
1
1
0.999999
1
1
1
1
1
1
1
1
1
1
1
1
1
1
1
1
1
1
1
1
1
1
1
1
1
1
1
1
0.999999
0.999999
1
1
1
1
1
1
1
1
1
1
1
1
1
1
1
1
1
1
1
1
1
1
1
1
1
1
1
1
1
1
1
1
1
1
1
1
1
1
1
1
1
1
1
1
1
1
1
1
1
1
1
1
1
1
1
1
1
1
1
1
1
0.99999
1
1
0.999999
0.999946
0.999983
1
1
1
1
1
1
1
1
1
1
1
1
1
1
1
1
1
1
1
1
1
1
1
1
1
1
1
1
1
1
1
1
1
1
1
1
1
1
1
1
1
1
1
1
1
1
1
1
1
1
1
1
1
1
1
1
1
1
1
1
0.999999
0.999999
1
1
1
1
1
1
1
1
1
1
1
1
1
1
1
1
1
1
1
1
1
1
1
1
1
1
1
1
1
1
1
1
1
1
1
1
1
1
1
1
1
1
1
1
1
1
1
1
1
1
1
1
1
1
1
1
1
1
1
1
1
1
1
1
1
1
1
1
1
1
1
1
1
1
1
1
1
1
1
1
1
1
1
1
1
1
1
1
1
1
1
1
1
1
1
1
1
1
1
1
1
1
1
1
1
1
1
1
1
1
1
1
1
1
1
1
1
1
1
1
1
1
1
1
1
1
1
1
1
1
1
1
1
1
1
1
1
1
1
1
1
1
1
1
1
1
1
1
1
1
1
1
1
1
1
1
1
1
1
1
1
1
1
1
1
1
1
1
1
1
1
1
1
1
1
1
1
1
1
1
1
1
1
1
1
1
1
1
1
1
1
1
1
1
1
1
1
1
1
1
1
1
1
1
1
1
1
1
1
1
1
1
1
1
1
1
1
1
1
1
1
1
1
1
1
1
1
1
1
1
1
1
1
1
1
1
1
1
1
1
1
1
1
1
1
1
1
1
1
1
1
1
1
1
1
1
1
1
1
1
1
1
1
1
1
1
1
1
1
1
1
1
1
1
1
1
1
1
1
1
1
1
1
1
1
1
1
1
1
1
1
1
1
1
1
1
1
0.816675
0.808996
0.92436
0.928855
0.843121
0.861875
0.949616
0.941486
0.782478
0.895546
0.796581
0.914074
0.804922
0.801691
0.919747
0.921794
0.815833
0.84299
0.941411
0.928337
0.975309
0.994356
0.976256
0.993321
0.969531
0.993503
0.806348
0.923792
0.917164
0.805734
1
1
1
1
1
1
1
1
1
1
1
1
1
1
0.975526
0.923206
0.922311
1
1
1
1
1
1
0.975309
0.994356
0.976256
0.993321
1
1
1
1
1
1
1
1
1
1
1
1
1
1
1
1
1
1
1
1
1
1
1
1
1
1
1
1
1
1
1
1
0.969531
0.993503
0.806348
0.923792
0.917164
0.805734
1
1
1
1
1
1
1
1
1
1
1
1
1
1
1
1
1
1
1
1
1
1
1
1
1
1
1
1
1
1
1
1
1
1
1
1
0.804849
0.801033
0.91893
0.921707
0.815828
0.84299
0.941411
0.928331
0.800879
0.800981
0.919304
0.919243
0.800981
0.80169
0.919746
0.919304
0.807652
0.810562
0.925437
0.923594
0.816455
0.84311
0.941481
0.928735
0.843005
0.815834
0.928337
0.941418
0.861992
0.843832
0.941929
0.949683
0.801691
0.804922
0.921794
0.919747
0.800995
0.800995
0.919311
0.919311
0.819907
0.819907
0.930903
0.930903
0.843832
0.861992
0.949683
0.941929
0.800849
0.800863
0.919235
0.919228
0.800845
0.800836
0.919218
0.919225
0.782478
0.895546
0.796581
0.914074
0.80084
0.80082
0.919205
0.919221
0.800846
0.800849
0.919228
0.919226
1
1
1
1
1
1
1
1
0.86186
0.84299
0.941411
0.949608
0.84299
0.815833
0.928337
0.941411
0.815848
0.842991
0.941411
0.928344
0.805053
0.802532
0.920264
0.921869
0.804922
0.801691
0.919747
0.921794
0.815833
0.84299
0.941411
0.928337
0.804849
0.801033
0.91893
0.921707
0.815828
0.84299
0.941411
0.928331
0.801691
0.804922
0.921794
0.919747
0.800995
0.800995
0.919311
0.919311
0.800849
0.800863
0.919235
0.919228
0.800845
0.800836
0.919218
0.919225
1
1
1
1
1
1
1
1
1
1
1
1
1
1
1
1
1
1
1
1
1
1
1
1
1
1
1
1
1
1
1
1
1
1
1
0.800863
0.800849
0.919228
0.919235
0.800979
0.80169
0.919746
0.919303
1
1
1
1
1
1
1
1
1
1
1
1
1
1
1
1
1
1
1
1
1
1
1
1
1
1
1
0.975526
0.923206
0.922311
1
1
1
1
1
1
1
1
1
1
1
1
1
1
1
1
1
1
1
1
1
1
1
1
1
1
1
1
1
1
1
1
1
1
1
1
1
1
1
1
1
1
1
1
1
1
1
1
1
1
1
1
1
1
1
1
1
1
1
1
1
1
1
1
1
1
1
1
1
1
1
1
1
1
1
1
1
1
1
1
1
1
1
1
1
1
1
1
1
1
1
1
1
1
0.920928
0.9743
0.975092
0.918866
0.949195
0.982521
0.985458
0.940842
0.918348
0.974118
0.974118
0.918348
0.918866
0.975092
0.9743
0.920928
0.918355
0.974141
0.974119
0.918423
0.918355
0.974141
0.974119
0.918423
0.940842
0.977664
0.982521
0.927548
0.927548
0.975091
0.977664
0.920927
0.918361
0.974038
0.97412
0.918299
0.918867
0.975092
0.9743
0.920928
0.921003
0.974482
0.975115
0.919385
0.949195
0.982521
0.985458
0.940842
0.949195
0.982521
0.985458
0.940843
0.920928
0.9743
0.975092
0.918866
0.912934
0.973122
0.968868
0.917079
0.999575
0.999991
0.999953
0.999901
0.996211
0.999231
0.995418
0.999468
0.918355
0.974118
0.974119
0.918348
0.920928
0.977664
0.975092
0.927548
0.918866
0.974141
0.9743
0.918423
0.940843
0.98546
0.982521
0.949202
0.927548
0.982521
0.977664
0.940842
0.918423
0.974119
0.974141
0.918355
0.920928
0.977664
0.975092
0.927548
0.918361
0.97413
0.97412
0.918409
0.843007
0.815883
0.928376
0.941424
0.861864
0.842991
0.941411
0.949611
0.976333
0.994357
0.99446
0.976253
0.969876
0.962905
0.944963
0.988216
0.804922
0.815833
0.928337
0.921794
0.80169
0.800981
0.919304
0.919746
0.988638
0.975826
0.820873
0.785234
0.801741
0.922749
0.994591
0.976674
0.806336
0.922936
0.806321
0.923621
0.992709
0.997293
0.999573
0.998754
0.985717
0.979445
0.996261
0.99746
0.84299
0.815833
0.928337
0.941411
0.861862
0.842998
0.941417
0.949609
0.805009
0.928379
0.993839
0.974688
0.801893
0.919867
0.994729
0.97545
0.843058
0.949708
0.815904
0.921847
0.830903
0.944085
0.996292
0.98583
0.847145
0.950228
0.994969
0.982953
0.819977
0.94196
0.819991
0.942036
0.969929
0.993514
0.975227
0.988291
0.999921
0.999999
0.999994
0.999986
0.99903
0.999863
0.998856
0.999892
0.999484
0.999989
0.999939
0.999885
0.995121
0.999155
0.994296
0.999287
0.815917
0.921915
0.996052
0.985627
0.843045
0.949635
0.99473
0.982755
0.805067
0.919139
0.815954
0.941456
0.830903
0.944085
0.996292
0.98583
0.847145
0.950228
0.994969
0.982953
0.819993
0.942036
0.819993
0.942036
0.830917
0.944086
0.996296
0.985989
0.847266
0.950673
0.995663
0.983736
0.847145
0.950228
0.830903
0.944085
0.947576
0.988707
0.805386
0.923611
0.896683
0.801725
0.79984
0.918967
0.949238
0.988999
0.796671
0.895635
0.992685
0.997928
0.999974
0.999933
0.993803
0.999384
0.999999
0.999973
0.999862
0.999999
0.999364
0.999727
0.971826
0.993271
0.999912
0.999538
0.975713
0.996787
0.999932
0.999659
0.976057
0.994247
0.979469
0.997461
0.999995
0.999791
0.999206
0.999983
0.996942
0.99845
0.805009
0.919792
0.994733
0.982929
0.816031
0.941956
0.996986
0.986589
0.858061
0.952703
0.857942
0.952183
0.847266
0.950673
0.995664
0.983737
0.830917
0.944086
0.996296
0.985989
0.831031
0.944524
0.847279
0.950673
0.819991
0.942036
0.994969
0.98293
0.819977
0.94196
0.996052
0.985649
0.815918
0.921915
0.843059
0.949708
0.815925
0.92181
0.996053
0.985626
0.843051
0.949634
0.994729
0.982748
0.805125
0.92031
0.815917
0.941443
1
1
1
1
1
1
1
1
1
1
1
1
1
1
1
1
1
1
1
1
1
1
1
1
1
1
1
1
1
1
1
1
1
1
1
1
1
1
1
1
1
1
1
1
1
1
1
1
1
1
1
1
1
1
1
1
1
1
1
1
1
1
1
1
1
1
1
1
1
1
1
1
1
1
1
1
1
1
1
1
1
1
1
1
1
1
1
1
1
1
1
1
1
1
1
1
1
1
1
1
1
1
1
1
1
1
1
1
1
1
1
1
1
1
1
1
1
1
1
1
1
1
1
1
1
1
1
1
1
1
1
1
1
1
1
1
1
1
1
1
1
1
1
1
1
1
1
1
1
1
1
1
1
1
1
1
1
1
1
1
1
1
1
1
1
1
1
1
1
1
1
1
1
1
1
1
1
1
1
1
1
1
1
1
1
1
1
1
1
1
1
1
1
1
1
1
1
1
1
1
1
1
1
1
1
1
1
1
1
1
1
1
1
1
1
1
1
1
1
1
1
1
1
1
1
1
1
1
1
1
1
1
1
1
1
1
1
1
1
1
1
1
1
1
1
1
1
1
1
1
1
1
1
1
1
1
1
1
1
1
1
1
1
1
1
1
1
1
1
1
1
1
1
1
1
1
1
1
1
1
1
1
1
1
1
1
1
1
1
1
1
1
1
1
1
1
1
1
1
1
1
1
1
1
1
1
1
1
1
1
1
1
1
1
1
1
1
1
1
1
1
1
1
1
1
1
1
1
1
1
1
1
1
1
1
1
1
1
1
1
1
1
1
1
1
1
1
1
1
1
1
1
1
1
1
1
1
1
1
1
1
1
1
1
1
1
1
1
1
1
1
1
1
1
1
1
1
1
1
1
1
1
1
1
1
1
1
1
1
1
1
1
1
1
1
1
1
1
1
1
1
1
1
1
1
1
1
1
1
1
1
1
1
1
1
1
1
1
1
1
1
1
1
1
1
1
1
1
0.975008
0.996732
0.999899
0.999012
0.999533
0.999922
0.971073
0.993981
0.996926
0.998434
0.999999
0.999999
0.99979
0.999995
0.999213
0.999983
0.861901
0.941442
0.996052
0.977977
0.843044
0.928374
0.992987
0.975363
0.890317
0.796644
0.801117
0.921757
0.976634
0.923251
0.999044
0.994542
0.994565
0.999045
0.923232
0.976588
0.999999
1
0.999981
0.999876
1
0.999993
0.999988
0.999876
1
1
1
1
1
1
1
1
0.946019
0.916885
0.998157
0.994432
0.963815
0.993059
0.921946
0.97643
1
1
1
1
1
1
1
1
1
1
1
1
0.999999
0.999999
1
1
1
1
1
1
1
1
1
1
1
1
1
1
1
1
1
1
1
1
1
1
1
1
1
1
1
1
1
1
1
1
1
1
1
1
1
1
1
1
1
1
1
1
1
1
1
1
1
1
0.805009
0.928379
0.993839
0.974688
0.801893
0.919867
0.994729
0.97545
0.843058
0.949708
0.815904
0.921847
0.830903
0.944085
0.996292
0.98583
0.847145
0.950228
0.994969
0.982953
0.819977
0.94196
0.819991
0.942036
0.830917
0.944086
0.996296
0.985989
0.847266
0.950673
0.995664
0.983737
0.847266
0.950673
0.830917
0.944086
0.847266
0.950673
0.995664
0.983737
0.830917
0.944086
0.996296
0.985989
0.830917
0.944086
0.847266
0.950673
0.847279
0.950673
0.995668
0.983894
0.831031
0.944524
0.99699
0.986771
0.857942
0.952183
0.858061
0.952703
0.80092
0.919271
0.993795
0.974507
0.800935
0.919349
0.994035
0.974665
0.816031
0.941956
0.805009
0.919792
0.970441
0.922074
0.917221
0.999883
0.998774
0.999044
0.999994
0.999986
0.999922
0.994291
0.999286
0.9952
0.999939
0.999883
0.999482
0.800873
0.919262
0.973635
0.993702
0.80075
0.918377
1
1
1
1
1
1
1
1
1
1
1
1
1
1
1
1
1
1
0.969929
0.993514
0.975227
0.988291
0.999921
0.999999
0.999994
0.999986
0.99903
0.999863
0.998856
0.999892
0.999484
0.999989
0.999939
0.999885
0.995121
0.999155
0.994296
0.999287
0.815917
0.921915
0.996052
0.985627
0.843045
0.949635
0.99473
0.982755
0.805067
0.919139
0.815954
0.941456
0.847279
0.950673
0.995668
0.983894
0.831031
0.944524
0.99699
0.986771
0.858077
0.952703
0.858077
0.952703
0.805127
0.92031
0.99473
0.982772
0.815932
0.941518
0.996292
0.985807
0.831015
0.944524
0.847144
0.950153
1
1
1
1
1
1
1
1
1
1
1
1
1
1
1
1
1
1
1
1
1
1
1
1
0.830903
0.944085
0.996292
0.98583
0.847145
0.950228
0.994969
0.982953
0.819993
0.942036
0.819993
0.942036
0.830917
0.944086
0.996296
0.985989
0.847266
0.950673
0.995663
0.983736
0.847145
0.950228
0.830903
0.944085
0.800882
0.919176
0.993794
0.974482
0.800908
0.919271
0.993795
0.974483
0.801051
0.919792
0.800935
0.919273
0.847264
0.950673
0.995663
0.983713
0.830902
0.94401
0.996056
0.985807
0.815917
0.92184
0.843178
0.950152
0.947576
0.988707
0.805386
0.923611
0.896683
0.801725
0.79984
0.918967
0.949238
0.988999
0.796671
0.895635
0.992685
0.997928
0.999974
0.999933
0.993803
0.999384
0.999999
0.999973
0.999862
0.999999
0.999364
0.999727
0.971826
0.993271
0.999912
0.999538
0.975713
0.996787
0.999932
0.999659
0.976057
0.994247
0.979469
0.997461
0.999995
0.999791
0.999206
0.999983
0.996942
0.99845
0.996382
0.999859
0.999949
0.99866
0.987437
0.992263
0.999856
0.999207
0.999883
0.999983
0.999939
0.99998
0.999791
0.999995
0.999427
0.997255
0.896306
0.972161
0.909207
0.984756
0.999289
0.99995
0.999536
0.999912
0.969416
0.971561
0.994329
0.993221
0.800935
0.919349
0.993795
0.974483
0.80092
0.919271
0.993791
0.97448
0.800837
0.919034
0.800892
0.919266
0.987008
0.969323
0.97565
0.993458
0.805856
0.805872
0.923471
0.923493
0.999981
0.999862
0.999986
0.999999
0.999994
0.999997
0.999999
0.999973
0.999884
0.99999
0.999974
0.999932
0.991492
0.992631
0.998782
0.997914
0.868652
0.9668
0.796797
0.918258
0.822304
0.781981
0.964645
0.947136
0.970632
0.98862
0.805655
0.804871
0.922385
0.923299
1
1
1
1
1
1
1
1
1
1
1
1
1
1
1
1
1
1
1
1
1
1
1
1
1
1
1
1
1
1
1
1
1
1
1
1
1
1
1
1
1
1
1
1
0.999999
0.999999
1
1
0.999987
0.999982
1
1
0.999999
1
0.999983
0.999999
1
0.999999
1
1
1
1
1
1
1
1
1
1
1
1
1
1
1
1
1
1
1
1
1
1
1
1
1
1
1
1
1
1
1
1
1
1
0.999998
1
1
1
1
1
1
1
1
1
1
1
1
1
1
1
1
1
1
1
1
1
1
1
1
1
1
1
1
1
1
1
1
1
1
1
1
1
1
1
1
1
1
1
0.805009
0.919792
0.994733
0.982929
0.816031
0.941956
0.996986
0.986589
0.858061
0.952703
0.857942
0.952183
0.847266
0.950673
0.995664
0.983737
0.830917
0.944086
0.996296
0.985989
0.831031
0.944524
0.847279
0.950673
0.847145
0.950228
0.995663
0.983736
0.830903
0.944085
0.996296
0.985989
0.830917
0.944086
0.847266
0.950673
0.830917
0.944086
0.996296
0.985989
0.847266
0.950673
0.995664
0.983737
0.847266
0.950673
0.830917
0.944086
0.819991
0.942036
0.994969
0.98293
0.819977
0.94196
0.996052
0.985649
0.815918
0.921915
0.843059
0.949708
0.815925
0.92181
0.996053
0.985626
0.843051
0.949634
0.994729
0.982748
0.805125
0.92031
0.815917
0.941443
0.969401
0.970869
0.994332
0.993949
0.99929
0.99995
0.999531
0.999922
0.999939
0.99998
0.99979
0.999995
0.99986
0.999216
0.999884
0.999983
0.99118
0.986799
0.993368
0.997861
0.922883
0.922875
0.97638
0.976452
0.999892
0.999991
0.999985
0.999932
0.992062
0.992507
0.998863
0.998704
0.999994
0.999997
0.999999
0.999973
0.999981
0.999863
0.999986
0.999999
0.968204
0.963562
0.988374
0.993019
0.922655
0.92163
0.975369
0.976298
1
1
1
1
1
1
1
1
1
1
1
1
0.999983
0.999999
1
0.999999
1
1
1
1
1
1
1
1
1
1
1
1
1
1
1
1
1
1
1
1
1
1
1
1
1
1
1
1
0.999998
1
1
1
1
1
1
1
1
1
1
1
1
1
1
1
1
1
1
1
0.917366
0.967938
0.973177
0.912361
0.918414
0.974299
0.918864
0.974136
0.916868
0.975516
0.875427
0.968064
0.993596
0.992977
0.893809
0.859419
0.923228
0.976435
0.993589
0.998927
0.923495
0.976142
0.994432
0.999026
0.927548
0.975092
0.977664
0.920928
0.940842
0.977664
0.927548
0.982521
0.918867
0.974143
0.9743
0.918431
0.940842
0.985458
0.949195
0.982521
0.843005
0.861862
0.949608
0.941418
0.815964
0.805764
0.922312
0.928412
0.813794
0.822858
0.931653
0.927485
0.818563
0.843611
0.941809
0.930137
0.918105
0.974081
0.918285
0.973952
0.800848
0.800849
0.919228
0.919228
0.800848
0.800848
0.919227
0.919228
0.970391
0.8952
0.917206
0.976582
0.923197
0.923235
0.800069
0.800672
0.91832
0.919054
0.918348
0.974117
0.974117
0.918348
0.918423
0.9743
0.918866
0.974141
0.918866
0.974141
0.9743
0.918423
0.940842
0.985458
0.949195
0.982521
0.976333
0.994357
0.976253
0.99446
0.969876
0.962905
0.944963
0.988216
0.843007
0.815883
0.928376
0.941424
0.861864
0.842991
0.941411
0.949611
0.804922
0.815833
0.928337
0.921794
0.801691
0.800995
0.919311
0.919747
0.940842
0.985458
0.982521
0.949195
0.918856
0.974122
0.918386
0.974295
0.918866
0.975092
0.9743
0.920928
0.918348
0.974118
0.918348
0.974118
0.80169
0.804922
0.921794
0.919746
0.800979
0.800865
0.919236
0.919303
0.86186
0.84299
0.941411
0.949608
0.84299
0.815833
0.928337
0.941411
0.97758
0.995052
0.995895
0.973837
0.997163
0.999896
0.999546
0.999257
0.918395
0.97407
0.974127
0.918263
0.927548
0.982521
0.940842
0.977664
0.892948
0.968674
0.946762
0.912927
0.988638
0.975826
0.820873
0.785234
0.801741
0.922749
0.994591
0.976674
0.806336
0.922936
0.806321
0.923621
0.992709
0.997293
0.999573
0.998754
0.985717
0.979445
0.996261
0.99746
0.724804
0.822094
0.781869
0.894521
0.936025
0.909071
0.977998
0.984742
0.967201
0.987438
0.997153
0.992259
0.805199
0.80586
0.922594
0.923462
0.976683
0.994463
0.97655
0.994559
0.970584
0.993651
0.975682
0.988549
0.723684
0.819386
0.784494
0.895829
1
1
1
1
1
1
1
1
1
1
1
1
1
1
1
1
1
1
1
1
1
1
0.999999
1
1
1
1
1
1
1
1
1
1
1
1
1
1
1
1
1
1
1
1
1
1
1
1
1
1
1
1
1
1
0.999999
1
1
0.94085
0.985482
0.982523
0.94927
0.918866
0.974141
0.918423
0.9743
0.941361
0.978638
0.982704
0.930128
0.928067
0.976066
0.923508
0.977847
0.800851
0.800863
0.919235
0.919229
0.800863
0.800979
0.919303
0.919235
0.815964
0.805764
0.922312
0.928412
0.843005
0.861862
0.949608
0.941418
0.84299
0.815833
0.928337
0.941411
0.861862
0.842998
0.941417
0.949609
0.9883
0.998133
0.993551
0.992937
0.811511
0.858334
0.89331
0.94536
0.994496
0.998934
0.994393
0.999018
0.922178
0.922867
0.975457
0.976377
0.916868
0.975516
0.875427
0.968064
0.993596
0.992977
0.893809
0.859419
0.923228
0.976435
0.993589
0.998927
0.994432
0.999026
0.923495
0.976142
0.917366
0.967938
0.973177
0.912361
0.918414
0.974299
0.974136
0.918864
0.920928
0.9743
0.975092
0.918866
0.949195
0.982521
0.940842
0.985458
0.918348
0.974118
0.974118
0.918348
0.918866
0.975092
0.9743
0.920928
0.927548
0.975092
0.977664
0.920928
0.940842
0.977664
0.982521
0.927548
0.918867
0.974143
0.9743
0.918431
0.940842
0.985458
0.949195
0.982521
0.800069
0.800672
0.91832
0.919054
0.970391
0.8952
0.917206
0.976582
0.923197
0.923235
0.918355
0.974141
0.974119
0.918423
0.918355
0.974141
0.918423
0.974119
0.940842
0.977664
0.982521
0.927548
0.927548
0.975091
0.977664
0.920927
0.918105
0.974081
0.918285
0.973952
0.804922
0.815833
0.928337
0.921794
0.801691
0.800995
0.919311
0.919747
0.918361
0.974038
0.97412
0.918299
0.918867
0.975092
0.9743
0.920928
0.918348
0.974117
0.974117
0.918348
0.918424
0.974304
0.974141
0.918887
0.918866
0.974141
0.9743
0.918423
0.940842
0.985458
0.949195
0.982521
0.86186
0.84299
0.941411
0.949608
0.84299
0.815833
0.928337
0.941411
0.946823
0.978223
0.98437
0.929349
0.966665
0.984347
0.946748
0.991138
0.949202
0.982545
0.98546
0.940919
0.920928
0.9743
0.975092
0.918866
0.940842
0.985458
0.982521
0.949195
0.918856
0.974122
0.974295
0.918386
0.918866
0.975092
0.9743
0.920928
0.918348
0.974118
0.918348
0.974118
0.724804
0.822094
0.781869
0.894521
0.936025
0.909071
0.977998
0.984742
0.967201
0.987438
0.997153
0.992259
0.805199
0.80586
0.922594
0.923462
0.976683
0.994463
0.97655
0.994559
0.970584
0.993651
0.975682
0.988549
0.723684
0.819386
0.784494
0.895829
0.912934
0.973122
0.917079
0.968868
0.999575
0.999991
0.999953
0.999901
0.996211
0.999231
0.999468
0.995418
0.97758
0.995052
0.995895
0.973837
0.997163
0.999896
0.999546
0.999257
0.918395
0.97407
0.974127
0.918263
0.927548
0.982521
0.977664
0.940842
0.892948
0.968674
0.946762
0.912927
1
1
1
1
1
1
1
1
1
1
1
1
1
1
1
1
1
1
1
1
1
0.999999
1
1
1
1
1
1
1
1
1
1
1
1
1
1
1
1
1
1
1
1
1
1
1
1
0.999999
1
1
1
1
1
1
1
1
1
0.800848
0.800848
0.919228
0.919228
0.800848
0.800848
0.919228
0.919228
0.918355
0.974118
0.974119
0.918348
0.920928
0.977664
0.927548
0.975092
0.918866
0.974141
0.9743
0.918423
0.940843
0.98546
0.982521
0.949202
0.94085
0.985482
0.982523
0.94927
0.918866
0.974141
0.9743
0.918423
0.941361
0.978638
0.982704
0.930128
0.928067
0.976066
0.923508
0.977847
0.9883
0.998133
0.993551
0.992937
0.811511
0.858334
0.89331
0.94536
0.994496
0.998934
0.994393
0.999018
0.922178
0.922867
0.975457
0.976377
0.927548
0.982521
0.977664
0.940842
0.918423
0.974119
0.918355
0.974141
0.920928
0.977664
0.975092
0.927548
0.918361
0.97413
0.97412
0.918409
0.975008
0.996732
0.999899
0.999012
0.999533
0.999922
0.971073
0.993981
0.996926
0.998434
0.999999
0.999999
0.99979
0.999995
0.999213
0.999983
0.976634
0.923251
0.999044
0.994542
0.994565
0.999045
0.923232
0.976588
0.861901
0.941442
0.996052
0.977977
0.843044
0.928374
0.992987
0.975363
0.890317
0.796644
0.801117
0.921757
0.999999
1
0.999981
0.999876
1
0.999993
0.999988
0.999876
1
1
1
1
1
1
1
1
0.946019
0.916885
0.998157
0.994432
0.963815
0.993059
0.921946
0.97643
1
1
1
1
1
1
1
1
1
1
1
1
0.999999
0.999999
1
1
1
1
1
1
1
1
1
1
1
1
1
1
1
1
1
1
1
1
1
1
1
1
1
1
1
1
1
1
1
1
1
1
1
1
1
1
1
1
1
1
1
1
1
1
1
1
1
1
0.847266
0.950673
0.995664
0.983737
0.830917
0.944086
0.996296
0.985989
0.830917
0.944086
0.847266
0.950673
0.970441
0.922074
0.917221
0.998774
0.999883
0.999044
0.999994
0.999986
0.999922
0.994291
0.999286
0.9952
0.999939
0.999883
0.999482
1
1
1
1
1
1
1
1
1
1
1
1
1
1
1
1
1
1
0.847279
0.950673
0.995668
0.983894
0.831031
0.944524
0.99699
0.986771
0.858077
0.952703
0.858077
0.952703
0.805127
0.92031
0.99473
0.982772
0.815932
0.941518
0.996292
0.985807
0.831015
0.944524
0.847144
0.950153
1
1
1
1
1
1
1
1
1
1
1
1
1
1
1
1
1
1
1
1
1
1
1
1
0.800882
0.919176
0.993794
0.974482
0.800908
0.919271
0.993795
0.974483
0.801051
0.919792
0.800935
0.919273
0.847264
0.950673
0.995663
0.983713
0.830902
0.94401
0.996056
0.985807
0.815917
0.92184
0.843178
0.950152
0.999856
0.999207
0.999883
0.999983
0.999939
0.99998
0.999791
0.999995
0.996382
0.999859
0.999949
0.99866
0.987437
0.992263
0.999289
0.99995
0.999536
0.999912
0.969416
0.971561
0.994329
0.993221
0.999427
0.997255
0.896306
0.972161
0.909207
0.984756
0.987008
0.969323
0.97565
0.993458
0.805856
0.805872
0.923471
0.923493
0.800935
0.919349
0.993795
0.974483
0.80092
0.919271
0.993791
0.97448
0.800837
0.919034
0.800892
0.919266
0.999981
0.999862
0.999986
0.999999
0.999994
0.999997
0.999999
0.999973
0.999884
0.99999
0.999974
0.999932
0.991492
0.992631
0.998782
0.997914
0.964645
0.947136
0.970632
0.98862
0.805655
0.804871
0.922385
0.923299
0.868652
0.9668
0.796797
0.918258
0.822304
0.781981
1
1
1
1
1
1
1
1
1
1
1
1
1
1
1
1
1
1
1
1
1
1
1
1
1
1
1
1
1
1
1
1
1
1
1
1
1
1
1
1
1
1
1
1
0.999999
0.999999
1
1
0.999983
0.999999
1
0.999999
1
1
1
1
0.999987
0.999982
1
1
0.999999
1
1
1
1
1
1
1
1
1
1
1
1
1
1
1
1
1
1
1
1
1
1
1
1
1
1
1
1
1
1
1
0.999998
1
1
1
1
1
1
1
1
1
1
1
1
1
1
1
1
1
1
1
1
1
1
1
1
1
1
1
1
1
1
1
1
1
1
1
1
1
1
1
1
1
1
1
0.847145
0.950228
0.995663
0.983736
0.830903
0.944085
0.996296
0.985989
0.830917
0.944086
0.847266
0.950673
0.830917
0.944086
0.996296
0.985989
0.847266
0.950673
0.995664
0.983737
0.847266
0.950673
0.830917
0.944086
0.969401
0.970869
0.994332
0.993949
0.99929
0.99995
0.999531
0.999922
0.999939
0.99998
0.99979
0.999995
0.99986
0.999216
0.999884
0.999983
0.99118
0.986799
0.993368
0.997861
0.922883
0.922875
0.97638
0.976452
0.992062
0.992507
0.998863
0.998704
0.999892
0.999991
0.999985
0.999932
0.999994
0.999997
0.999999
0.999973
0.999981
0.999863
0.999986
0.999999
0.968204
0.963562
0.988374
0.993019
0.922655
0.92163
0.975369
0.976298
1
1
1
1
1
1
1
1
1
1
1
1
0.999983
0.999999
1
0.999999
1
1
1
1
1
1
1
1
1
1
1
1
1
1
1
1
1
1
1
1
1
1
1
1
1
1
1
1
0.999998
1
1
1
1
1
1
1
1
1
1
1
1
1
1
1
1
1
1
1
1
1
1
1
1
1
1
1
1
1
1
1
1
1
1
1
1
1
1
1
1
1
1
1
1
1
1
1
1
1
1
1
1
1
1
1
1
1
1
1
1
1
1
1
1
1
1
1
1
1
1
1
1
1
1
1
1
1
1
1
1
1
1
1
1
1
1
1
1
1
1
1
1
1
1
1
1
1
1
1
1
1
1
1
1
1
1
1
1
1
1
1
1
1
1
1
1
1
1
1
1
1
1
1
1
1
1
1
1
1
1
1
1
1
1
1
1
1
1
1
1
1
1
1
1
1
1
1
1
1
1
1
1
1
1
1
1
1
1
1
1
1
1
1
1
1
1
1
1
1
1
1
1
1
1
1
1
1
1
1
1
1
1
1
1
1
1
1
1
1
1
1
1
1
1
1
1
1
1
1
1
1
1
1
1
1
1
1
1
1
1
1
1
1
1
1
1
1
1
1
1
1
1
1
1
1
1
1
1
1
1
1
1
1
1
1
1
1
1
1
1
1
1
1
1
1
1
1
1
1
1
1
1
1
1
1
1
1
1
1
1
1
1
1
1
1
1
1
1
1
1
1
1
1
1
1
1
1
1
1
1
1
1
1
1
1
1
1
1
1
1
1
1
1
1
1
1
1
1
1
1
1
1
1
1
1
1
1
1
1
1
1
1
1
1
1
1
1
1
1
1
1
1
1
1
1
1
1
1
1
1
1
1
1
1
1
1
1
1
1
1
1
1
1
1
1
1
1
1
1
1
1
1
1
1
1
1
1
1
1
1
1
1
1
1
1
1
1
1
1
1
1
1
1
1
1
1
1
1
1
1
1
1
1
1
1
1
1
1
1
1
1
1
1
1
1
1
1
1
1
1
1
1
1
1
1
1
1
1
1
1
1
1
1
1
1
1
1
1
1
1
1
1
1
1
1
1
1
1
1
1
1
1
1
1
1
1
1
1
1
1
1
1
1
1
1
1
1
1
1
1
1
1
1
1
1
1
1
1
1
1
1
1
1
1
1
1
1
1
1
1
1
1
1
1
1
1
1
1
1
1
1
1
1
1
1
1
1
1
1
1
1
1
1
1
1
1
1
1
1
1
1
1
1
1
1
1
1
1
1
1
1
1
1
1
1
1
1
1
1
1
1
1
1
1
1
1
1
1
1
1
1
1
1
1
1
1
1
1
1
1
1
1
1
1
1
1
1
1
1
1
1
1
1
1
1
1
1
1
1
1
1
1
1
1
1
1
1
1
1
1
1
1
1
1
1
1
1
1
1
1
1
1
1
1
1
1
1
1
1
1
1
1
1
1
1
1
1
1
1
1
1
1
1
1
1
1
1
1
1
1
1
1
1
1
1
1
1
1
1
1
1
1
1
1
1
1
1
1
1
1
1
1
1
1
1
1
1
1
1
1
1
1
1
1
1
1
1
1
1
1
1
1
1
1
1
1
1
1
1
1
1
1
1
1
1
1
1
1
1
1
1
1
1
1
1
1
1
1
1
1
1
1
1
1
1
1
1
1
1
1
1
1
1
1
1
1
1
1
1
1
1
1
1
1
1
1
1
1
1
1
1
1
1
1
1
1
1
1
1
1
1
1
1
1
1
1
1
1
1
1
1
1
1
1
1
1
1
1
1
1
1
1
1
1
1
1
1
1
1
1
1
1
1
1
1
1
1
1
1
1
1
1
1
1
1
1
1
1
1
1
1
1
1
1
1
1
1
1
1
1
1
1
1
1
1
1
1
1
1
1
1
1
1
1
1
1
1
1
1
1
1
1
1
1
1
1
1
1
1
1
1
1
1
1
1
1
1
1
1
1
1
1
1
1
1
1
1
1
1
1
1
1
1
1
1
1
1
1
1
1
1
1
1
1
1
1
1
1
1
1
1
1
1
1
1
1
1
1
1
1
1
1
1
1
1
1
1
1
1
1
1
1
1
1
1
1
1
1
1
1
1
1
1
1
1
1
1
1
1
1
1
1
1
1
1
1
1
1
1
1
1
1
1
1
1
1
1
1
1
1
1
1
1
1
1
1
1
1
1
1
1
1
1
1
1
1
1
1
1
1
1
1
1
1
1
1
1
1
1
1
1
1
1
1
1
1
1
1
1
1
1
1
1
1
1
1
1
1
1
1
1
1
1
1
1
1
1
1
1
1
1
1
1
1
1
1
1
1
1
1
1
1
1
1
1
1
1
1
1
1
1
1
1
1
1
1
1
1
1
1
1
1
1
1
1
1
1
1
1
1
1
1
1
1
1
1
1
1
1
1
1
1
1
1
1
1
1
1
1
1
1
1
1
1
1
1
1
1
1
1
1
1
1
1
1
1
1
1
1
1
1
1
1
1
1
1
1
1
1
1
1
1
1
1
1
1
1
1
1
1
1
1
1
1
1
1
1
1
1
1
1
1
1
1
1
1
1
1
1
1
1
1
1
1
1
1
1
1
1
1
1
1
1
1
1
1
1
1
1
1
1
1
1
1
1
1
1
1
1
1
1
1
1
1
1
1
1
1
1
1
1
1
1
1
1
1
1
1
1
1
1
1
1
1
1
1
1
1
1
1
1
1
1
1
1
1
1
1
1
1
1
1
1
1
1
1
1
1
1
1
1
1
1
1
1
1
1
1
1
1
1
1
1
1
1
1
1
1
1
1
1
1
1
1
1
1
1
1
1
1
1
1
1
1
1
1
1
1
1
1
1
1
1
1
1
1
1
1
1
1
1
1
1
1
1
1
1
1
1
1
1
1
1
1
1
1
1
1
1
1
1
1
1
1
1
1
1
1
1
1
1
1
1
1
1
1
1
1
1
1
1
1
1
1
1
1
1
1
1
1
1
1
1
1
1
1
1
1
1
1
1
1
1
1
1
1
1
1
1
1
1
1
1
1
1
1
1
1
1
1
1
1
1
1
1
1
1
1
1
1
1
1
1
1
1
1
1
1
1
1
1
1
1
1
1
1
1
1
1
1
1
1
1
1
1
1
1
1
1
1
1
1
1
1
1
1
1
1
1
1
1
1
1
1
1
1
1
1
1
1
1
1
1
1
1
1
1
1
1
1
1
1
1
1
1
1
1
1
1
1
1
1
1
1
1
1
1
0.800981
0.80169
0.919746
0.919304
0.800879
0.800981
0.919304
0.919243
0.84299
0.815833
0.928337
0.941411
0.861862
0.843005
0.941418
0.949608
0.86186
0.84299
0.941411
0.949608
0.84299
0.815833
0.928337
0.941411
1
1
1
1
1
1
1
1
1
1
1
1
1
1
1
1
1
1
1
1
1
1
1
1
1
1
1
1
1
1
1
1
1
1
1
1
1
1
1
1
1
1
1
1
1
1
1
1
1
1
1
1
1
1
1
1
1
1
1
1
1
1
1
1
1
1
1
1
1
1
1
1
1
1
1
1
1
1
1
1
1
1
1
1
1
1
1
1
1
1
1
1
1
1
1
1
1
1
1
1
1
1
1
1
1
1
1
1
1
1
1
1
1
1
1
1
1
1
1
1
1
1
1
1
1
1
1
1
1
1
1
1
1
1
1
1
1
1
1
1
1
1
1
1
1
1
1
1
1
1
1
1
1
1
1
1
1
1
1
1
1
1
1
1
1
1
1
1
1
1
1
1
1
1
1
1
1
1
1
1
1
1
1
1
1
1
1
1
1
1
1
1
1
1
1
1
1
1
1
1
1
1
1
1
1
1
1
1
1
1
1
1
1
1
1
1
1
1
1
1
1
1
1
1
1
1
1
1
1
1
1
1
1
1
1
1
1
1
1
1
0.843832
0.819908
0.930904
0.941929
0.861993
0.843021
0.941426
0.949684
1
1
1
1
1
1
1
1
1
1
1
1
1
1
1
1
1
1
1
1
1
1
1
1
1
1
1
1
1
1
1
1
1
1
1
1
1
1
1
1
1
1
1
1
1
1
1
1
1
1
1
1
1
1
1
1
1
1
1
1
1
1
1
1
1
1
1
1
1
1
1
1
1
1
1
1
1
1
1
1
1
1
1
1
1
1
1
1
1
1
1
1
1
1
1
1
1
1
1
1
1
1
1
1
1
1
1
1
1
1
1
1
1
1
1
1
1
1
1
1
1
1
1
1
1
1
1
1
1
1
1
1
1
1
1
0.80084
0.80082
0.919205
0.919221
0.800846
0.800849
0.919228
0.919226
1
1
1
1
1
1
1
1
1
1
1
1
1
1
1
1
1
1
1
1
1
1
1
1
1
1
1
1
1
1
1
1
1
1
1
1
1
1
1
1
1
1
1
1
1
1
1
1
1
1
1
1
1
1
1
1
1
1
1
1
1
1
1
1
1
1
1
1
1
1
1
1
1
1
1
1
1
1
1
1
1
1
1
1
1
1
1
1
1
1
1
1
1
1
1
1
1
1
1
1
1
1
1
1
1
1
1
1
1
1
1
1
1
1
1
1
1
1
1
1
1
1
1
1
1
1
1
1
1
1
1
1
1
1
1
1
1
1
1
1
1
1
1
1
1
1
1
1
1
1
1
1
1
1
1
1
1
1
1
1
1
1
1
1
1
1
1
1
1
1
1
1
1
1
1
1
1
1
1
1
1
1
1
1
1
1
1
1
1
1
1
1
1
1
1
1
1
1
1
1
1
1
1
1
1
1
1
1
1
1
1
1
1
1
1
1
1
1
1
1
1
1
1
1
1
1
1
1
1
1
1
1
1
1
1
1
1
1
1
1
1
1
1
1
1
1
1
1
1
1
1
1
1
1
1
1
1
1
1
1
1
1
1
1
1
1
1
1
1
1
1
1
1
1
1
1
1
1
1
1
1
1
1
1
1
1
1
1
1
1
1
1
1
1
1
1
1
1
1
1
1
1
1
1
1
1
1
1
1
1
1
1
1
1
1
1
1
1
1
1
1
1
1
1
1
1
1
1
1
1
1
1
1
1
1
1
1
1
1
1
1
1
1
1
1
1
1
1
1
1
1
1
1
1
1
1
1
1
0.999866
0.999972
0.999894
0.999985
0.999217
0.996908
0.999478
0.999884
0.970262
0.994214
0.97433
0.995051
0.993193
0.99905
0.903865
0.982985
0.999282
0.996743
0.999923
0.999974
1
0.999999
0.999997
0.999995
0.999037
0.999786
0.999071
0.999934
0.999911
0.999991
0.987043
0.991464
0.999983
0.999989
0.998431
0.999938
0.800849
0.800863
0.919235
0.919228
0.800848
0.800848
0.919228
0.919228
0.847279
0.950673
0.995668
0.983894
0.831031
0.944524
0.99699
0.986771
0.857942
0.952183
0.858061
0.952703
0.80092
0.919271
0.993795
0.974507
0.800935
0.919349
0.994035
0.974665
0.816031
0.941956
0.805009
0.919792
1
1
1
1
1
1
1
1
1
1
1
1
1
1
1
1
1
1
1
1
1
1
1
1
1
1
1
1
1
1
1
1
1
1
1
1
1
1
1
1
1
1
1
1
1
1
1
1
1
1
1
1
1
1
1
1
1
1
1
1
1
1
1
1
1
1
1
1
1
1
1
1
1
1
1
1
1
1
1
1
1
1
1
1
1
1
1
1
1
1
1
1
1
1
1
1
1
1
1
1
1
1
1
1
1
1
1
1
1
1
1
1
1
1
1
1
1
1
1
1
1
1
1
1
1
1
1
1
1
1
1
1
1
1
1
1
1
1
1
1
1
1
1
1
1
1
1
1
1
1
1
1
1
1
1
1
1
1
1
1
1
1
1
1
1
1
1
1
1
1
1
1
1
1
1
1
1
1
1
1
1
1
1
1
1
1
1
1
1
1
1
1
1
1
1
1
1
1
1
1
1
1
1
1
1
1
1
1
1
1
1
1
1
1
1
1
1
1
1
1
1
1
1
1
1
1
1
1
1
1
1
1
1
1
1
1
1
1
1
1
1
1
1
1
1
1
1
1
1
1
1
1
1
1
1
1
1
1
1
1
1
1
1
1
1
1
1
1
1
1
1
1
1
1
1
1
1
1
1
1
1
1
1
1
1
1
1
1
1
1
1
1
1
1
1
1
1
1
1
1
1
1
1
1
1
1
1
1
1
1
1
1
1
1
1
1
1
1
1
1
1
1
1
1
1
1
1
1
1
1
1
1
1
1
1
1
1
1
1
1
1
1
1
1
1
1
1
1
1
1
1
1
1
1
1
1
1
1
1
1
1
1
1
1
1
1
1
1
1
1
1
1
1
1
1
1
1
1
1
1
1
1
1
1
1
1
1
1
1
1
1
1
1
1
1
1
1
1
1
1
1
1
1
1
1
1
1
1
1
1
1
1
1
1
1
1
1
1
1
1
1
1
1
1
1
1
1
1
1
1
1
1
1
1
1
1
1
1
1
1
1
1
1
1
1
1
1
1
1
1
1
1
1
1
1
1
1
1
1
1
1
1
1
1
1
1
1
1
1
1
1
1
1
1
1
1
1
1
1
1
1
1
1
1
1
1
1
1
1
1
1
1
1
1
1
1
1
1
1
1
1
1
1
1
1
1
1
1
1
1
1
1
1
1
1
1
1
1
1
1
1
1
1
1
1
1
1
1
1
1
1
1
1
1
1
1
1
1
1
1
1
1
1
1
1
1
1
1
1
1
1
1
1
1
1
1
1
1
1
1
1
1
1
1
1
1
1
1
1
1
1
1
1
1
1
1
1
1
1
1
1
1
1
1
1
1
1
1
1
1
1
1
1
1
1
1
1
1
1
1
1
1
1
1
1
1
1
1
1
1
1
1
1
1
0.996794
0.998405
0.999999
0.999999
0.999794
0.999995
0.99931
0.999861
0.999992
1
0.999981
0.999999
0.974124
0.996689
0.998021
0.999765
0.999543
0.999914
1
1
1
1
1
1
1
1
1
1
1
1
1
1
1
1
1
1
1
1
1
1
1
1
1
1
1
1
1
1
1
1
1
1
1
1
0.999139
0.998777
0.999984
0.999996
0.999384
0.999959
1
1
1
1
1
1
1
1
1
1
1
1
0.996467
0.998372
0.999377
0.999776
1
1
1
1
0.999841
0.99984
0.999984
0.999984
0.999999
0.999983
0.999999
1
0.886399
0.969252
0.900271
0.982553
0.993898
0.999149
0.996687
0.999281
1
1
0.999999
0.999999
0.999999
0.999995
1
0.999999
0.999372
0.999772
0.999727
0.999993
0.99986
0.999897
0.999996
0.999921
0.996392
0.999858
0.986997
0.991321
0.998414
0.999938
0.999983
0.999989
0.999296
0.999953
0.999543
0.999914
1
0.999999
1
1
0.999939
0.999981
0.999794
0.999995
0.999991
0.999996
0.999981
0.999999
1
1
1
1
1
1
1
1
1
1
1
1
1
1
1
1
1
1
1
1
1
1
1
1
1
1
1
1
1
1
1
1
1
1
1
1
1
1
1
1
1
1
1
1
1
1
1
1
0.999989
0.999983
0.999999
1
1
1
0.999999
1
1
1
1
1
1
1
1
1
1
1
1
1
1
1
1
1
1
1
1
1
1
1
1
1
1
1
1
1
1
1
1
1
1
1
1
1
1
1
1
1
1
1
1
1
1
1
1
1
1
1
1
1
1
1
1
1
0.999996
1
1
0.999999
0.999835
0.999766
0.999922
0.99998
0.994212
0.974969
0.995132
0.999994
1
0.999999
0.999859
0.999885
0.999974
0.9969
0.999882
0.999476
0.999818
0.999946
0.999996
0.999983
0.9996
0.999383
0.999923
0.999959
1
1
1
1
1
1
1
1
1
1
1
1
1
1
1
1
1
1
1
1
1
1
1
1
1
1
1
1
1
1
1
1
1
1
1
1
1
1
1
1
1
1
1
1
1
1
1
1
1
1
1
1
1
1
1
1
0.999866
0.999894
0.999972
0.999985
0.999217
0.996908
0.999478
0.999884
0.970262
0.994214
0.97433
0.995051
1
1
1
1
1
1
1
1
1
1
1
1
0.999999
1
1
1
1
1
1
1
1
1
1
1
0.993193
0.99905
0.903865
0.982985
0.999282
0.996743
0.999923
0.999974
1
0.999999
0.999997
0.999995
0.999037
0.999786
0.999071
0.999934
0.999911
0.999991
0.987043
0.991464
0.999983
0.999989
0.998431
0.999938
0.965474
0.987021
0.996909
0.991418
0.999882
0.999999
0.999989
0.999983
0.999391
0.999065
0.999886
0.999934
0.99986
0.99895
0.999031
0.999785
0.931799
0.902798
0.9752
0.982852
0.994252
0.99817
0.993143
0.999045
1
1
1
1
1
1
1
1
1
1
1
1
1
1
1
1
1
1
1
1
1
1
1
1
1
1
1
1
1
1
1
1
1
1
1
1
0.999999
1
0.999999
1
1
1
1
1
1
1
1
1
1
0.999999
1
1
1
1
1
0.999999
1
1
1
1
1
1
1
1
1
1
1
1
1
1
1
1
1
1
1
1
1
1
1
1
1
1
1
1
1
1
1
1
1
1
1
1
1
1
1
1
0.99425
0.998994
0.993865
0.999146
0.929829
0.899448
0.974533
0.982461
0.999727
0.999923
0.999994
0.999973
1
1
0.999999
1
0.999972
0.999779
0.999858
0.999896
0.999379
0.999053
0.999894
0.999933
0.964903
0.987019
0.996902
0.991297
0.999883
0.999999
0.999989
0.999983
1
1
1
1
1
1
1
1
1
1
1
1
1
1
1
1
1
0.999999
1
1
1
1
0.999999
1
1
1
1
1
1
1
1
1
1
1
1
1
1
1
1
1
1
1
1
1
1
1
1
1
1
1
1
1
1
1
1
1
1
1
1
1
1
1
1
1
0.886399
0.969252
0.900271
0.982553
0.993898
0.999149
0.996687
0.999281
1
1
0.999999
0.999999
0.999999
0.999995
1
0.999999
0.999372
0.999772
0.99986
0.999897
0.999727
0.999993
0.999921
0.999996
0.996392
0.999858
0.986997
0.991321
0.998414
0.999938
0.999983
0.999989
0.999296
0.999953
0.999914
0.999543
1
0.999999
1
1
0.999991
0.999996
0.999981
0.999999
0.999939
0.999981
0.999794
0.999995
0.996467
0.998372
0.999377
0.999776
1
1
1
1
0.999999
0.999983
0.999999
1
0.999841
0.99984
0.999984
0.999984
1
1
1
1
1
1
1
1
1
1
1
1
1
1
1
1
0.999989
0.999983
0.999999
1
1
1
0.999999
1
1
1
1
1
1
1
1
1
1
1
1
1
1
1
1
1
1
1
1
1
1
1
1
1
1
1
1
1
1
1
1
1
1
1
1
1
1
1
1
1
1
1
1
1
1
1
1
1
1
1
1
1
1
1
1
1
1
1
1
1
1
1
1
1
1
1
1
1
1
1
1
1
1
1
1
1
1
1
1
1
1
1
1
1
1
1
1
1
0.999818
0.999946
0.999996
0.999983
0.9996
0.999383
0.999923
0.999959
0.994212
0.974969
0.995132
0.999994
1
0.999999
0.999859
0.999885
0.999974
0.9969
0.999882
0.999476
0.999996
1
1
0.999999
0.999835
0.999766
0.999922
0.99998
1
1
1
1
1
1
1
1
1
1
1
1
1
1
1
1
1
1
1
1
1
1
1
1
1
1
1
1
1
1
1
1
1
1
1
1
1
1
1
1
1
1
1
1
1
1
1
1
1
1
1
1
1
1
1
1
1
1
1
1
1
1
1
1
1
1
1
1
0.999999
1
1
1
1
1
1
1
1
1
1
1
0.965474
0.987021
0.996909
0.991418
0.999882
0.999999
0.999989
0.999983
0.999391
0.999065
0.999886
0.999934
0.99986
0.99895
0.999031
0.999785
0.931799
0.902798
0.9752
0.982852
0.994252
0.99817
0.993143
0.999045
1
1
1
1
1
1
1
1
1
1
1
1
1
1
1
1
1
1
1
1
1
1
1
1
1
1
1
1
1
1
1
1
1
1
1
1
0.999999
1
0.999999
1
1
1
1
1
1
1
1
1
1
0.999999
1
1
1
1
1
0.999999
1
1
1
1
1
1
1
1
1
1
1
1
1
1
1
1
1
1
1
1
1
1
1
1
1
1
1
1
1
1
1
1
1
1
1
1
1
1
1
1
0.99425
0.998994
0.993865
0.999146
0.929829
0.899448
0.974533
0.982461
0.999727
0.999923
0.999994
0.999973
1
1
0.999999
1
0.999972
0.999779
0.999858
0.999896
0.999379
0.999053
0.999894
0.999933
0.964903
0.987019
0.996902
0.991297
0.999883
0.999999
0.999989
0.999983
1
1
1
1
1
1
1
1
1
1
1
1
1
1
1
1
1
0.999999
1
1
1
1
0.999999
1
1
1
1
1
1
1
1
1
1
1
1
1
1
1
1
1
1
1
1
1
1
1
1
1
1
1
1
1
1
1
1
1
1
1
1
1
1
1
1
1
0.996794
0.998405
0.999999
0.999999
0.999794
0.999995
0.99931
0.999861
0.999992
1
0.999981
0.999999
0.974124
0.996689
0.998021
0.999765
0.999543
0.999914
1
1
1
1
1
1
1
1
1
1
1
1
1
1
1
1
1
1
1
1
1
1
1
1
1
1
1
1
1
1
1
1
1
1
1
1
0.830917
0.944086
0.996296
0.985989
0.847266
0.950673
0.847266
0.950673
0.995664
0.983737
0.830917
0.944086
0.999984
0.999996
0.999139
0.998777
0.999384
0.999959
0.800873
0.919262
0.973635
0.993702
0.80075
0.918377
1
1
1
1
1
1
1
1
1
1
1
1
1
1
1
1
1
1
1
1
1
1
1
1
1
1
1
1
1
1
1
1
1
1
1
1
1
1
1
1
1
1
1
1
1
1
1
1
1
1
1
1
1
1
1
1
1
1
1
1
1
1
1
1
1
1
1
1
1
1
1
1
1
1
1
1
1
1
1
1
1
1
1
1
1
1
1
1
1
1
1
1
1
1
1
1
1
1
1
1
1
1
1
1
1
1
1
1
1
1
1
1
1
1
1
1
1
1
1
1
1
1
1
1
1
1
1
1
1
1
1
1
1
1
1
1
1
1
1
1
1
1
1
1
1
1
1
1
1
1
1
1
1
1
1
1
1
1
1
1
1
1
1
1
1
1
1
1
1
1
1
1
1
1
1
1
1
1
1
1
1
1
1
1
1
1
1
1
1
1
1
1
1
1
1
1
1
1
1
1
1
1
1
1
1
1
1
1
1
1
1
1
1
1
1
1
1
1
1
1
1
1
1
1
1
1
1
1
1
1
1
1
1
1
1
1
1
1
1
1
1
1
1
1
1
1
1
1
1
1
1
1
1
1
1
1
1
1
1
1
1
1
1
1
1
1
1
1
1
1
1
1
1
1
1
1
1
1
1
1
1
1
1
1
1
1
1
1
1
1
1
1
1
1
1
1
1
1
1
1
1
1
1
1
1
1
1
1
1
1
1
1
1
1
1
1
1
1
1
1
1
1
1
1
1
1
1
1
1
1
1
1
1
1
1
1
1
1
1
1
1
1
1
1
1
1
1
1
1
1
1
1
1
1
1
1
1
1
1
1
1
1
1
1
1
1
1
1
1
1
1
1
1
1
1
1
1
1
1
1
1
1
1
1
1
1
1
1
1
1
1
1
1
1
1
1
1
1
1
1
1
1
1
1
1
1
1
1
1
1
1
1
1
1
1
1
1
1
1
1
1
1
1
1
1
1
1
1
1
1
1
1
1
1
1
1
1
1
1
1
1
1
1
1
1
1
1
1
1
1
1
1
1
1
1
1
1
1
1
1
1
1
1
1
1
1
1
1
1
1
1
1
1
1
1
1
1
1
1
1
1
1
1
1
1
1
1
1
1
1
1
1
1
1
1
1
1
1
1
1
1
1
1
1
1
1
1
1
1
1
1
1
1
1
1
1
1
1
1
1
1
1
1
1
1
1
1
1
1
1
1
1
1
1
1
1
1
1
1
1
1
1
1
1
1
1
1
1
1
1
1
1
1
1
1
1
1
1
1
1
1
1
1
1
1
1
1
1
1
1
1
1
1
1
1
1
1
1
1
1
1
1
1
1
1
1
1
1
1
1
1
1
1
1
1
1
1
1
1
1
1
1
1
1
1
1
1
1
1
1
1
1
1
1
1
1
1
1
1
1
1
1
1
1
1
1
1
1
1
1
1
1
1
1
1
1
1
1
1
1
1
1
1
1
1
1
1
1
1
1
1
1
1
1
1
1
1
1
1
1
1
1
1
1
1
1
1
1
1
1
1
1
1
1
1
1
1
1
1
1
1
1
1
1
1
1
1
1
1
1
1
1
1
1
1
1
1
1
1
1
1
1
1
1
1
1
1
1
1
1
1
1
1
1
1
1
1
1
1
1
1
1
1
1
1
1
1
1
1
1
1
1
1
1
1
1
1
1
1
1
1
1
1
1
1
1
1
1
1
1
1
1
1
1
1
1
1
1
1
1
1
1
1
1
1
1
1
1
1
1
1
1
1
1
1
1
1
1
1
1
1
1
1
1
1
1
1
1
1
1
1
1
1
1
1
1
1
1
1
1
1
1
1
1
1
1
1
1
1
1
1
1
1
1
1
1
1
1
1
1
1
1
1
1
1
1
1
1
1
1
1
1
1
1
1
1
1
1
1
1
1
1
1
1
1
1
1
1
1
1
1
1
1
1
1
1
1
1
1
1
1
1
1
1
1
1
1
1
1
1
1
1
1
1
1
1
1
1
1
1
1
1
1
1
1
1
1
1
1
1
1
1
1
1
1
1
1
1
1
1
1
1
1
1
1
1
1
1
1
1
1
1
1
1
1
1
1
1
1
1
1
1
1
1
1
1
1
1
1
1
1
1
1
1
1
1
1
1
1
1
1
1
1
1
1
1
1
1
1
1
1
1
1
1
1
1
1
1
1
1
1
1
1
1
1
1
1
1
1
1
1
1
1
1
1
1
1
1
1
1
1
1
1
1
1
1
1
1
1
1
1
1
1
1
1
1
1
1
1
1
1
1
1
1
1
1
1
1
1
1
1
1
1
1
1
1
1
1
1
1
1
1
1
1
1
1
1
1
1
1
1
1
1
1
1
1
1
1
1
1
1
1
1
1
1
1
1
1
1
1
1
1
1
1
1
1
1
1
1
1
1
1
1
1
1
1
1
1
1
1
1
1
1
1
1
1
1
1
1
1
1
1
1
1
1
1
1
1
1
1
1
1
1
1
1
1
1
1
1
1
1
1
1
1
1
1
1
1
1
1
1
1
1
1
1
1
1
1
1
1
1
1
1
1
1
1
1
1
1
1
1
1
1
1
1
1
1
1
1
1
1
1
1
1
1
1
1
1
1
1
1
1
1
1
1
1
1
1
1
1
1
1
1
1
1
1
1
1
1
1
1
1
1
1
1
1
1
1
1
1
1
1
1
1
1
1
1
1
1
1
1
1
1
1
1
1
1
1
1
1
1
1
1
1
1
1
1
1
1
1
1
1
1
1
1
1
1
1
1
1
1
1
1
1
1
1
1
1
1
1
1
1
1
1
1
1
1
1
1
1
1
1
1
1
1
1
1
1
1
1
1
1
1
1
1
1
1
1
1
1
1
1
1
1
1
1
1
1
1
1
1
1
1
1
1
1
1
1
1
1
1
1
1
1
1
1
1
1
1
1
1
1
1
1
1
1
1
1
1
1
1
1
1
1
1
1
1
1
1
1
1
1
1
1
1
1
1
1
1
1
1
1
1
1
1
1
1
1
1
1
1
1
1
1
1
1
1
1
1
1
1
1
1
1
1
1
1
1
1
1
1
1
1
1
1
1
1
1
1
1
1
1
1
1
1
1
1
1
1
1
1
1
1
1
1
1
1
1
1
1
1
1
1
1
1
1
1
1
1
1
1
1
1
1
1
1
1
1
1
1
1
1
1
1
1
1
1
1
1
1
1
1
1
1
1
1
1
1
1
1
1
1
1
1
1
1
1
1
1
1
1
1
1
1
1
1
1
1
1
1
1
1
1
1
1
1
1
1
1
1
1
1
1
1
1
1
1
1
1
1
1
1
1
1
1
1
1
1
1
1
1
1
1
1
1
1
1
1
1
1
1
1
1
1
1
1
1
1
1
1
1
1
1
1
1
1
1
1
1
1
1
1
1
1
1
1
1
1
1
1
1
1
1
1
1
1
1
1
1
1
1
1
1
1
1
1
1
1
1
1
1
1
1
1
1
1
1
1
1
1
1
1
1
1
1
1
1
1
1
1
1
1
1
1
1
1
1
1
1
1
1
1
1
1
1
1
1
1
1
1
1
1
1
1
1
1
1
1
1
1
1
1
1
1
1
1
1
1
1
1
1
1
1
1
1
1
1
1
1
1
1
1
1
1
1
1
1
1
1
1
1
1
1
1
1
1
1
1
1
1
1
1
1
1
1
1
1
1
1
1
1
1
1
1
1
1
1
1
1
1
1
1
1
1
1
1
1
1
1
1
1
1
1
1
1
1
1
1
1
1
1
1
1
1
1
1
1
1
1
1
1
1
1
1
1
1
1
1
1
1
1
1
1
1
1
1
1
1
1
1
1
1
1
1
1
1
1
1
1
1
1
1
1
1
1
1
1
1
1
1
1
1
1
1
1
1
1
1
1
1
1
1
1
1
1
1
1
1
1
1
1
1
1
1
1
1
1
1
1
1
1
1
1
1
1
1
1
1
1
1
1
1
1
1
1
1
1
1
1
1
1
1
1
1
1
1
1
1
1
1
1
1
1
1
1
1
1
1
1
1
1
1
1
1
1
1
1
1
1
1
1
1
1
1
1
1
1
1
1
1
1
1
1
1
1
1
1
1
1
1
1
1
1
1
1
1
1
1
1
1
1
1
1
1
1
1
1
1
1
1
1
1
1
1
0.84299
0.86186
0.949608
0.941411
0.815834
0.804937
0.921802
0.928337
0.800848
0.800848
0.919227
0.919228
0.800848
0.800849
0.919228
0.919228
0.847076
0.830822
0.937447
0.943979
0.862717
0.843125
0.941487
0.950128
0.999737
0.999896
0.999833
0.999978
1
1
1
1
0.999845
0.999841
0.999984
0.999985
0.999999
0.999994
1
1
0.999864
0.999845
0.999985
0.999986
1
1
1
1
0.999834
0.99984
0.999978
0.999984
1
1
1
1
0.99998
0.999999
0.999991
0.999995
1
1
1
1
0.999992
1
0.999995
0.999999
1
1
0.999999
1
0.999987
0.999999
0.999992
0.999999
1
1
1
1
0.999991
1
0.999995
0.999999
1
1
1
1
0.999929
0.999977
1
1
0.999999
1
0.99931
0.999938
0.999985
0.999999
0.999995
0.999999
0.999155
0.999943
0.999027
0.99991
0.999995
0.999991
1
1
1
1
1
1
0.999907
0.999996
0.99931
0.999938
0.999999
0.999995
0.999033
0.99991
0.999985
0.999999
0.999992
0.999999
0.999929
0.999977
1
1
0.999999
1
0.99931
0.999938
0.999985
0.999999
0.999995
0.999999
0.999155
0.999943
0.999027
0.99991
0.999995
0.999991
1
1
1
1
1
1
1
1
1
1
1
1
1
1
1
1
1
1
1
1
1
1
1
1
1
1
1
1
1
1
1
1
1
1
1
1
1
1
1
1
1
1
0.999907
0.999996
0.99931
0.999938
0.999999
0.999995
0.999033
0.99991
0.999985
0.999999
0.999992
0.999999
0.99998
0.999999
0.999991
0.999995
1
1
1
1
0.999992
1
0.999995
0.999999
1
1
0.999999
1
1
1
1
1
1
1
1
1
1
1
1
1
1
1
1
1
1
1
1
1
1
1
1
1
1
1
1
1
1
1
1
1
1
1
1
1
1
1
1
1
1
1
1
1
1
1
1
1
1
1
1
1
1
1
1
1
1
1
1
1
1
1
1
1
0.999987
0.999999
0.999992
0.999999
1
1
1
1
0.999991
1
0.999995
0.999999
1
1
1
1
0.999737
0.999896
0.999833
0.999978
1
1
1
1
0.999845
0.999841
0.999984
0.999985
0.999999
0.999994
1
1
1
1
1
1
1
1
1
1
1
1
1
1
1
1
1
1
1
1
1
1
1
1
1
1
1
1
1
1
1
1
1
1
1
1
1
1
1
1
1
1
1
1
1
1
1
1
1
1
1
1
1
1
1
1
1
1
1
1
1
1
1
1
1
1
0.999864
0.999845
0.999985
0.999986
1
1
1
1
0.999834
0.99984
0.999978
0.999984
1
1
1
1
1
1
1
1
1
1
1
1
1
1
1
1
1
1
1
1
1
1
1
1
1
1
1
1
1
1
1
1
1
1
1
1
1
1
1
1
1
1
1
1
1
1
1
1
1
1
1
1
1
1
1
1
1
1
1
1
1
1
1
1
1
1
1
1
1
1
1
1
1
1
1
1
1
1
1
1
1
1
1
1
1
1
1
1
1
1
1
1
1
1
1
1
1
1
1
1
1
1
1
1
1
1
1
1
1
1
1
1
1
1
1
1
1
1
1
1
1
1
1
1
1
1
1
1
1
1
1
1
1
1
1
1
1
1
1
1
1
1
1
1
1
1
1
1
1
1
1
1
1
1
1
1
1
1
1
1
1
1
1
1
1
1
1
1
1
1
1
1
1
1
1
1
1
1
1
1
1
1
1
1
1
1
1
1
1
1
1
1
1
1
1
1
1
1
1
1
1
1
1
1
1
1
1
1
1
1
1
1
1
1
1
1
1
1
1
1
1
1
1
1
1
1
1
1
1
1
1
1
1
1
1
1
1
1
1
1
1
1
1
1
1
1
1
1
1
1
1
1
1
1
1
1
1
1
1
1
1
1
1
1
1
1
1
1
1
1
1
1
1
1
1
1
1
1
1
1
1
1
1
1
1
1
1
1
1
1
1
1
1
1
1
1
1
1
1
1
1
1
1
1
1
1
1
1
1
1
1
1
1
1
1
1
1
1
1
1
1
1
1
1
1
1
1
1
1
1
1
1
1
1
1
1
1
1
1
1
1
1
1
1
1
1
1
1
1
1
1
1
1
1
1
1
1
1
1
1
1
1
1
1
1
1
1
1
1
1
1
1
1
1
1
1
1
1
1
1
1
1
1
1
1
1
1
1
1
1
1
1
1
1
1
1
1
1
1
1
1
1
1
1
1
1
1
1
1
1
1
1
1
1
1
1
1
1
1
1
1
1
1
1
1
1
1
1
1
1
1
1
1
1
1
1
1
1
1
1
1
1
1
1
1
1
1
1
1
1
1
1
1
1
1
1
1
1
1
1
1
1
1
1
1
1
1
1
1
1
1
1
1
1
1
1
1
1
1
1
1
1
1
1
1
1
1
1
1
1
1
1
1
1
1
1
1
1
1
1
1
1
1
1
1
1
1
1
1
1
1
1
1
1
1
1
1
1
1
1
1
1
1
1
1
1
1
1
1
1
1
1
1
1
1
1
1
1
1
1
1
1
1
1
1
1
1
1
1
1
1
1
1
1
1
1
1
1
1
1
1
1
1
1
1
1
1
1
1
1
1
1
1
1
1
1
1
1
1
1
1
1
1
1
1
1
1
1
1
1
1
1
1
1
1
1
1
1
1
1
1
1
1
1
1
1
1
1
1
1
1
1
1
1
1
1
1
1
1
1
1
1
1
1
1
1
1
1
1
1
1
1
1
1
1
1
1
1
1
1
1
1
1
1
1
1
1
1
1
1
1
1
1
1
1
1
1
1
1
1
1
1
1
1
1
1
1
1
1
1
1
1
1
1
1
1
1
1
1
1
1
1
1
1
1
1
1
1
1
1
1
1
1
1
1
1
1
1
1
1
1
1
1
1
1
1
1
1
1
1
1
1
1
1
1
1
1
1
1
1
1
1
1
1
1
1
1
1
1
1
1
1
1
1
1
1
1
1
1
1
1
1
1
1
1
1
1
1
1
1
1
1
1
1
1
1
1
1
1
1
1
1
1
1
1
1
1
1
1
1
1
1
1
1
1
1
1
1
1
1
1
1
1
1
1
1
1
1
1
1
1
1
1
1
1
1
1
1
1
1
1
1
1
1
1
1
1
1
1
1
1
1
1
1
1
1
1
1
1
1
1
1
1
1
1
1
1
1
1
1
0.99984
0.99984
0.999984
0.999984
1
1
1
1
0.999845
0.999841
0.999984
0.999985
1
1
1
1
0.999473
0.999909
0.999937
0.999986
0.999999
0.999991
0.999991
1
0.999995
1
1
1
1
1
1
1
1
1
0.998876
0.999864
0.999845
0.999984
0.999999
0.999984
0.999986
0.999999
0.999985
0.99884
0.99984
0.999841
0.999986
0.999999
0.999985
0.999984
0.999999
0.999984
1
1
1
1
1
1
1
1
1
0.998835
0.99984
0.99984
0.999984
0.999999
0.999984
0.999984
0.999999
0.999984
0.999841
0.999845
0.999985
0.999984
1
1
1
1
0.999909
0.999937
0.999991
0.999995
1
1
1
1
0.999864
0.999909
0.999991
0.999986
1
1
1
1
0.999845
0.999864
0.999985
0.999986
1
1
1
1
0.998835
0.99984
0.99984
0.999984
0.999999
0.999984
0.999984
0.999999
0.999984
1
1
1
1
1
1
1
1
1
0.998835
0.99984
0.99984
0.999984
0.999999
0.999984
0.999984
0.999999
0.999984
0.999015
0.999909
0.999864
0.999984
0.999999
0.999985
0.999991
0.999999
0.999986
1
1
1
1
1
1
1
1
1
0.999298
0.999937
0.999909
0.999985
0.999999
0.999986
0.999995
0.999999
0.999991
0.999841
0.99984
0.999984
0.999984
1
1
1
1
0.999841
0.99984
0.999984
0.999984
1
1
1
1
0.999909
0.999937
0.999995
0.999991
1
1
1
1
0.999841
0.999845
0.999985
0.999984
1
1
1
1
0.999473
0.999909
0.999937
0.999986
0.999999
0.999991
0.999991
1
0.999995
1
1
1
1
1
1
1
1
1
0.998876
0.999864
0.999845
0.999985
0.999999
0.999984
0.999986
0.999999
0.999985
0.998876
0.999864
0.999845
0.999984
0.999999
0.999984
0.999986
0.999999
0.999985
1
1
1
1
1
1
1
1
1
0.999473
0.999909
0.999937
0.999986
0.999999
0.999991
0.999991
1
0.999995
0.999841
0.999845
0.999985
0.999984
1
1
1
1
0.999909
0.999937
0.999995
0.999991
1
1
1
1
0.999841
0.999841
0.999984
0.999984
1
1
1
1
0.999937
0.999909
0.999991
0.999995
1
1
1
1
0.998876
0.999841
0.999845
0.999991
0.999999
0.999986
0.999984
0.999999
0.999985
1
1
1
1
1
1
1
1
1
0.998835
0.99984
0.99984
0.999984
0.999999
0.999984
0.999984
0.999999
0.999984
0.999298
0.999864
0.999909
0.999991
1
0.999995
0.999986
0.999999
0.999991
1
1
1
1
1
1
1
1
1
0.99884
0.999845
0.999841
0.999984
0.999999
0.999984
0.999985
0.999999
0.999984
0.99984
0.99984
0.999984
0.999984
1
1
1
1
0.999864
0.999845
0.999985
0.999986
1
1
1
1
0.998835
0.999841
0.99984
0.999984
0.999999
0.999984
0.999984
0.999999
0.999984
1
1
1
1
1
1
1
1
1
0.999015
0.999845
0.999864
0.999995
0.999999
0.999991
0.999985
0.999999
0.999986
0.999909
0.999864
0.999991
0.999986
1
1
1
1
0.99984
0.999841
0.999984
0.999984
1
1
1
1
0.999985
0.999999
0.999987
0.999999
1
1
1
1
0.999995
0.999999
0.999992
1
1
1
1
1
0.999987
0.999999
0.999985
0.999999
1
1
1
1
0.999985
0.999999
0.999985
0.999999
1
1
1
1
0.999992
1
0.999995
0.999999
1
1
1
1
0.999987
0.999999
0.999992
0.999999
1
1
1
1
0.999985
0.999999
0.999985
0.999999
1
1
1
1
0.999985
0.999999
0.999985
0.999999
1
1
1
1
0.999985
0.999999
0.999985
0.999999
1
1
1
1
0.999992
0.999999
0.999987
0.999999
1
1
1
1
1
1
1
1
1
1
0.999351
0.999939
0.999992
0.999999
0.999995
0.999999
0.999073
0.999911
0.999992
0.999999
0.999992
0.999999
1
1
1
1
1
1
0.998862
0.999844
0.999987
0.999999
0.999985
0.999999
0.999033
0.999848
0.999995
0.999999
0.999985
0.999999
1
1
1
1
1
1
0.999985
0.999999
0.998856
0.999843
0.999999
0.999985
0.998896
0.999844
0.999992
0.999999
0.999985
0.999999
1
1
1
1
1
1
0.99921
0.999915
0.999995
0.999999
0.999992
0.999999
0.999488
0.999943
0.999995
1
0.999995
1
1
1
1
1
1
1
0.999351
0.999939
0.999992
0.999999
0.999995
0.999999
0.99921
0.999915
0.999995
0.999999
0.999992
0.999999
1
1
1
1
1
1
0.999351
0.999939
0.999992
0.999999
0.999995
0.999999
0.999073
0.999911
0.999992
0.999999
0.999992
0.999999
1
1
1
1
1
1
0.99921
0.999915
0.999995
0.999999
0.999992
0.999999
0.999351
0.999939
0.999992
0.999999
0.999995
0.999999
1
1
1
1
1
1
0.999033
0.999911
0.999985
0.999999
0.999992
0.999999
0.999487
0.999943
0.999995
1
0.999995
1
1
1
1
1
1
1
0.999073
0.999911
0.999992
0.999999
0.999992
0.999999
0.99931
0.999938
0.999985
0.999999
0.999995
0.999999
1
1
1
1
1
1
0.999351
0.999939
0.999992
0.999999
0.999995
0.999999
0.999073
0.999911
0.999992
0.999999
0.999992
0.999999
1
1
1
1
1
1
0.998862
0.999844
0.999987
0.999999
0.999985
0.999999
0.999033
0.999848
0.999995
0.999999
0.999985
0.999999
1
1
1
1
1
1
0.99921
0.999915
0.999995
0.999999
0.999992
0.999999
0.999351
0.999939
0.999992
0.999999
0.999995
0.999999
1
1
1
1
1
1
0.999351
0.999939
0.999992
0.999999
0.999995
0.999999
0.99921
0.999915
0.999995
0.999999
0.999992
0.999999
1
1
1
1
1
1
0.998856
0.999843
0.999985
0.999999
0.999985
0.999999
0.998896
0.999844
0.999992
0.999999
0.999985
0.999999
1
1
1
1
1
1
0.99921
0.999915
0.999995
0.999999
0.999992
0.999999
0.999488
0.999943
0.999995
1
0.999995
1
1
1
1
1
1
1
0.999033
0.99991
0.999985
0.999999
0.999992
0.999999
0.999351
0.999939
0.999992
0.999999
0.999995
0.999999
1
1
1
1
1
1
0.99921
0.999915
0.999995
0.999999
0.999992
0.999999
0.999488
0.999943
0.999995
1
0.999995
1
1
1
1
1
1
1
0.999351
0.999939
0.999992
0.999999
0.999995
0.999999
0.99921
0.999915
0.999995
0.999999
0.999992
0.999999
1
1
1
1
1
1
0.999351
0.999939
0.999992
0.999999
0.999995
0.999999
0.999073
0.999911
0.999992
0.999999
0.999992
0.999999
1
1
1
1
1
1
0.99921
0.999915
0.999995
0.999999
0.999992
0.999999
0.999311
0.999939
0.999985
0.999999
0.999995
0.999999
1
1
1
1
1
1
0.999981
0.999999
0.998856
0.999843
0.999999
0.999985
0.998856
0.999843
0.999985
0.999999
0.999985
0.999999
0.999996
0.999999
1
1
1
1
0.998856
0.999843
0.999985
0.999999
0.999985
0.999999
0.999927
0.999996
0.998855
0.999843
0.999999
0.999985
1
1
1
1
1
1
1
1
1
1
1
1
1
1
1
1
1
1
1
1
1
1
1
1
1
1
1
1
1
1
1
1
1
1
1
1
1
1
1
1
1
1
0.99921
0.999915
0.999995
0.999999
0.999992
0.999999
0.999351
0.999939
0.999992
0.999999
0.999995
0.999999
1
1
1
1
1
1
0.999033
0.999911
0.999985
0.999999
0.999992
0.999999
0.999487
0.999943
0.999995
1
0.999995
1
1
1
1
1
1
1
0.999351
0.999939
0.999992
0.999999
0.999995
0.999999
0.99921
0.999915
0.999995
0.999999
0.999992
0.999999
1
1
1
1
1
1
0.99921
0.999915
0.999995
0.999999
0.999992
0.999999
0.999351
0.999939
0.999992
0.999999
0.999995
0.999999
1
1
1
1
1
1
0.999073
0.999911
0.999992
0.999999
0.999992
0.999999
0.99931
0.999938
0.999985
0.999999
0.999995
0.999999
0.999841
0.999841
0.999984
0.999984
1
1
1
1
0.999937
0.999909
0.999991
0.999995
1
1
1
1
0.999845
0.999864
0.999986
0.999985
1
1
1
1
0.999864
0.999909
0.999991
0.999986
1
1
1
1
0.999985
0.999999
0.999985
0.999999
1
1
1
1
0.999985
0.999999
0.999985
0.999999
1
1
1
1
0.999995
0.999999
0.999992
1
1
1
1
1
0.999985
0.999999
0.999987
0.999999
1
1
1
1
0.999986
0.999999
0.999999
0.999985
1
1
1
1
1
1
1
1
0.999992
0.999999
0.999987
0.999999
0.999989
0.999999
0.999987
0.999999
1
1
1
1
0.999992
0.999999
0.999987
0.999999
1
1
1
1
0.999987
0.999999
0.999992
0.999999
1
1
1
1
0.999992
1
0.999995
0.999999
1
1
1
1
0.999985
0.999999
0.999985
0.999999
1
1
1
1
0.999985
0.999999
0.999985
0.999999
1
1
1
1
0.999841
0.999841
0.999984
0.999984
1
1
1
1
0.999937
0.999909
0.999995
0.999991
1
1
1
1
0.99984
0.99984
0.999984
0.999984
1
1
1
1
0.999841
0.999841
0.999984
0.999984
1
1
1
1
0.999985
0.999999
0.999999
0.999985
1
1
1
1
1
1
1
1
0.999985
0.999999
0.999985
0.999999
0.999987
0.999999
0.999985
0.999999
1
1
1
1
0.999985
0.999999
0.999985
0.999999
1
1
1
1
0.999845
0.999841
0.999984
0.999985
1
1
1
1
0.99984
0.99984
0.999984
0.999984
1
1
1
1
0.999937
0.999909
0.999991
0.999995
1
1
1
1
0.99984
0.999984
0.999841
0.999984
1
1
1
1
0.999987
0.999999
0.999987
0.999999
1
1
1
1
0.999995
0.999999
0.999992
1
1
1
1
1
0.999985
0.999999
0.999985
0.999999
1
1
1
1
0.999985
0.999999
0.999985
0.999999
1
1
1
1
0.999985
0.999999
0.999999
0.999985
1
1
1
1
1
1
1
1
0.999985
0.999999
0.999985
0.999999
0.999992
1
0.999995
0.999999
1
1
1
1
0.999987
0.999999
0.999992
0.999999
1
1
1
1
0.999835
0.99998
0.99984
0.999984
1
1
1
1
0.999909
0.999864
0.999986
0.999991
1
1
1
1
0.999984
0.999999
0.999999
0.999985
1
1
1
1
1
1
1
1
0.999985
0.999999
0.999985
0.999999
1
1
1
1
1
1
1
1
1
1
1
1
1
1
1
1
1
1
1
1
1
1
1
1
1
1
1
1
1
1
1
1
1
1
1
1
1
1
1
1
1
1
1
1
1
1
1
1
0.999869
0.999909
0.999991
0.999987
1
1
1
1
0.999849
0.999865
0.999986
0.999985
1
1
1
1
0.999937
0.999909
0.999991
0.999995
1
1
1
1
0.999841
0.999841
0.999984
0.999984
1
1
1
1
0.999992
1
0.999995
0.999999
1
1
1
1
0.999987
0.999999
0.999992
0.999999
1
1
1
1
0.999985
0.999999
0.999985
0.999999
1
1
1
1
0.999985
0.999999
0.999985
0.999999
1
1
1
1
0.999992
0.999999
0.999999
0.999987
1
1
1
1
1
1
1
1
0.999985
0.999999
0.999985
0.999999
0.999985
0.999999
0.999987
0.999999
1
1
1
1
0.999995
0.999999
0.999992
1
1
1
1
1
0.999985
0.999999
0.999985
0.999999
1
1
1
1
0.999992
0.999999
0.999987
0.999999
1
1
1
1
0.99984
0.99984
0.999984
0.999984
1
1
1
1
0.999845
0.999841
0.999984
0.999985
1
1
1
1
0.999841
0.999845
0.999985
0.999984
1
1
1
1
0.999909
0.999937
0.999991
0.999995
1
1
1
1
0.999841
0.999841
0.999984
0.999984
1
1
1
1
0.999937
0.999909
0.999991
0.999995
1
1
1
1
0.999298
0.999937
0.999909
0.999985
0.999999
0.999986
0.999995
0.999999
0.999991
1
1
1
1
1
1
1
1
1
0.999056
0.999909
0.999869
0.999991
0.999999
0.999987
0.999991
0.999999
0.999987
0.999845
0.999864
0.999986
0.999985
1
1
1
1
1
1
1
1
0.999864
0.999909
0.999991
0.999986
0.999299
0.999865
0.999909
0.999991
1
0.999995
0.999986
0.999999
0.999991
1
1
1
1
1
1
1
1
1
0.99902
0.999849
0.999865
0.999995
0.999999
0.999991
0.999985
0.999999
0.999986
0.999864
0.999909
0.999991
0.999986
1
1
1
1
0.999845
0.999864
0.999985
0.999986
1
1
1
1
0.999841
0.99984
0.999984
0.999984
1
1
1
1
0.999841
0.99984
0.999984
0.999984
1
1
1
1
0.999985
0.999999
0.999985
0.999999
1
1
1
1
0.999985
0.999999
0.999985
0.999999
1
1
1
1
0.999987
0.999999
0.999985
0.999999
1
1
1
1
0.999985
0.999999
0.999985
0.999999
1
1
1
1
0.999841
0.999841
0.999984
0.999984
1
1
1
1
0.999937
0.999909
0.999995
0.999991
1
1
1
1
0.998835
0.99984
0.99984
0.999985
0.999999
0.999984
0.999984
0.999999
0.999984
1
1
1
1
1
1
1
1
1
0.998835
0.99984
0.99984
0.999984
0.999999
0.999984
0.999984
0.999999
0.999984
0.99984
0.99984
0.999984
0.999984
1
1
1
1
1
1
1
1
0.999841
0.999841
0.999984
0.999984
0.999298
0.999864
0.999909
0.999991
1
0.999995
0.999986
0.999999
0.999991
1
1
1
1
1
1
1
1
1
0.99884
0.999845
0.999841
0.999984
0.999999
0.999984
0.999985
0.999999
0.999984
0.999985
0.999999
0.999985
0.999999
1
1
1
1
0.999985
0.999999
0.999985
0.999999
1
1
1
1
0.999992
1
0.999995
0.999999
1
1
1
1
0.999987
0.999999
0.999992
0.999999
1
1
1
1
0.999909
0.999937
0.999995
0.999991
1
1
1
1
0.999841
0.999845
0.999985
0.999984
1
1
1
1
0.999865
0.999915
0.999992
0.999986
1
1
1
1
0.999915
0.999967
0.999997
0.999992
1
1
1
1
0.999845
0.999841
0.999984
0.999985
1
1
1
1
0.99984
0.99984
0.999984
0.999984
1
1
1
1
0.99998
0.999999
0.999984
0.99884
0.999845
0.999841
0.999999
0.999985
0.999984
1
1
1
1
1
1
1
1
1
0.999298
0.999864
0.999909
0.999991
1
0.999995
0.999986
0.999999
0.999991
0.999937
0.999909
0.999991
0.999995
1
1
1
1
1
1
1
1
0.99984
0.999841
0.999984
0.999984
0.998835
0.99984
0.99984
0.999984
0.999999
0.999984
0.999984
0.999999
0.999984
1
1
1
1
1
1
1
1
1
0.99884
0.99984
0.999841
0.999986
0.999999
0.999985
0.999984
0.999999
0.999984
0.999984
0.999999
0.999985
0.999999
1
1
1
1
0.999985
0.999999
0.999985
0.999999
1
1
1
1
0.999015
0.999845
0.999864
0.999995
0.999999
0.999991
0.999985
0.999999
0.999986
0.999996
0.999999
1
1
1
1
1
1
1
0.998834
0.999841
0.99984
0.999927
0.999996
0.99998
0.999984
0.999999
0.999984
0.999835
0.99998
0.99984
0.999984
1
1
1
1
1
1
1
1
0.999909
0.999864
0.999986
0.999991
1
1
1
1
1
1
1
1
1
1
1
1
1
1
1
1
1
1
1
1
1
1
1
1
1
1
1
1
1
1
1
1
1
1
1
1
1
1
1
1
1
1
1
1
1
1
1
1
1
1
1
1
1
1
1
1
1
1
1
1
1
1
1
1
1
1
1
1
1
1
1
1
1
1
1
0.999985
0.999999
0.999985
0.999999
1
1
1
1
0.999985
0.999999
0.999985
0.999999
1
1
1
1
0.999985
0.999999
0.999985
0.999999
1
1
1
1
0.999985
0.999999
0.999985
0.999999
1
1
1
1
0.999841
0.999841
0.999984
0.999984
1
1
1
1
0.999937
0.999909
0.999991
0.999995
1
1
1
1
0.99984
0.99984
0.999984
0.999984
1
1
1
1
0.999864
0.999845
0.999985
0.999986
1
1
1
1
0.999869
0.999909
0.999991
0.999987
1
1
1
1
0.999849
0.999865
0.999986
0.999985
1
1
1
1
0.99884
0.999845
0.999841
0.999984
0.999999
0.999984
0.999985
0.999999
0.999984
1
1
1
1
1
1
1
1
1
0.999298
0.999864
0.999909
0.999991
1
0.999995
0.999986
0.999999
0.999991
0.999937
0.999909
0.999991
0.999995
1
1
1
1
1
1
1
1
0.999841
0.999841
0.999984
0.999984
0.999056
0.999909
0.999869
0.999991
0.999999
0.999987
0.999991
0.999999
0.999987
1
1
1
1
1
1
1
1
1
0.999304
0.999937
0.999909
0.999987
0.999999
0.999987
0.999995
0.999999
0.999991
0.999909
0.999864
0.999991
0.999986
1
1
1
1
0.99984
0.999841
0.999984
0.999984
1
1
1
1
1
1
1
1
1
1
0.99921
0.999915
0.999995
0.999999
0.999992
0.999999
0.999351
0.999939
0.999992
0.999999
0.999995
0.999999
1
1
1
1
1
1
0.999351
0.999939
0.999992
0.999999
0.999995
0.999999
0.99921
0.999915
0.999995
0.999999
0.999992
0.999999
1
1
1
1
1
1
0.999033
0.99991
0.999985
0.999999
0.999992
0.999999
0.999351
0.999939
0.999992
0.999999
0.999995
0.999999
1
1
1
1
1
1
0.99921
0.999915
0.999995
0.999999
0.999992
0.999999
0.999488
0.999943
0.999995
1
0.999995
1
1
1
1
1
1
1
0.99921
0.999915
0.999995
0.999999
0.999992
0.999999
0.999311
0.999939
0.999985
0.999999
0.999995
0.999999
1
1
1
1
1
1
0.999981
0.999999
0.998856
0.999843
0.999999
0.999985
0.998856
0.999843
0.999985
0.999999
0.999985
0.999999
0.999996
0.999999
1
1
1
1
0.998856
0.999843
0.999985
0.999999
0.999985
0.999999
0.999927
0.999996
0.998855
0.999843
0.999999
0.999985
1
1
1
1
1
1
1
1
1
1
1
1
1
1
1
1
1
1
1
1
1
1
1
1
1
1
1
1
1
1
1
1
1
1
1
1
1
1
1
1
1
1
0.999351
0.999939
0.999992
0.999999
0.999995
0.999999
0.99921
0.999915
0.999995
0.999999
0.999992
0.999999
1
1
1
1
1
1
0.99921
0.999915
0.999995
0.999999
0.999992
0.999999
0.999351
0.999939
0.999992
0.999999
0.999995
0.999999
1
1
1
1
0.999985
0.999999
0.999999
0.999985
0.999985
0.999999
0.999985
0.999999
1
1
1
1
0.999995
0.999999
0.999992
1
1
1
1
1
0.999985
0.999999
0.999987
0.999999
1
1
1
1
0.999987
0.999999
0.999992
0.999999
1
1
1
1
0.999992
1
0.999995
0.999999
1
1
1
1
1
1
1
1
0.999985
0.999999
0.999999
0.999985
0.999985
0.999999
0.999985
0.999999
1
1
1
1
1
1
1
1
1
1
1
1
1
1
1
1
1
1
1
1
1
1
1
1
1
1
1
1
1
1
1
1
1
1
1
1
1
1
1
1
1
1
1
1
1
1
1
1
1
1
1
1
1
1
1
1
1
1
1
1
1
1
1
1
1
1
1
1
1
1
1
1
1
1
1
1
1
1
1
1
1
1
1
1
1
1
1
1
1
1
1
1
1
1
1
1
1
1
1
1
1
1
1
1
1
1
1
1
1
1
1
1
1
1
1
1
1
1
1
1
1
1
1
1
1
1
1
1
1
1
1
1
1
1
1
1
1
1
1
1
1
1
1
1
1
1
1
1
1
1
1
1
1
1
1
1
1
1
1
1
1
1
1
1
1
1
1
1
1
1
1
1
1
1
1
1
1
1
1
1
1
1
1
1
1
1
1
1
1
1
1
1
1
1
1
1
1
1
1
1
1
1
1
1
1
1
1
1
1
1
1
1
1
1
1
1
1
1
1
1
1
1
1
1
1
1
1
1
1
1
1
1
1
1
1
1
1
1
1
1
1
1
1
1
1
1
1
1
1
1
1
1
1
1
1
1
1
1
1
1
1
1
1
1
1
1
1
1
1
1
1
1
0.999987
0.999999
0.999992
0.999999
1
1
1
1
0.999992
1
0.999995
0.999999
1
1
1
1
0.999989
0.999999
0.999992
0.999999
1
1
1
1
0.999992
1
0.999995
0.999999
1
1
1
1
1
1
1
1
1
1
1
1
1
1
1
1
1
1
1
1
1
1
1
1
1
1
1
1
1
1
1
1
1
1
1
1
1
1
1
1
1
1
1
1
1
1
1
1
1
1
1
1
1
1
1
1
1
1
1
1
1
1
1
1
1
1
1
1
1
1
1
1
1
1
1
1
1
1
1
1
1
1
1
1
1
1
1
1
1
1
1
1
1
1
1
1
1
1
1
1
1
1
1
1
1
1
1
1
1
1
1
1
1
1
1
1
1
1
1
1
1
1
1
1
1
1
1
1
1
1
1
1
1
1
1
1
1
1
1
1
1
1
1
1
1
1
1
1
1
1
1
1
1
1
1
1
1
1
1
1
1
1
1
1
1
1
1
1
1
1
1
1
1
1
1
1
1
1
1
1
1
1
1
1
1
1
1
1
1
1
1
1
1
1
1
1
1
1
1
1
1
1
1
1
1
1
1
1
1
1
1
1
1
1
1
1
1
1
1
1
1
1
1
1
1
1
1
1
1
1
1
1
1
1
1
1
1
1
1
1
1
1
1
1
1
1
1
1
1
1
1
1
1
1
1
1
1
1
1
1
1
1
1
1
1
1
1
1
1
1
1
1
1
1
1
1
1
1
1
1
1
1
1
1
1
1
1
1
1
1
1
1
1
1
1
1
1
1
1
1
1
1
1
1
1
1
1
1
1
1
1
1
1
1
1
1
1
1
1
1
1
1
1
1
1
1
1
1
1
1
1
1
1
1
1
1
1
1
1
1
1
1
1
1
1
1
1
1
1
1
1
1
1
1
1
1
1
1
1
1
1
1
1
1
1
1
1
1
1
1
1
1
1
1
1
1
1
1
1
1
1
1
1
1
1
1
1
1
1
1
1
1
1
1
1
1
1
1
1
1
1
1
1
1
1
1
1
1
1
1
1
1
1
1
1
1
1
1
1
1
1
1
1
1
1
1
1
1
1
1
1
1
1
1
1
1
1
1
1
1
1
1
1
1
1
1
1
1
1
1
1
1
1
1
1
1
1
1
1
1
1
1
1
1
1
1
1
1
1
1
1
1
1
1
1
1
1
1
1
1
1
1
1
1
1
1
1
1
1
1
1
1
1
1
1
1
1
1
1
1
1
1
1
1
1
1
1
1
1
1
1
1
1
1
1
1
1
1
1
1
1
1
1
1
1
1
1
1
1
1
1
1
1
1
1
1
1
1
1
1
1
1
1
1
1
1
1
1
1
1
1
1
1
1
1
1
1
1
1
1
1
1
1
1
1
1
1
1
1
1
1
1
1
1
1
1
1
1
1
1
1
1
1
1
1
1
1
1
1
1
1
1
1
1
1
1
1
1
1
1
1
1
1
1
1
1
1
1
1
1
1
1
1
1
1
1
1
1
1
1
1
1
1
1
1
1
1
1
1
1
1
1
1
1
1
1
1
1
1
1
1
1
1
1
1
1
1
1
1
1
1
1
1
1
1
1
1
1
1
1
1
1
1
1
1
1
1
1
1
1
1
1
1
1
1
1
1
1
1
1
1
1
1
1
1
1
1
1
1
1
1
1
1
1
1
1
1
1
1
1
1
1
1
1
1
1
1
1
1
1
1
1
1
1
1
1
1
1
1
1
1
1
1
1
1
1
1
1
1
1
1
1
1
1
1
1
1
1
1
1
1
1
1
1
1
1
1
1
1
1
1
1
1
1
1
1
1
1
1
1
1
1
1
1
1
1
1
1
1
1
1
1
1
1
1
1
1
1
1
1
1
1
1
1
1
1
1
1
1
1
1
1
1
1
1
1
1
1
1
1
1
1
1
1
1
1
1
1
1
1
1
1
1
1
1
1
1
1
1
1
1
1
1
1
1
1
1
1
1
1
1
1
1
1
1
1
1
1
1
1
1
1
1
1
1
1
1
1
1
1
1
1
1
1
1
1
1
1
1
1
1
1
1
1
1
1
1
1
1
1
1
1
1
1
1
1
1
1
1
1
1
1
1
1
1
1
1
1
1
1
1
1
1
1
1
1
1
1
1
1
1
1
1
1
1
1
1
1
1
1
1
1
1
1
1
1
1
1
1
1
1
1
1
1
1
1
1
1
1
1
1
1
1
1
1
1
1
1
1
1
1
1
1
1
1
1
1
1
1
1
1
1
1
1
1
1
1
1
1
1
1
1
1
1
1
1
1
1
1
1
1
1
1
1
1
1
1
1
1
1
1
1
1
1
1
1
1
1
1
1
1
1
1
1
1
1
1
1
1
1
1
1
1
1
1
1
1
1
1
1
1
1
1
1
1
1
1
1
1
1
1
1
1
1
1
1
1
1
1
1
1
1
1
1
1
1
1
1
1
1
1
1
1
1
1
1
1
1
1
1
1
1
1
1
1
1
1
1
1
1
1
1
1
1
1
1
1
1
1
1
1
1
1
1
1
1
1
1
1
1
1
1
1
1
1
1
1
1
1
1
1
1
1
1
1
1
1
1
1
1
1
1
1
1
1
1
1
1
1
1
1
1
1
1
1
1
1
1
1
1
1
1
1
1
1
1
1
1
1
1
1
1
1
1
1
1
1
1
1
1
1
1
1
1
1
1
1
1
1
1
1
1
1
1
1
1
1
1
1
1
1
1
1
1
1
1
1
1
1
1
1
1
1
1
1
1
1
1
1
1
1
1
1
1
1
1
1
1
1
1
1
1
1
1
1
1
1
1
1
1
1
1
1
1
1
1
1
1
1
1
1
1
1
1
1
1
1
1
1
1
1
1
1
1
1
1
1
1
1
1
1
1
1
1
1
1
1
1
1
1
1
1
1
1
1
1
1
1
1
1
1
1
1
1
1
1
1
1
1
1
1
1
1
1
1
1
1
1
1
1
1
1
1
1
1
1
1
1
1
1
1
1
1
1
1
1
1
1
1
1
1
1
1
1
1
1
1
1
1
1
1
1
1
1
1
1
1
1
1
1
1
1
1
1
1
1
1
1
1
1
1
1
1
1
1
1
1
1
1
1
1
1
1
1
1
1
1
1
1
1
1
1
1
1
1
1
1
1
1
1
1
1
1
1
1
1
1
1
1
1
1
1
1
1
1
1
1
1
1
1
1
1
1
1
1
1
1
1
1
1
1
1
1
1
1
1
1
1
1
1
1
1
1
1
1
1
1
1
1
1
1
1
1
1
1
1
1
1
1
1
1
1
1
1
1
1
1
1
1
1
1
1
1
1
1
1
1
1
1
1
1
1
1
1
1
1
1
1
1
1
1
1
1
1
1
1
1
1
1
1
1
1
1
1
1
1
1
1
1
1
1
1
1
1
1
1
1
1
1
1
1
1
1
1
1
1
1
1
1
1
1
1
1
1
1
1
1
1
1
1
1
1
1
1
1
1
1
1
1
1
1
1
1
1
1
1
1
1
1
1
1
1
1
1
1
1
1
1
1
1
1
1
1
1
1
1
1
1
1
1
1
1
1
1
1
1
1
1
1
1
1
1
1
1
1
1
1
1
1
1
1
1
1
1
1
1
1
1
1
1
1
1
1
1
1
1
1
1
1
1
1
1
1
1
1
1
1
1
1
1
1
1
1
1
1
1
1
1
1
1
1
1
1
1
1
1
1
1
1
1
1
1
1
1
1
1
1
1
1
1
1
1
1
1
1
1
1
1
1
1
1
1
1
1
1
1
1
1
1
1
1
1
1
1
1
1
1
1
1
1
1
1
1
1
1
1
1
1
1
1
1
1
1
1
1
1
1
1
1
1
1
1
1
1
1
1
1
1
1
1
1
1
1
1
1
1
1
1
1
1
1
1
1
1
1
1
1
1
1
1
1
1
1
1
1
1
1
1
1
1
1
1
1
1
1
1
1
1
1
1
1
1
1
1
1
1
1
1
1
1
1
1
1
1
1
1
1
1
1
1
1
1
1
1
1
1
1
1
1
1
1
1
1
1
1
1
1
1
1
1
1
1
1
1
1
1
1
1
1
1
1
1
1
1
1
1
1
1
1
1
1
1
1
1
1
1
1
1
1
1
1
1
1
1
1
1
1
1
1
1
1
1
1
1
1
1
1
1
1
1
1
1
1
1
1
1
1
1
1
1
1
1
1
1
1
1
1
1
1
1
1
1
1
1
1
1
1
1
1
1
1
1
1
1
1
1
1
1
1
1
1
1
1
1
1
1
1
1
1
1
1
1
1
1
1
1
1
1
1
1
1
1
1
1
1
1
1
1
1
1
1
1
1
1
1
1
1
1
1
1
1
1
1
1
1
1
1
1
1
1
1
1
1
1
1
1
1
1
1
1
1
1
1
1
1
1
1
1
1
1
1
1
1
1
1
1
1
1
1
1
1
1
1
1
1
1
1
1
1
1
1
1
1
1
1
1
1
1
1
1
1
1
1
1
1
1
1
1
1
1
1
1
1
1
1
1
1
1
1
1
1
1
1
1
1
1
1
1
1
1
1
1
1
1
1
1
1
1
1
1
1
1
1
1
1
1
1
1
1
1
1
1
1
1
1
1
1
1
1
1
1
1
1
1
1
1
1
1
1
1
1
1
1
1
1
1
1
1
1
1
1
1
1
1
1
1
1
1
1
1
1
1
1
1
1
1
1
1
1
1
1
1
1
1
1
1
1
1
1
1
1
1
1
1
1
1
1
1
1
1
1
1
1
1
1
1
1
1
1
1
1
1
1
1
1
1
1
1
1
1
1
1
1
1
1
1
1
1
1
1
1
1
1
1
1
1
1
1
1
1
1
1
1
1
1
1
1
1
1
1
1
1
1
1
1
1
1
1
1
1
1
1
1
1
1
1
1
1
1
1
1
1
1
1
1
1
1
1
1
1
1
1
1
1
1
1
1
1
1
1
1
1
1
1
1
1
1
1
1
1
1
1
1
1
1
1
1
1
1
1
1
1
1
1
1
1
1
1
1
1
1
1
1
1
1
1
1
1
1
1
1
1
1
1
1
1
1
1
1
1
1
1
1
1
1
1
1
1
1
1
1
1
1
1
1
1
1
1
1
1
1
1
1
1
1
1
1
1
1
1
1
1
1
1
1
1
1
1
1
1
1
1
1
1
1
1
1
1
1
1
1
1
1
1
1
1
1
1
1
1
1
1
1
1
1
1
1
1
1
1
1
1
1
1
1
1
1
1
1
1
1
1
1
1
1
1
1
1
1
1
1
1
1
1
1
1
1
1
1
1
1
1
1
1
1
1
1
1
1
1
1
1
1
1
1
1
1
1
1
1
1
1
1
1
1
1
1
1
1
1
1
1
1
1
1
1
1
1
1
1
1
1
1
1
1
1
1
1
1
1
1
1
1
1
1
1
1
1
1
1
1
1
1
1
1
1
1
1
1
1
1
1
1
1
1
1
1
1
1
1
1
1
1
1
1
1
1
1
1
1
1
1
1
1
1
1
1
1
1
1
1
1
1
1
1
1
1
1
1
1
1
1
1
1
1
1
1
1
1
1
1
1
1
1
1
1
1
1
1
1
1
1
1
1
1
1
1
1
1
1
1
1
1
1
1
1
1
1
1
1
1
1
1
1
1
1
1
1
1
1
1
1
1
1
1
1
1
1
1
1
1
1
1
1
1
1
1
1
1
1
1
1
1
1
1
1
1
1
1
1
1
1
1
1
1
1
1
1
1
1
1
1
1
1
1
1
1
1
1
1
1
1
1
1
1
1
1
1
1
1
1
1
1
1
1
1
1
1
1
1
1
1
1
1
1
1
1
1
1
1
1
1
1
1
1
1
1
1
1
1
1
1
1
1
1
1
1
1
1
1
1
1
1
1
1
1
1
1
1
1
1
1
1
1
1
1
1
1
1
1
1
1
1
1
1
1
1
1
1
1
1
1
1
1
1
1
1
1
1
1
1
1
1
1
1
1
1
1
1
1
1
1
1
1
1
1
1
1
1
1
1
1
1
1
1
1
1
1
1
1
1
1
1
1
1
1
1
1
1
1
1
1
1
1
1
1
1
1
1
1
1
1
1
1
1
1
1
1
1
1
1
1
1
1
1
1
1
1
1
1
1
1
1
1
1
1
1
1
1
1
1
1
1
1
1
1
1
1
1
1
1
1
1
1
1
1
1
1
1
1
1
1
1
1
1
1
1
1
1
1
1
1
1
1
1
1
1
1
1
1
1
1
1
1
1
1
1
1
1
1
1
1
1
1
1
1
1
1
1
1
1
1
1
1
1
1
1
1
1
1
1
1
1
1
1
1
1
1
1
1
1
1
1
1
1
1
1
1
1
1
1
1
1
1
1
1
1
1
1
1
1
1
1
1
1
1
1
1
1
1
1
1
1
1
1
1
1
1
1
1
1
1
1
1
1
1
1
1
1
1
1
1
1
1
1
1
1
1
1
1
1
1
1
1
1
1
1
1
1
1
1
1
1
1
1
1
1
1
1
1
1
1
1
1
1
1
1
1
1
1
1
1
1
1
1
1
1
1
1
1
1
1
1
1
1
1
1
1
1
1
1
1
1
1
1
1
1
1
1
1
1
1
1
1
1
1
1
1
1
1
1
1
1
1
1
1
1
1
1
1
1
1
1
1
1
1
1
1
1
1
1
1
1
1
1
1
1
1
1
1
1
1
1
1
1
1
1
1
1
1
1
1
1
1
1
1
1
1
1
1
1
1
1
1
1
1
1
1
1
1
1
1
1
1
1
1
1
1
1
1
1
1
1
1
1
1
1
1
1
1
1
1
1
1
1
1
1
1
1
1
1
1
1
1
1
1
1
1
1
1
1
1
1
1
1
1
1
1
1
1
1
1
1
1
1
1
1
1
1
1
1
1
1
1
1
1
1
1
1
1
1
1
1
1
1
1
1
1
1
1
1
1
1
1
1
1
1
1
1
1
1
1
1
1
1
1
1
1
1
1
1
1
1
1
1
1
1
1
1
1
1
1
1
1
1
1
1
1
1
1
1
1
1
1
1
1
1
1
1
1
1
1
1
1
1
1
1
1
1
1
1
1
1
1
1
1
1
1
1
1
1
1
1
1
1
1
1
1
1
1
1
1
1
1
1
1
1
1
1
1
1
1
1
1
1
1
1
1
1
1
1
1
1
1
1
1
1
1
1
1
1
1
1
1
1
1
1
1
1
1
1
1
1
1
1
1
1
1
1
1
1
1
1
1
1
1
1
1
1
1
1
1
1
1
1
1
1
1
1
1
1
1
1
1
1
1
1
1
1
1
1
1
1
1
1
1
1
1
1
1
1
1
1
1
1
1
1
1
1
1
1
1
1
1
1
1
1
1
1
1
1
1
1
1
1
1
1
1
1
1
1
1
1
1
1
1
1
1
1
1
1
1
1
1
1
1
1
1
1
1
1
1
1
1
1
1
1
1
1
1
1
1
1
1
1
1
1
1
1
1
1
1
1
1
1
1
1
1
1
1
1
1
1
1
1
1
1
1
1
1
1
1
1
1
1
1
1
1
1
1
1
1
1
1
1
1
1
1
1
1
1
1
1
1
1
1
1
1
1
1
1
1
1
1
1
1
1
1
1
1
1
1
1
1
1
1
1
1
1
1
1
1
1
1
1
1
1
1
1
1
1
1
1
1
1
1
1
1
1
1
1
1
1
1
1
1
1
1
1
1
1
1
1
1
1
1
1
1
1
1
1
1
1
1
1
1
1
1
1
1
1
1
1
1
1
1
1
1
1
1
1
1
1
1
1
1
1
1
1
1
1
1
1
1
1
1
1
1
1
1
1
1
1
1
1
1
1
1
1
1
1
1
1
1
1
1
1
1
1
1
1
1
1
1
1
1
1
1
1
1
1
1
1
1
1
1
1
1
1
1
1
1
1
1
1
1
1
1
1
1
1
1
1
1
1
1
1
1
1
1
1
1
1
1
1
1
1
1
1
1
1
1
1
1
1
1
1
1
1
1
1
1
1
1
1
1
1
1
1
1
1
1
1
1
1
1
1
1
1
1
1
1
1
1
1
1
1
1
1
1
1
1
1
1
1
1
1
1
1
1
1
1
1
1
1
1
1
1
1
1
1
1
1
1
1
1
1
1
1
1
1
1
1
1
1
1
1
1
1
1
1
1
1
1
1
1
1
1
1
1
1
1
1
1
1
1
1
1
1
1
1
1
1
1
1
1
1
1
1
1
1
1
1
1
1
1
1
1
1
1
1
1
1
1
1
1
1
1
1
1
1
1
1
1
1
1
1
1
1
1
1
1
1
1
1
1
1
1
1
1
1
1
1
1
1
1
1
1
1
1
1
1
1
1
1
1
1
1
1
1
1
1
1
1
1
1
1
1
1
1
1
0.992974
0.926774
0.92676
0.92689
0.997769
1
1
1
1
1
1
1
1
1
1
1
1
1
1
1
0.79122
0.974542
0.917107
1
1
1
1
1
1
1
1
1
1
1
1
1
1
1
0.791203
0.136622
0.973516
0.917098
1
1
1
1
1
1
1
1
1
1
1
1
1
1
1
0.791196
0.832013
0.992654
0.744
0.917095
1
1
1
1
1
1
1
1
1
1
1
1
1
1
1
0.791203
0.115239
0.974542
0.917098
1
1
1
1
1
1
1
1
1
1
1
1
1
1
1
0.791199
0.138394
0.971931
0.917096
1
1
1
1
1
1
1
1
1
1
1
1
1
1
1
0.791203
0.103044
0.97212
0.917098
1
1
1
1
1
1
1
1
1
1
1
1
1
1
1
0.791203
0.138413
0.977136
0.917098
1
1
1
1
1
1
1
1
1
1
1
1
1
1
1
0.918282
0.835162
0.835153
0.83521
0.970856
1
1
1
1
1
1
1
1
1
1
1
1
1
1
1
1
1
1
1
1
1
1
1
1
1
1
1
1
1
1
1
1
1
1
1
1
1
1
1
1
1
1
1
1
1
1
1
1
1
1
1
1
1
1
1
1
1
1
1
1
1
1
1
1
1
1
1
1
1
1
1
1
1
1
1
1
1
1
1
1
1
1
1
1
1
1
1
1
1
1
1
1
1
1
1
1
1
1
1
1
1
1
1
1
1
1
1
1
1
1
1
1
1
1
1
1
1
1
1
1
1
1
1
1
1
1
1
1
1
1
1
1
1
1
1
1
1
1
1
1
1
1
1
1
1
1
1
1
1
1
1
1
1
1
1
1
1
1
1
1
1
1
1
1
1
1
1
1
1
1
1
1
1
1
1
1
1
1
1
1
1
1
1
1
1
1
1
1
1
1
1
1
1
1
1
1
1
1
1
1
1
1
1
1
1
1
1
1
1
1
1
1
1
1
1
1
1
1
1
1
1
1
1
1
1
1
1
1
1
1
1
1
1
1
1
1
1
1
1
1
1
1
1
1
1
1
1
1
1
1
1
1
1
1
1
1
1
1
1
1
1
1
1
1
1
1
1
1
1
1
1
1
1
1
1
1
1
1
1
1
1
1
1
1
1
1
1
0.92689
0.79138
0.92676
0.977136
0.926774
0.977136
0.992974
0.79138
0.791203
0.974542
0.976268
0.131185
0.131185
0.97402
0.79122
0.791203
0.912686
0.791197
0.97484
0.997677
0.94222
0.136622
0.94222
0.997677
0.791203
0.791197
0.912682
0.744003
0.791203
0.992654
0.972784
0.132547
0.832012
0.132547
0.972784
0.791196
0.791203
0.791202
0.974542
0.971934
0.138373
0.115239
0.138373
0.971934
0.791203
0.791202
0.791203
0.971931
0.971962
0.138394
0.971962
0.791199
0.791203
0.791203
0.97212
0.974544
0.138373
0.103044
0.138373
0.974542
0.791203
0.791203
0.936877
0.856778
0.977136
0.936513
0.936681
0.138413
0.936681
0.936513
0.791203
0.856778
0.936877
0.113046
0.0977396
0.0791079
0.136985
0.116127
0.659971
0.659883
0.972784
0.741061
0.111503
0.138031
0.971963
0.0791079
0.0791081
0.616435
0.628679
0.616362
0.991661
0.116105
0.614263
0.620549
0.0974884
0.97211
0.115119
0.136647
0.972782
0.0844078
0.111722
0.83521
0.999994
1
0.835153
0.999994
0.999994
0.835162
0.999994
0.999994
0.918282
1
0.999994
0.0866432
0.767154
0.753787
0.761163
0.836677
0.790236
0.763567
0.763567
0.790236
0.836677
0.761163
0.753787
0.767154
0.0866432
0.0791079
0.0977396
0.0791081
0.97402
0.976089
0.0976126
0.113046
0.0976126
0.0791081
0.116127
0.911201
0.116128
0.971936
0.867533
0.971935
0.138122
0.856153
0.136985
0.865825
0.138122
0.971935
0.856888
0.116128
0.911198
0.111503
0.741064
0.114118
0.972784
0.684833
0.97212
0.0976126
0.680939
0.0976126
0.97212
0.0791081
0.0791079
0.116125
0.971962
0.97212
0.13836
0.138031
0.13836
0.97212
0.116125
0.620549
0.614263
0.116105
0.115921
0.393283
0.383883
0.991661
0.616362
0.368494
0.985172
0.401011
0.368888
0.628679
0.616435
0.368888
0.401011
0.985172
0.368494
0.383883
0.393283
0.115921
0.115119
0.0791081
0.972609
0.973959
0.112645
0.100771
0.972518
0.0791081
0.111722
0.0844078
0.939175
0.115191
0.972782
0.937098
0.972114
0.937047
0.937047
0.131244
0.972114
0.937098
0.115191
0.939175
1
0.979714
0.99856
1
0.979677
0.97968
1
0.97968
0.979677
1
0.99856
0.979714
0.997769
0.917204
1
0.926775
0.79385
0.795313
0.92678
0.793122
0.801008
0.937077
0.796677
0.79082
1
1
0.917204
0.917107
0.917098
1
0.336766
0.343786
0.791203
0.972695
1
1
0.917098
0.917098
0.917095
1
0.414475
0.363026
0.791203
0.971936
1
1
0.917095
0.917095
0.917098
1
0.814443
0.356805
0.791203
0.660507
0.971943
0.640098
1
1
0.917098
0.917098
0.917098
1
0.343786
0.343788
0.791203
0.977514
1
1
0.917098
0.917096
0.917098
1
0.362951
0.709458
0.791199
0.0852422
0.98109
0.11593
0.172404
1
1
0.917098
0.917098
0.917098
1
0.3617
0.414474
0.791203
1
1
0.917098
0.917098
0.947361
1
0.348917
0.356951
0.791361
0.971965
1
1
0.947361
0.79082
0.796677
0.937077
0.815665
0.807354
0.352563
0.801008
0.793122
0.92678
0.971872
0.795313
0.79385
0.926775
0.971872
0.352563
0.807354
0.815665
0.791203
0.414474
0.343788
0.972784
0.981307
0.973839
0.791203
0.343786
0.336766
0.343788
0.414474
0.791203
0.888895
0.791201
0.363026
0.936558
0.97212
0.89017
0.979393
0.979393
0.869853
0.936558
0.363026
0.791201
0.841429
0.721905
0.791203
0.360452
0.414475
0.971943
0.693751
0.977136
0.977136
0.791203
0.356805
0.814443
0.414475
0.360452
0.791203
0.791203
0.414474
0.363005
0.978177
0.97212
0.97212
0.791203
0.343788
0.343786
0.363005
0.414474
0.791203
0.172406
0.11593
0.791197
0.486587
0.362762
0.98109
0.0852422
0.971933
0.791199
0.709458
0.362951
0.362762
0.486587
0.791197
0.791203
0.343788
0.41454
0.972784
0.975912
0.973163
0.791203
0.414474
0.3617
0.41454
0.343788
0.791203
0.792268
0.361552
0.945434
0.971965
0.791361
0.356951
0.348917
0.945434
0.361552
0.792268
0.631954
0.630135
0.637098
0.631995
0.0844077
0.631397
0.631397
0.631561
0.630677
0.632104
0.939804
0.637098
0.632052
0.649817
0.972113
0.116264
0.640089
0.115212
0.631277
0.630135
0.631954
0.630117
0.978153
0.0844078
0.116326
0.622405
0.632042
0.116039
0.0966884
0.248021
0.115893
0.632014
0.596877
0.635702
0.632047
0.0791116
0.583785
0.632015
0.63141
0.596877
0.97212
0.111503
0.114118
0.117037
0.759534
0.118589
0.759339
0.756737
0.971807
0.749727
0.631033
0.821453
0.631334
0.631939
0.631939
0.631334
0.821453
0.631033
0.749727
0.971807
0.756737
0.759339
0.118589
0.759534
0.117037
0.0844077
0.0791081
0.974542
0.98292
0.631937
0.63585
0.630677
0.631592
0.631995
0.637098
0.630135
0.631954
0.631592
0.630677
0.63585
0.631937
0.0791081
0.0860828
0.888885
0.0873658
0.971962
0.885962
0.977161
0.597825
0.631875
0.978602
0.585704
0.630677
0.631561
0.631397
0.631397
0.585704
0.978604
0.631875
0.597825
0.977161
0.856197
0.841414
0.115212
0.721907
0.116264
0.0791115
0.972113
0.702539
0.978501
0.632047
0.63585
0.631334
0.632014
0.632052
0.637098
0.939807
0.632104
0.632014
0.631254
0.63585
0.632047
0.978501
0.0791115
0.0844078
0.115126
0.111709
0.97749
0.972784
0.637098
0.631995
0.632049
0.63585
0.629387
0.631954
0.629308
0.62999
0.63585
0.632049
0.631995
0.637098
0.972784
0.111709
0.115126
0.115893
0.248021
0.116109
0.368288
0.115981
0.368344
0.0966884
0.116039
0.339845
0.971946
0.357816
0.63194
0.70303
0.583785
0.631997
0.632042
0.622405
0.116326
0.631997
0.583785
0.70303
0.63194
0.357816
0.971946
0.339845
0.368344
0.115981
0.368288
0.116109
0.0791116
0.0791081
0.97212
0.973982
0.635775
0.636647
0.632047
0.635152
0.632047
0.635717
0.596877
0.632014
0.635149
0.632047
0.636673
0.635762
0.972522
0.0791081
0.114118
0.111503
0.380678
0.516877
0.396696
0.380665
0.97212
0.35248
0.378646
0.98384
0.380796
0.372266
0.85819
0.630737
0.596877
0.63141
0.632015
0.583785
0.630737
0.85819
0.372266
0.380796
0.98384
0.378646
0.35248
0.380665
0.396696
0.516877
0.380678
0.951416
0.789577
0.867678
0.83249
0.828625
0.138031
0.972784
0.828374
0.828374
0.136622
0.97212
0.978098
0.828763
0.138847
0.735028
0.83249
0.830101
0.132147
0.828728
0.843074
0.296054
0.822617
0.82869
0.138422
0.972784
0.828691
0.822597
0.835199
0.979677
0.979675
0.835208
0.979677
0.979675
0.839155
0.980759
0.979679
0.828257
0.830161
0.830161
0.828257
0.867678
0.789577
0.951416
0.100771
0.828354
0.827282
0.138031
0.828625
0.83249
0.827282
0.828354
0.100771
0.978472
0.822543
0.992386
0.136622
0.828374
0.828374
0.992386
0.822543
0.791203
0.363026
0.414475
0.736055
0.138423
0.82869
0.830161
0.138847
0.828763
0.978098
0.830097
0.82869
0.138423
0.0976127
0.851884
0.828741
0.132147
0.828756
0.831976
0.828741
0.851884
0.0976127
0.13838
0.828666
0.822597
0.29605
0.843074
0.828728
0.822597
0.828666
0.13838
0.971933
0.0887666
0.851593
0.828741
0.138429
0.82869
0.822617
0.828741
0.851559
0.094705
0.937103
0.626607
0.623889
0.936852
0.626514
0.992448
0.822597
0.828691
0.992448
0.626514
0.936852
0.623889
0.626607
0.937103
0.13836
0.828678
0.841364
0.114923
0.827282
0.828147
0.0860828
0.645589
0.138563
0.828695
0.841364
0.717628
0.179113
0.735844
0.115168
0.832483
0.828625
0.829117
0.703097
0.362513
0.610666
0.334696
0.362117
0.985198
0.352876
0.594906
0.112085
0.616334
0.361918
0.39171
0.378706
0.361965
0.616336
0.138374
0.828741
0.851801
0.97212
0.0860828
0.0791081
0.103044
0.822617
0.828379
0.0844077
0.979679
0.980759
0.839155
0.979675
0.979677
0.835208
0.979675
0.979677
0.835199
0.0975428
0.835857
0.826703
0.282954
0.282954
0.826703
0.835857
0.0975428
0.114923
0.0791081
0.851884
0.828844
0.841364
0.828678
0.13836
0.828844
0.851884
0.0791081
0.115921
0.0791116
0.115973
0.828602
0.822085
0.104917
0.828147
0.827282
0.104917
0.822085
0.828602
0.0873658
0.736872
0.179113
0.0791116
0.086071
0.72138
0.851884
0.828741
0.138374
0.841364
0.828695
0.138563
0.647903
0.138374
0.828741
0.851884
0.086071
0.0791116
0.116127
0.079108
0.828678
0.841364
0.113046
0.828625
0.83217
0.115168
0.841364
0.828678
0.079108
0.116127
0.616336
0.361965
0.378708
0.39171
0.361918
0.616334
0.112085
0.116127
0.339858
0.0881612
0.370017
0.594906
0.352876
0.985198
0.362117
0.334696
0.610666
0.368289
0.872359
0.828583
0.138127
0.376612
0.362513
0.703097
0.829117
0.376612
0.138127
0.828583
0.872359
0.368289
0.370017
0.0881612
0.339858
0.116127
0.0791081
0.0860828
0.0791079
0.840821
0.840067
0.0905051
0.851899
0.828741
0.138421
0.105833
0.83996
0.841004
0.0791079
0.0844077
0.718684
0.626599
0.937096
0.118715
0.626989
0.627646
0.937007
0.827351
0.94819
0.477459
0.936628
0.921125
0.627043
0.828379
0.822617
0.103044
0.627043
0.921125
0.936628
0.477459
0.94819
0.827351
0.937007
0.627646
0.626989
0.118715
0.937096
0.626599
0.718684
0.414975
0.92446
0.924089
0.924841
0.92445
0.34893
0.974542
0.409089
0.924956
0.924893
0.923512
0.924307
0.35022
0.971962
0.36322
0.923528
0.926287
0.924179
0.923776
0.361826
0.386221
0.811428
0.36451
0.374556
0.725191
0.348917
0.924504
0.924843
0.924872
0.924745
0.41454
0.350444
0.336898
0.350444
0.335508
0.384854
0.886818
0.921289
0.358563
0.364254
0.390414
0.338761
0.116331
0.117165
0.408932
0.925098
0.923815
0.924873
0.924961
0.343431
0.356805
0.924185
0.924496
0.922182
0.923956
0.360452
0.336898
0.350754
0.363963
0.357786
0.366222
0.924
0.957674
0.924438
0.923563
0.364219
0.336907
0.350754
0.365605
0.357819
0.357819
0.365605
0.350754
0.336907
0.364219
0.923563
0.924438
0.957674
0.924
0.366222
0.343788
0.924873
0.924869
0.924875
0.924873
0.414474
0.364188
0.357787
0.336898
0.364001
0.335532
0.349158
0.418368
0.35152
0.979854
0.34893
0.92445
0.924841
0.924089
0.92446
0.414975
0.924869
0.924873
0.343788
0.708161
0.708165
0.647156
0.707324
0.352872
0.924206
0.923505
0.927815
0.92528
0.420247
0.350753
0.362885
0.330343
0.411851
0.417472
0.707536
0.657509
0.657429
0.707535
0.417472
0.420247
0.92528
0.927815
0.707321
0.647156
0.707956
0.708142
0.728672
0.343429
0.924927
0.923972
0.92489
0.925133
0.408935
0.374558
0.36451
0.812645
0.386234
0.363963
0.357786
0.350754
0.362879
0.362879
0.350754
0.357786
0.363963
0.361826
0.923776
0.924179
0.926287
0.923528
0.36322
0.408935
0.925133
0.92489
0.923972
0.924927
0.343429
0.35707
0.924164
0.924865
0.923092
0.923686
0.361779
0.330343
0.41185
0.336899
0.349158
0.364276
0.364276
0.362885
0.36427
0.36427
0.362885
0.364276
0.364276
0.41454
0.924745
0.924872
0.924843
0.924504
0.348917
0.361779
0.923686
0.923092
0.924865
0.924164
0.35707
0.117164
0.116331
0.362861
0.923651
0.9257
0.923561
0.923524
0.363006
0.338761
0.390414
0.364254
0.358563
0.364276
0.364007
0.364257
0.364276
0.921289
0.886818
0.384854
0.363006
0.923524
0.923561
0.9257
0.923651
0.362861
0.414474
0.924873
0.924873
0.924744
0.924872
0.343788
0.411909
0.357787
0.362885
0.350754
0.357518
0.336854
0.350702
0.336854
0.364244
0.367784
0.336898
0.364008
0.343431
0.924961
0.924873
0.923815
0.925098
0.408932
0.343788
0.924872
0.924744
0.924873
0.924873
0.414474
0.574377
0.885335
0.915484
0.357786
0.363963
0.350747
0.336898
0.360452
0.923956
0.922182
0.924496
0.924185
0.356805
0.915484
0.885335
0.574377
0.678925
0.651744
0.706464
0.70638
0.111674
0.0844078
0.706374
0.706374
0.621649
0.599552
0.732391
0.707111
0.775724
0.706465
0.706382
0.717528
0.350757
0.363022
0.357786
0.411909
0.123848
0.725507
0.678923
0.651743
0.678925
0.651744
0.357787
0.4119
0.364001
0.362884
0.0844078
0.0791079
0.122427
0.7136
0.172227
0.710982
0.115893
0.115703
0.096712
0.0984214
0.111111
0.706171
0.705775
0.715686
0.711244
0.704787
0.705624
0.70617
0.705775
0.350754
0.362879
0.357823
0.411909
0.111699
0.129934
0.136598
0.287059
0.111999
0.27904
0.510487
0.136745
0.136148
0.109544
0.12928
0.136473
0.0937717
0.395463
0.367732
0.104765
0.646698
0.136843
0.706383
0.706391
0.706391
0.706383
0.136843
0.646698
0.110658
0.104765
0.367732
0.395463
0.0937717
0.136473
0.12928
0.109544
0.136148
0.150581
0.136745
0.510487
0.27904
0.111999
0.287059
0.136598
0.129934
0.111699
0.0844078
0.111674
0.0791081
0.33663
0.33663
0.336898
0.350702
0.331493
0.416988
0.350701
0.33057
0.711245
0.715687
0.599552
0.62165
0.70638
0.706464
0.651744
0.678925
0.62165
0.599552
0.715687
0.711245
0.115119
0.714346
0.62873
0.708208
0.713042
0.115282
0.364276
0.364276
0.364007
0.364276
0.708134
0.708101
0.682659
0.708017
0.363131
0.353154
0.364277
0.364085
0.705911
0.706256
0.665266
0.869042
0.707844
0.683277
0.599552
0.621649
0.706374
0.706374
0.683295
0.707899
0.869042
0.665269
0.706256
0.705911
0.364085
0.364277
0.353154
0.363131
0.707995
0.682524
0.708047
0.708113
0.713024
0.707999
0.62873
0.714343
0.0860814
0.72899
0.123848
0.411909
0.357786
0.363022
0.350757
0.721602
0.357786
0.411909
0.362879
0.362879
0.711244
0.715686
0.706374
0.706375
0.706382
0.706465
0.775724
0.707799
0.732391
0.706375
0.706374
0.715686
0.711244
0.362879
0.362879
0.411909
0.357786
0.0791079
0.0844078
0.116122
0.364007
0.364007
0.350753
0.362885
0.411909
0.357787
0.362885
0.350754
0.706464
0.70638
0.711244
0.715686
0.651744
0.678925
0.594723
0.592736
0.715686
0.711244
0.70638
0.706464
0.350754
0.362884
0.357787
0.411909
0.116122
0.111111
0.0984214
0.096712
0.116127
0.361187
0.098874
0.368896
0.115703
0.115893
0.36801
0.338625
0.364091
0.484211
0.353206
0.680005
0.383756
0.65313
0.704787
0.705624
0.710982
0.172227
0.7136
0.122427
0.705624
0.704787
0.65313
0.383756
0.680005
0.353206
0.484211
0.364091
0.338625
0.36801
0.368896
0.098874
0.361187
0.116127
0.0791081
0.364231
0.357787
0.362885
0.364265
0.33663
0.33663
0.336898
0.350702
0.599701
0.621748
0.711244
0.715685
0.711241
0.715672
0.705775
0.706171
0.715685
0.711244
0.621775
0.599716
0.500004
0.476237
0.379892
0.49652
0.0791081
0.0860709
0.373164
0.122531
0.352441
0.348271
0.372296
0.411909
0.357823
0.362879
0.350754
0.380322
0.380678
0.373487
0.574113
0.363021
0.368272
0.439386
0.675467
0.397287
0.617968
0.705775
0.70617
0.705624
0.704787
0.617968
0.397287
0.675467
0.439386
0.368272
0.363021
0.574113
0.373487
0.380678
0.380322
0.372296
0.348271
0.352441
0.122531
0.373164
0.842187
0.832839
0.0976127
0.833799
0.834154
0.138421
0.985115
0.870623
0.184164
0.880622
0.614731
0.972842
0.842187
0.832842
0.0975979
0.600887
0.581093
0.977192
0.833867
0.837634
0.133285
0.608126
0.607119
0.972681
0.844052
0.83518
0.136984
0.83385
0.83411
0.136623
0.581097
0.600887
0.974542
0.970856
1
1
0.851283
0.983196
0.997413
1
1
1
0.581097
0.600889
0.974541
0.834183
0.837547
0.837547
0.834183
0.974541
0.600889
0.581097
0.971963
0.608124
0.600887
0.580986
0.600843
0.975696
0.837347
0.83359
0.0976127
0.832839
0.842187
0.83359
0.837347
0.978524
0.566535
0.599664
0.138421
0.834154
0.833799
0.972842
0.614731
0.880857
0.607016
0.608124
0.971965
0.138374
0.834184
0.837547
0.184164
0.870623
0.985115
0.837547
0.834184
0.138374
0.971965
0.608124
0.607016
0.97729
0.580989
0.600888
0.608129
0.608131
0.971936
0.83787
0.833876
0.0975979
0.832797
0.842187
0.833876
0.83787
0.971936
0.608131
0.608129
0.972681
0.607119
0.608126
0.608125
0.608131
0.971936
0.131185
0.833923
0.837055
0.133285
0.837634
0.833867
0.837055
0.833923
0.131185
0.977136
0.581097
0.608034
0.600885
0.607009
0.972636
0.132547
0.837874
0.833878
0.136984
0.83518
0.844052
0.972137
0.608125
0.600887
0.974542
0.600887
0.581097
0.705769
0.971689
0.936522
0.936522
0.971689
0.705769
0.138031
0.834137
0.83403
0.111674
0.0792989
0.844234
0.834873
0.0791116
0.115921
0.834138
0.83403
0.978501
0.566505
0.607016
0.0977106
0.113046
0.834215
0.83383
0.97209
0.608034
0.608124
0.0792989
0.0792996
0.618104
0.962826
0.962785
0.398029
0.872533
0.924529
0.616334
0.962812
0.962806
0.115966
0.610639
0.966205
0.974623
0.964039
0.962741
0.616652
0.115239
0.842552
0.83276
0.111678
0.0794912
0.834365
0.833797
0.978501
0.566505
0.607027
0.0930019
0.0977476
0.997413
0.983196
0.851283
0.763903
0.366383
0.424347
0.500004
0.456608
0.757213
0.759607
0.393848
0.386428
0.364948
0.390587
0.762735
0.762735
0.390587
0.364948
0.386428
0.393848
0.759607
0.757213
0.456608
0.500004
0.424347
0.366383
0.763903
0.111674
0.0794912
0.60088
0.60088
0.974564
0.97629
0.600091
0.581101
0.832763
0.842504
0.11344
0.83403
0.834137
0.138031
0.11344
0.842504
0.832763
0.0794912
0.0794922
0.116127
0.608131
0.608131
0.971936
0.971949
0.608134
0.608131
0.834058
0.834338
0.138219
0.834873
0.844234
0.103044
0.138219
0.834338
0.834058
0.608131
0.608134
0.971949
0.115973
0.0977106
0.0794922
0.111475
0.607016
0.566505
0.978501
0.97212
0.608033
0.608033
0.832763
0.842552
0.115239
0.83403
0.834138
0.115239
0.842552
0.832763
0.608033
0.608033
0.97212
0.111475
0.0794922
0.0792989
0.116128
0.0794912
0.608125
0.608125
0.971992
0.977136
0.581097
0.608034
0.833846
0.834152
0.138361
0.83383
0.834215
0.113046
0.138361
0.834152
0.833846
0.608034
0.581097
0.977136
0.0794912
0.116128
0.616652
0.962741
0.964039
0.974623
0.966205
0.610639
0.115966
0.116093
0.429786
0.247652
0.178526
0.127189
0.376709
0.962806
0.962812
0.616334
0.368379
0.120389
0.12048
0.977136
0.582423
0.700163
0.870468
0.825932
0.0992403
0.120788
0.121662
0.369995
0.924529
0.872533
0.398027
0.962785
0.962826
0.618104
0.369995
0.121662
0.120788
0.0992403
0.825932
0.870468
0.700163
0.582423
0.977136
0.12048
0.120389
0.368379
0.376709
0.127189
0.178526
0.247652
0.429786
0.116093
0.0794912
0.111678
0.0794899
0.0792996
0.607015
0.60813
0.971938
0.975912
0.581092
0.600885
0.834012
0.834125
0.112645
0.837409
0.834041
0.131185
0.100772
0.845254
0.845137
0.612786
0.612788
0.973163
0.0792996
0.0794899
0.0977476
0.0930019
0.116186
0.607027
0.566505
0.978501
0.971833
0.609251
0.608077
0.833586
0.837495
0.608077
0.609251
0.971833
0.116186
0.800293
0.83518
0.835215
0.791749
0.835197
0.835212
0.835161
0.835145
0.791199
0.792473
0.83883
0.848773
0.835286
0.836002
0.792394
0.361547
0.717678
0.718685
0.718911
0.716717
0.41454
0.343431
0.719432
0.717442
0.716064
0.716216
0.362762
0.384337
0.730225
0.788327
0.718741
0.715703
0.415063
0.971932
0.611097
0.608279
0.41454
0.716719
0.718918
0.719
0.717368
0.414474
0.974866
0.600785
0.581094
0.35629
0.704758
0.713151
0.925508
0.888963
0.482014
0.974394
0.601331
0.604065
0.115955
0.122511
0.35022
0.717018
0.717122
0.717379
0.719009
0.343788
0.34893
0.717326
0.717472
0.715557
0.715098
0.415053
0.972784
0.607016
0.608124
0.792394
0.836002
0.835286
0.848773
0.83883
0.792473
0.715694
0.716404
0.335976
0.791199
0.835145
0.835161
0.835212
0.835197
0.791749
0.972781
0.607024
0.608504
0.835215
0.83518
0.800293
0.608504
0.607024
0.972781
0.335976
0.716404
0.715694
0.343788
0.719002
0.717368
0.719009
0.717379
0.414474
0.607016
0.608129
0.971941
0.974589
0.606319
0.577429
0.41454
0.716717
0.718911
0.718685
0.717678
0.361547
0.414474
0.924873
0.924875
0.717368
0.719002
0.343788
0.146973
0.155863
0.199538
0.143524
0.362828
0.716164
0.716055
0.608034
0.581106
0.977138
0.11019
0.991657
0.830574
0.57174
0.57174
0.830574
0.991657
0.110189
0.923505
0.924206
0.352872
0.143524
0.199538
0.155861
0.146973
0.350571
0.716691
0.717873
0.717433
0.719443
0.343431
0.608279
0.611097
0.971932
0.97212
0.608033
0.581097
0.581097
0.608033
0.97212
0.415063
0.715703
0.718741
0.788327
0.730225
0.384337
0.343431
0.719443
0.717433
0.717873
0.716691
0.350571
0.343801
0.718837
0.71736
0.715452
0.715962
0.363025
0.566533
0.599665
0.975248
0.971936
0.608131
0.608034
0.608034
0.608131
0.971936
0.414474
0.717368
0.719
0.718918
0.716719
0.41454
0.363025
0.715962
0.715452
0.71736
0.718837
0.343801
0.122511
0.354711
0.718563
0.750272
0.716216
0.716064
0.363025
0.604065
0.601331
0.974394
0.971936
0.608131
0.60813
0.482014
0.888963
0.925508
0.713151
0.704758
0.35629
0.363025
0.716064
0.716216
0.750272
0.718563
0.354711
0.414474
0.717378
0.719003
0.716717
0.718911
0.343786
0.607016
0.566505
0.978501
0.973962
0.600884
0.581092
0.608988
0.608134
0.972521
0.343788
0.719009
0.717379
0.717122
0.717018
0.35022
0.343786
0.718911
0.716717
0.719003
0.717378
0.414474
0.363187
0.677059
0.704703
0.870074
0.9187
0.805445
0.608124
0.607016
0.972784
0.415053
0.715098
0.715557
0.717472
0.717326
0.34893
0.805445
0.9187
0.870074
0.704703
0.677059
0.363187
0.0866451
0.0930018
0.608076
0.581097
0.977136
0.117201
0.111702
0.566507
0.607015
0.972643
0.0794899
0.11715
0.115955
0.111106
0.115702
0.608033
0.581097
0.977136
0.0977105
0.111475
0.116225
0.393976
0.387123
0.760945
0.121295
0.759138
0.408443
0.394139
0.364546
0.393459
0.759085
0.609064
0.622185
0.975307
0.770564
0.50276
0.377535
0.789172
0.416617
0.735417
0.735417
0.416617
0.789172
0.377535
0.50276
0.770564
0.975307
0.622185
0.609064
0.759085
0.393459
0.364546
0.394139
0.408443
0.759138
0.121295
0.760945
0.387123
0.393976
0.116225
0.0866451
0.0794912
0.977138
0.581096
0.600887
0.578714
0.601797
0.976321
0.247236
0.155835
0.146777
0.0985104
0.971936
0.608131
0.608125
0.146973
0.155967
0.124005
0.137758
0.582578
0.608074
0.972085
0.156121
0.147337
0.147337
0.156122
0.972085
0.608074
0.582578
0.137757
0.124003
0.155966
0.146972
0.146776
0.155834
0.247236
0.111702
0.117201
0.0793012
0.977136
0.581097
0.608076
0.566505
0.607016
0.972784
0.972784
0.607016
0.566505
0.0794899
0.115924
0.0977461
0.97226
0.608034
0.581107
0.607016
0.566505
0.978501
0.978501
0.566505
0.607016
0.0977461
0.115924
0.116127
0.120313
0.120079
0.368009
0.115306
0.36838
0.12039
0.120361
0.111106
0.115955
0.0994941
0.114931
0.361184
0.608128
0.601364
0.974414
0.429983
0.0873266
0.11715
0.0873266
0.429983
0.974414
0.601364
0.608128
0.361184
0.114931
0.0994941
0.120361
0.12039
0.36838
0.115306
0.368009
0.120079
0.120313
0.116127
0.0794912
0.971936
0.608131
0.608034
0.600879
0.600879
0.973982
0.972522
0.612786
0.611112
0.0794912
0.0792996
0.111475
0.0977105
0.977136
0.581097
0.608033
0.726754
0.610889
0.971909
0.971909
0.610889
0.726754
0.834215
0.83383
0.364001
0.336898
0.357787
0.364188
0.138421
0.834154
0.833799
0.411908
0.356395
0.362885
0.350754
0.152462
0.843517
0.833888
0.141743
0.172719
0.112989
0.834246
0.83753
0.11694
0.842237
0.840611
0.138121
0.834365
0.833851
0.350754
0.362885
0.357787
0.411909
0.131185
0.833923
0.837055
0.834509
0.834155
0.834155
0.834509
0.845001
0.845254
0.100772
0.83383
0.834215
0.100772
0.845254
0.845001
0.349158
0.349152
0.356395
0.411849
0.838655
0.94116
0.690378
0.833799
0.834154
0.138421
0.690378
0.94116
0.838655
0.35022
0.924307
0.923512
0.924893
0.924956
0.409089
0.172719
0.122576
0.833851
0.834157
0.138423
0.833888
0.843517
0.152462
0.138423
0.834157
0.833851
0.832763
0.842552
0.837528
0.834182
0.112989
0.115239
0.842552
0.832763
0.833833
0.834109
0.136623
0.840611
0.842237
0.11694
0.136623
0.834109
0.833833
0.364276
0.364257
0.364007
0.364276
0.836473
0.842586
0.11524
0.833848
0.834365
0.138121
0.833846
0.834152
0.138361
0.114923
0.0794899
0.83359
0.837143
0.115119
0.111437
0.140172
0.0940865
0.83385
0.834152
0.138364
0.145077
0.147496
0.16763
0.155018
0.32624
0.143342
0.124488
0.0866375
0.842185
0.832839
0.0976127
0.0794899
0.0794912
0.987382
0.964036
0.620537
0.378563
0.930275
0.973642
0.928074
0.928236
0.370546
0.966219
0.962841
0.616347
0.361672
0.92817
0.932689
0.928102
0.928114
0.361918
0.936776
0.958365
0.484277
0.705326
0.980551
0.969598
0.115266
0.962812
0.963955
0.61566
0.355209
0.929769
0.928114
0.945584
0.932666
0.334713
0.363641
0.928016
0.930279
0.928112
0.928077
0.362521
0.61644
0.962787
0.962813
0.833878
0.83787
0.132547
0.364371
0.362885
0.424544
0.364944
0.0792996
0.844052
0.83518
0.0930018
0.0866452
0.0860813
0.505691
0.848118
0.837434
0.837434
0.848118
0.505691
0.0860813
0.0794899
0.114923
0.0794912
0.0792996
0.125302
0.837616
0.837139
0.138361
0.834152
0.833846
0.837139
0.837616
0.125302
0.0791081
0.116093
0.116108
0.137269
0.835121
0.844057
0.837143
0.83359
0.844057
0.835121
0.137269
0.115282
0.0866375
0.124675
0.143866
0.32624
0.0975035
0.159032
0.169594
0.154475
0.132547
0.83787
0.833878
0.138364
0.834152
0.83385
0.0989883
0.833878
0.83787
0.132547
0.0975035
0.0794912
0.0794899
0.116127
0.138031
0.834137
0.83403
0.0976127
0.832839
0.842185
0.83403
0.834137
0.138031
0.0792996
0.116127
0.962813
0.962787
0.61644
0.930279
0.928015
0.36364
0.334713
0.932666
0.945584
0.61566
0.963955
0.962812
0.115266
0.116123
0.0995126
0.0873562
0.357787
0.37244
0.123654
0.121678
0.969598
0.980551
0.705326
0.484277
0.958365
0.936776
0.361918
0.928114
0.928102
0.932689
0.92817
0.361672
0.616347
0.962841
0.966219
0.120314
0.120361
0.368344
0.114364
0.832039
0.833795
0.372392
0.123615
0.127106
0.370546
0.928236
0.928074
0.973642
0.930275
0.378563
0.620537
0.964036
0.987382
0.127106
0.123615
0.372392
0.833795
0.832039
0.114364
0.368344
0.120361
0.120314
0.121678
0.123654
0.37244
0.357787
0.0873562
0.0995126
0.116123
0.0792996
0.0792989
0.0794912
0.0974872
0.832665
0.842237
0.136623
0.834146
0.833847
0.0794912
0.0866452
0.116994
0.111316
0.846238
0.920352
0.920352
0.846238
0.111316
0.116994
0.715853
0.718703
0.357031
0.348917
0.717472
0.717325
0.350754
0.336898
0.362616
0.336893
0.715647
0.716354
0.408932
0.3617
0.717122
0.717018
0.364276
0.364007
0.364276
0.364276
0.716231
0.717178
0.372428
0.350592
0.716413
0.717033
0.102761
0.414712
0.32942
0.182268
0.365835
0.119733
0.118773
0.126403
0.121785
0.368588
0.142482
0.141491
0.152817
0.71749
0.71749
0.348917
0.343786
0.718911
0.716719
0.4119
0.087884
0.0997298
0.0882265
0.350754
0.335508
0.0987144
0.087884
0.0987144
0.109545
0.351295
0.623676
0.676805
0.334885
0.363143
0.117799
0.114646
0.118609
0.118481
0.364085
0.417672
0.250346
0.101034
0.0900048
0.353313
0.11604
0.119057
0.716354
0.715647
0.409089
0.414475
0.717442
0.719432
0.718756
0.71586
0.414975
0.350582
0.716426
0.717845
0.350754
0.0882265
0.0997298
0.0882265
0.411909
0.363963
0.118388
0.118388
0.114085
0.117604
0.362879
0.717404
0.73087
0.39347
0.356741
0.717012
0.716216
0.350757
0.0997356
0.411909
0.364454
0.118735
0.119568
0.114109
0.117696
0.36301
0.36301
0.117696
0.114109
0.119568
0.118735
0.364454
0.411909
0.0997356
0.0882287
0.350757
0.716216
0.717012
0.356741
0.39347
0.73087
0.717404
0.719003
0.717378
0.414474
0.343788
0.719003
0.717378
0.364001
0.118418
0.118558
0.114086
0.117608
0.362884
0.357787
0.114086
0.0997299
0.118418
0.117608
0.362884
0.350445
0.0878841
0.0987171
0.0865699
0.411841
0.354323
0.0881967
0.109582
0.0989053
0.336655
0.411531
0.357743
0.411473
0.34337
0.717325
0.717472
0.348917
0.357031
0.718703
0.715853
0.414474
0.717378
0.719003
0.156212
0.147068
0.147321
0.156531
0.717256
0.71696
0.36191
0.710401
0.783319
0.727474
0.336899
0.0997299
0.0882265
0.117608
0.114086
0.357787
0.330343
0.0951906
0.0951906
0.0865699
0.349158
0.389903
0.249624
0.249624
0.389903
0.727474
0.783319
0.710401
0.156531
0.147321
0.147067
0.156212
0.169933
0.16015
0.719335
0.716637
0.41463
0.408935
0.716464
0.716453
0.368588
0.121785
0.126404
0.118773
0.119733
0.365835
0.182285
0.329622
0.414813
0.117027
0.363963
0.118388
0.118388
0.114085
0.117604
0.362879
0.336898
0.0997298
0.0882265
0.117604
0.114085
0.357786
0.357786
0.114085
0.117604
0.0882265
0.0997298
0.336898
0.362879
0.117604
0.114085
0.118388
0.118388
0.363963
0.717033
0.716413
0.350592
0.372428
0.717178
0.716231
0.716453
0.716464
0.408935
0.41463
0.716637
0.719335
0.718686
0.716501
0.414909
0.363021
0.716142
0.716871
0.330343
0.0951906
0.0951906
0.0865699
0.349158
0.350753
0.0882265
0.0997298
0.0865699
0.411851
0.364276
0.118627
0.118626
0.118627
0.118627
0.364277
0.364007
0.118422
0.117608
0.118622
0.118592
0.364232
0.364232
0.118592
0.118622
0.117608
0.118422
0.364007
0.364277
0.118627
0.118627
0.118626
0.118627
0.364276
0.716719
0.718911
0.343786
0.348917
0.71749
0.71749
0.716871
0.716142
0.363021
0.414909
0.716501
0.718686
0.716757
0.718512
0.338377
0.363026
0.716052
0.716123
0.353313
0.0900048
0.101034
0.250346
0.417672
0.364085
0.118481
0.118609
0.114646
0.117799
0.363143
0.36427
0.118622
0.118626
0.118422
0.118592
0.364232
0.364277
0.118627
0.118611
0.118627
0.118627
0.364277
0.334885
0.676805
0.623676
0.716123
0.716052
0.363026
0.338377
0.718512
0.716757
0.717378
0.719003
0.343788
0.414474
0.717368
0.719002
0.350754
0.0882265
0.114086
0.0997299
0.336898
0.357787
0.114086
0.117608
0.0882265
0.0997299
0.336898
0.361493
0.11659
0.113881
0.0996955
0.113881
0.357518
0.411907
0.0881667
0.0996955
0.0882183
0.350747
0.364372
0.118699
0.118601
0.119132
0.364944
0.357787
0.114086
0.0997299
0.118423
0.117608
0.362885
0.719432
0.717442
0.414475
0.409089
0.715647
0.716354
0.719002
0.717368
0.414474
0.343788
0.719003
0.717378
0.661929
0.6196
0.366252
0.362879
0.117604
0.114085
0.118388
0.118388
0.363963
0.411909
0.0882183
0.0997298
0.0882265
0.350754
0.717845
0.716426
0.350582
0.414975
0.71586
0.718756
0.366252
0.6196
0.661929
0.138581
0.135709
0.134547
0.114912
0.146785
0.161346
0.11427
0.131212
0.136689
0.136067
0.161586
0.148103
0.0977407
0.0930019
0.148043
0.161631
0.13425
0.136302
0.136302
0.13425
0.161631
0.148043
0.113062
0.134045
0.108647
0.128689
0.0944869
0.152871
0.175657
0.13654
0.138025
0.19695
0.301996
0.146507
0.11427
0.136738
0.136271
0.161589
0.148115
0.152424
0.167133
0.115852
0.13555
0.336907
0.0997359
0.0882288
0.117704
0.11411
0.357822
0.336898
0.0997298
0.114085
0.0882265
0.350754
0.119263
0.15307
0.161778
0.141504
0.142549
0.0975438
0.138239
0.128363
0.12916
0.132958
0.0971819
0.112183
0.114896
0.138581
0.128426
0.135709
0.134547
0.0971639
0.112109
0.114912
0.336898
0.0997299
0.114086
0.0882265
0.350754
0.364188
0.118558
0.118418
0.117608
0.118418
0.364001
0.0930019
0.119019
0.124822
0.142029
0.295914
0.136582
0.136121
0.157782
0.147458
0.11593
0.114809
0.0852799
0.0872574
0.114809
0.148039
0.161236
0.136134
0.136689
0.0954607
0.159867
0.122725
0.14039
0.102023
0.136491
0.136101
0.156955
0.147151
0.0794922
0.124798
0.155047
0.102526
0.136632
0.136126
0.159897
0.147723
0.147971
0.161227
0.134274
0.1363
0.111849
0.0954607
0.336898
0.0997298
0.0882265
0.117604
0.114085
0.357786
0.336908
0.0997361
0.114111
0.088229
0.350757
0.0866375
0.0975034
0.115203
0.134927
0.136276
0.16936
0.0995169
0.498171
0.137293
0.134489
0.128464
0.134661
0.136174
0.378667
0.172705
0.290957
0.123902
0.371547
0.0977483
0.156482
0.289399
0.137656
0.147774
0.161592
0.13511
0.161671
0.148217
0.136866
0.13511
0.139761
0.137656
0.289399
0.156482
0.371547
0.123902
0.121125
0.290957
0.172705
0.378667
0.136174
0.134661
0.128464
0.134489
0.139941
0.137293
0.498171
0.44367
0.0995169
0.16936
0.136276
0.134927
0.115203
0.0930019
0.0977407
0.0794912
0.356395
0.113067
0.0995256
0.0995257
0.113067
0.356395
0.350754
0.0882265
0.0997299
0.0881667
0.411908
0.353038
0.0868831
0.0953822
0.418319
0.411852
0.0881667
0.0952285
0.0865756
0.349191
0.147141
0.156954
0.135663
0.102751
0.14039
0.122725
0.0944869
0.128689
0.108647
0.127772
0.134039
0.101738
0.113062
0.148103
0.161586
0.136067
0.136689
0.131212
0.11427
0.161346
0.146785
0.114912
0.112183
0.0971819
0.134547
0.135709
0.113062
0.101738
0.134039
0.127772
0.108647
0.128689
0.0944869
0.122725
0.14039
0.102751
0.135663
0.156954
0.0794912
0.111678
0.134096
0.11698
0.14609
0.151239
0.112129
0.364276
0.118627
0.118627
0.118627
0.364276
0.364232
0.118592
0.118422
0.118626
0.118622
0.36427
0.155797
0.146941
0.144832
0.155443
0.358484
0.114563
0.117781
0.089574
0.100751
0.338471
0.364277
0.118627
0.118627
0.118478
0.118609
0.364255
0.142046
0.160176
0.0970536
0.113075
0.136626
0.135704
0.161361
0.14807
0.208606
0.346312
0.146577
0.153862
0.0944869
0.108647
0.134045
0.148043
0.161631
0.13425
0.136302
0.136302
0.13425
0.161631
0.148043
0.153862
0.146577
0.346312
0.208606
0.14807
0.161361
0.135704
0.136626
0.113075
0.0970536
0.160176
0.142046
0.364255
0.118609
0.118478
0.118627
0.118627
0.364277
0.338471
0.100751
0.089574
0.117781
0.114563
0.358484
0.155443
0.144831
0.146941
0.155796
0.151239
0.14609
0.11698
0.134096
0.0975438
0.160224
0.16995
0.16373
0.159145
0.119263
0.0794909
0.350754
0.0882265
0.114085
0.0997298
0.336898
0.357822
0.11411
0.117704
0.0882288
0.0997359
0.336907
0.148956
0.132678
0.169313
0.157563
0.336898
0.0997298
0.114085
0.0882265
0.350754
0.363963
0.118388
0.117604
0.117604
0.118388
0.363963
0.147151
0.156955
0.136101
0.136491
0.14039
0.122725
0.14777
0.161579
0.129592
0.13511
0.136699
0.136135
0.161633
0.148111
0.148115
0.161589
0.136271
0.136738
0.131212
0.11427
0.146514
0.301999
0.19695
0.138025
0.13654
0.175657
0.152871
0.148111
0.161633
0.136135
0.136699
0.13511
0.129592
0.161579
0.14777
0.122725
0.14039
0.102751
0.136491
0.136101
0.156955
0.147151
0.363963
0.118388
0.117604
0.117604
0.118388
0.363963
0.350754
0.0882265
0.114085
0.0997298
0.336898
0.0794909
0.0792989
0.0930019
0.116093
0.364226
0.118588
0.118422
0.118422
0.118588
0.364226
0.336899
0.0997299
0.0882266
0.117608
0.114086
0.357787
0.350754
0.0882265
0.114086
0.0997299
0.336898
0.357787
0.114086
0.117608
0.0882265
0.0997299
0.336898
0.146785
0.161346
0.11427
0.131212
0.136689
0.136067
0.161586
0.148103
0.147151
0.136102
0.136492
0.102751
0.114912
0.110293
0.0965077
0.134547
0.135709
0.128426
0.138581
0.112149
0.0971159
0.107041
0.122141
0.0938795
0.102751
0.136492
0.136102
0.156955
0.147151
0.148103
0.161586
0.136067
0.136689
0.131212
0.11427
0.161346
0.146785
0.336898
0.0997299
0.0882265
0.117608
0.114086
0.357787
0.336898
0.0997299
0.114086
0.0882265
0.350754
0.0866472
0.116093
0.0872574
0.116128
0.366711
0.119042
0.114935
0.112216
0.120794
0.120482
0.368497
0.114809
0.11593
0.366712
0.119042
0.12008
0.358543
0.114621
0.100906
0.118484
0.1178
0.36315
0.390052
0.24992
0.394127
0.0897971
0.417406
0.13942
0.130221
0.1358
0.134829
0.178368
0.301917
0.400961
0.117252
0.155047
0.102526
0.136631
0.136087
0.159897
0.147724
0.147458
0.157782
0.136121
0.136582
0.295914
0.142029
0.124822
0.119019
0.147724
0.159897
0.136087
0.136631
0.102526
0.117252
0.400961
0.301917
0.178368
0.134829
0.1358
0.130221
0.13942
0.417406
0.0897971
0.394127
0.24992
0.390052
0.36315
0.1178
0.118484
0.100906
0.114621
0.358543
0.12008
0.119042
0.366712
0.368497
0.120482
0.120794
0.112216
0.114935
0.119042
0.366711
0.116128
0.0794922
0.0794912
0.0792996
0.364007
0.118422
0.118592
0.114086
0.117608
0.362885
0.364007
0.118422
0.117608
0.118618
0.118592
0.364231
0.356395
0.113067
0.0995256
0.0995256
0.113067
0.356395
0.350754
0.0882265
0.0997299
0.0881667
0.411907
0.0923858
0.106894
0.103203
0.122287
0.112184
0.101257
0.111743
0.147151
0.156955
0.1361
0.136491
0.0997668
0.14039
0.122725
0.147151
0.156955
0.136101
0.136491
0.102023
0.14039
0.122725
0.141399
0.159867
0.0954607
0.136689
0.136134
0.161236
0.148039
0.122725
0.14039
0.0997668
0.136491
0.1361
0.156955
0.147151
0.111743
0.101257
0.112184
0.122287
0.103203
0.106894
0.0923856
0.500004
0.505332
0.493754
0.49652
0.424544
0.264703
0.493754
0.476237
0.0792996
0.0794912
0.0975034
0.17612
0.350757
0.088229
0.114111
0.0997361
0.336908
0.357786
0.114085
0.117604
0.0997298
0.336898
0.384375
0.179959
0.1255
0.364494
0.118761
0.117703
0.121541
0.119672
0.365751
0.16126
0.132643
0.108792
0.141399
0.0954607
0.1363
0.147971
0.147723
0.159897
0.136126
0.136632
0.102526
0.155047
0.124798
0.0946997
0.108792
0.132643
0.16126
0.365751
0.119672
0.121541
0.117703
0.118761
0.364494
0.1255
0.179959
0.384375
0.17612
0.600887
0.608124
0.971963
0.606919
0.566505
0.978506
0.608034
0.581097
0.977136
0.977563
0.566531
0.606922
0.971936
0.608131
0.608125
0.833878
0.83787
0.132547
0.136623
0.83411
0.83385
0.0794922
0.971936
0.608311
0.612742
0.0792996
0.116127
0.833797
0.834365
0.837495
0.833586
0.974546
0.600886
0.608029
0.971936
0.608131
0.608131
0.60702
0.566584
0.977838
0.414474
0.717379
0.719009
0.716055
0.716164
0.362828
0.115955
0.115702
0.971941
0.608129
0.607016
0.977136
0.581097
0.608034
0.978501
0.566505
0.607016
0.58105
0.580986
0.976416
0.362762
0.716216
0.716064
0.717442
0.719432
0.343431
0.60813
0.608131
0.971936
0.115239
0.842552
0.832682
0.837055
0.833923
0.131185
0.608034
0.608157
0.971936
0.0794912
0.0985104
0.362521
0.928077
0.928112
0.928114
0.929769
0.355209
0.83373
0.837344
0.83518
0.844052
0.600887
0.581097
0.977136
0.608125
0.608131
0.971936
0.977394
0.579873
0.566621
0.119056
0.11604
0.114809
0.0852799
0.116093
0.0794912
0.116108
0.717378
0.719003
0.343788
0.36191
0.71696
0.717256
0.362884
0.117608
0.118418
0.0997299
0.114086
0.357787
0.362884
0.117608
0.114086
0.118558
0.118418
0.364001
0.350702
0.0881667
0.113067
0.0995256
0.33663
0.357787
0.114086
0.117608
0.0882265
0.0997299
0.336898
0.336898
0.0997299
0.0882265
0.117608
0.114086
0.357787
0.336898
0.0997299
0.114086
0.0882265
0.350754
0.330344
0.0951907
0.0865699
0.0865703
0.0951908
0.330345
0.33663
0.0995257
0.113067
0.0881667
0.350701
0.717018
0.717122
0.3617
0.408932
0.716354
0.715647
0.364277
0.118627
0.118627
0.118611
0.118627
0.364277
0.364232
0.118592
0.118422
0.118626
0.118622
0.36427
0.111678
0.364244
0.118601
0.118699
0.117608
0.118423
0.364008
0.379892
0.13148
0.264703
0.119132
0.121364
0.367783
0.0792996
0.112129
0.411909
0.0882257
0.0997299
0.0882265
0.350754
0.362616
0.117404
0.117404
0.0997253
0.114051
0.357743
0.36427
0.118622
0.118626
0.118422
0.118592
0.364232
0.364276
0.118627
0.118627
0.118627
0.364276
0.350747
0.0882261
0.114051
0.0997256
0.336895
0.34337
0.08104
0.0810399
0.0810399
0.309466
1
1
1
1
1
1
1
1
1
1
1
1
1
1
1
1
1
1
1
1
1
1
1
1
1
1
1
1
1
1
1
1
1
1
1
1
1
1
1
1
1
1
1
1
1
1
1
1
1
1
1
1
1
1
1
1
1
1
1
1
1
1
1
1
1
1
1
1
1
1
1
1
1
1
1
1
1
1
1
1
1
1
1
1
1
1
1
1
1
1
1
1
1
1
1
1
1
1
1
1
1
1
1
1
1
1
1
1
1
1
1
1
1
1
1
1
1
1
1
1
1
1
1
1
1
1
1
1
1
1
1
1
1
1
1
1
1
1
1
1
1
1
1
1
1
1
1
1
1
1
1
1
1
1
1
1
1
1
1
1
1
1
1
1
1
1
1
1
1
1
1
1
1
1
1
1
1
1
1
1
1
1
1
1
1
1
1
1
1
1
1
1
1
1
1
1
1
1
1
1
1
1
1
1
1
1
1
1
1
1
1
1
1
1
1
1
1
1
1
1
1
1
1
1
1
1
1
1
1
1
1
1
1
1
1
1
1
1
1
1
1
1
1
1
1
1
1
1
1
1
1
1
1
1
1
1
1
1
1
1
1
1
1
1
1
1
1
1
1
1
1
1
1
1
1
1
1
1
1
1
1
1
1
1
1
1
1
1
1
1
1
1
1
1
1
1
1
1
1
1
1
1
1
1
1
1
1
1
1
1
1
1
1
1
1
1
1
1
1
1
1
1
1
1
1
1
1
1
1
1
1
1
1
1
1
1
1
1
1
1
1
1
1
1
1
1
1
1
1
1
1
1
1
1
1
1
1
1
1
1
1
1
1
1
1
1
1
1
1
1
1
1
1
1
1
1
1
1
1
1
1
1
0.999594
1
1
0.999997
1
1
0.999994
0.999994
1
0.999994
0.999994
1
0.999995
0.999994
1
1
0.999594
1
1
1
1
1
1
1
1
1
1
1
1
1
1
1
1
1
1
1
1
1
1
1
1
1
1
1
1
1
1
1
1
1
1
1
1
1
1
1
1
1
1
0.999999
0.999936
1
0.983318
0.944493
0.974882
0.92676
0.802709
0.802739
0.926768
0.802726
0.802709
0.927507
0.803988
0.802946
0.999991
0.999481
0.951241
1
1
1
1
1
1
1
1
1
1
1
1
1
1
1
1
1
1
1
1
1
1
1
1
1
1
1
1
1
1
1
1
1
1
1
1
1
1
1
1
1
1
0.999874
0.999874
1
0.827678
0.827707
0.791204
0.999011
0.999011
0.917098
1
1
1
1
1
1
1
1
1
1
1
1
1
1
1
1
1
1
1
1
1
1
1
1
1
1
1
1
1
1
1
1
1
1
1
1
1
1
1
1
1
1
0.999874
0.999874
1
0.827735
0.827759
0.791203
0.999011
0.999011
0.917098
1
1
1
1
1
1
1
1
1
1
1
1
1
1
1
1
1
1
1
1
1
1
1
1
1
1
1
1
1
1
1
1
1
1
1
1
1
1
1
1
1
1
0.999874
0.999874
1
0.827724
0.827637
0.791197
0.999011
0.999011
0.917098
1
1
1
1
1
1
1
1
1
1
1
1
1
1
1
1
1
1
1
1
1
1
1
1
1
1
1
1
1
1
1
1
1
1
1
1
1
1
1
1
1
1
0.999874
0.999874
1
0.827732
0.827697
0.791203
0.999011
0.999011
0.917098
1
1
1
1
1
1
1
1
1
1
1
1
1
1
1
1
1
1
1
1
1
1
1
1
1
1
1
1
1
1
1
1
1
1
1
1
1
1
1
1
1
1
0.999874
0.999874
1
0.827423
0.825135
0.791197
0.999011
0.999011
0.917096
1
1
1
1
1
1
1
1
1
1
1
1
1
1
1
1
1
1
1
1
1
1
1
1
1
1
1
1
1
1
1
1
1
1
1
1
1
1
1
1
1
1
0.999874
0.999874
1
0.827673
0.827759
0.791203
0.999011
0.999011
0.917098
1
1
1
1
1
1
1
1
1
1
1
1
1
1
1
1
1
1
1
1
1
1
1
1
1
1
1
1
1
1
1
1
1
1
1
1
1
1
1
1
1
1
0.999874
0.999874
1
0.827697
0.827707
0.791203
0.999011
0.999011
0.917194
1
1
1
1
1
1
1
1
1
1
1
1
1
1
1
1
1
1
1
1
1
1
1
1
1
1
1
1
1
1
1
1
1
1
1
1
1
1
1
1
1
1
0.999972
1
1
0.821827
0.921818
0.965103
0.83515
0.802696
0.802701
0.835177
0.802703
0.802697
0.83535
0.80293
0.802732
0.999748
0.999999
0.999274
1
1
1
1
1
1
1
1
1
1
1
1
1
1
1
1
1
1
1
1
1
1
1
1
1
1
1
1
1
1
1
1
1
1
1
1
1
1
1
1
1
1
1
1
1
1
1
1
1
1
1
1
1
1
1
1
1
1
1
1
1
1
1
1
1
1
1
1
1
1
1
1
1
1
1
1
1
1
1
1
1
1
1
1
1
1
1
1
1
1
1
1
1
1
1
1
1
1
1
1
1
1
1
1
1
1
1
1
1
1
1
1
1
1
1
1
1
1
1
1
1
1
1
1
1
1
1
1
1
1
1
1
1
1
1
1
1
1
1
1
1
1
1
1
1
1
1
1
1
1
1
1
1
1
1
1
1
1
1
1
1
1
1
1
1
1
1
1
1
1
1
1
1
1
1
1
1
1
1
1
1
1
1
1
1
1
1
1
1
1
1
1
1
1
1
1
1
1
1
1
1
1
1
1
1
1
1
1
1
1
1
1
1
1
1
1
1
1
1
1
1
1
1
1
1
1
1
1
1
1
1
1
1
1
1
1
1
1
1
1
1
1
1
1
1
1
1
1
1
1
1
1
1
1
1
1
1
1
1
1
1
1
1
1
1
1
1
1
1
1
1
1
1
1
1
1
1
1
1
1
1
1
1
1
1
1
1
1
1
1
1
1
1
1
1
1
1
1
1
1
1
1
1
1
1
1
1
1
1
1
1
1
1
1
1
1
1
1
1
1
1
1
1
1
1
1
1
1
1
1
1
1
1
1
1
1
1
1
1
1
1
1
1
1
1
1
1
1
1
1
1
1
1
1
1
1
1
1
1
1
1
1
1
1
1
1
1
1
1
1
1
1
1
1
1
1
1
1
1
1
1
1
1
1
1
1
1
1
1
1
1
1
1
1
1
1
1
1
1
1
1
1
1
1
1
1
1
1
1
1
1
1
1
1
1
1
1
1
1
1
1
1
1
1
1
1
1
1
1
1
1
1
1
1
1
1
1
1
1
1
1
1
1
1
1
1
1
1
1
1
1
1
1
1
1
1
1
1
1
1
1
1
1
1
1
1
1
1
1
1
1
1
1
1
1
1
1
1
1
1
1
1
1
1
1
1
1
1
1
1
1
1
1
1
1
1
1
1
1
1
1
1
1
1
1
1
1
1
1
1
1
1
1
1
1
1
1
1
1
1
1
1
1
1
1
1
1
1
1
1
1
1
1
1
1
1
1
1
1
1
1
1
1
1
1
1
1
1
1
1
1
1
1
1
1
1
1
1
1
1
1
1
1
1
1
1
1
1
1
1
1
1
1
1
1
1
1
1
1
1
1
1
1
1
1
1
1
1
1
1
1
1
1
1
1
1
1
1
1
1
1
1
1
1
1
1
1
1
1
1
1
1
1
1
1
1
1
1
1
1
1
1
1
1
1
1
1
1
1
1
1
1
1
1
1
1
1
1
1
1
1
1
1
1
1
1
1
1
1
1
1
1
1
1
1
1
1
1
1
1
1
1
1
1
1
1
1
1
1
1
1
1
1
1
1
1
1
1
1
1
1
1
1
1
1
1
1
1
1
1
1
1
1
1
1
1
1
1
1
1
1
1
1
1
1
1
1
1
1
1
1
1
1
1
1
1
1
1
1
1
1
1
1
1
1
1
1
1
1
1
1
1
1
1
1
1
1
1
1
1
1
1
1
1
1
1
1
1
1
1
1
1
1
1
1
1
1
1
1
1
1
1
1
1
1
1
1
1
1
1
1
1
1
1
1
1
1
1
1
1
1
1
1
1
1
1
1
1
1
1
1
1
1
1
1
1
1
1
1
1
1
1
1
1
1
1
1
1
1
1
1
1
1
1
1
1
1
1
1
1
1
1
1
1
1
1
1
1
1
1
1
1
1
1
1
1
1
1
1
1
1
1
1
1
1
1
1
1
1
1
1
1
1
1
1
1
1
1
1
1
1
0.802946
0.803988
0.927507
0.792399
0.828398
0.827834
0.802709
0.802726
0.926768
0.802739
0.802709
0.92676
0.974882
0.944493
0.983318
0.827834
0.828398
0.792399
0.791203
0.827734
0.827734
0.791204
0.827707
0.827678
0.827734
0.827734
0.791203
0.791196
0.827767
0.827871
0.791203
0.827759
0.827735
0.827871
0.827767
0.791196
0.791203
0.827761
0.827735
0.791197
0.827637
0.827724
0.827735
0.827761
0.791203
0.791203
0.827649
0.827641
0.791203
0.827697
0.827732
0.827641
0.827649
0.791203
0.791201
0.827645
0.827647
0.791197
0.825135
0.827423
0.827647
0.827645
0.791201
0.791203
0.827734
0.827732
0.791203
0.827759
0.827673
0.827732
0.827734
0.791203
0.81251
0.842461
0.790524
0.791203
0.827707
0.827697
0.790524
0.842461
0.81251
0.802732
0.80293
0.83535
0.999994
0.996012
0.995784
0.999561
0.996557
0.999995
0.802697
0.802703
0.835177
0.999994
0.995784
0.995784
0.995784
0.995784
0.999994
0.802701
0.802696
0.83515
0.999994
0.995784
0.995784
0.995784
0.995784
0.999994
0.965103
0.921818
0.821827
0.999995
0.996557
0.999561
0.995784
0.996012
0.999994
0.999994
0.999995
1
0.98302
0.99994
0.999927
0.999999
0.99996
0.987343
0.999994
0.999994
1
0.979683
0.999927
0.999927
0.999927
0.999927
0.979682
0.999994
0.999994
1
0.979682
0.999927
0.999927
0.999927
0.999927
0.979683
1
0.999997
1
0.987343
0.99996
0.999999
0.999927
0.99994
0.98302
0.951241
0.999481
0.999991
0.999011
0.999195
0.930243
1
0.999897
0.999874
0.802743
0.802721
0.926765
0.835175
0.835158
0.801144
0.802754
0.802747
0.926777
0.822516
0.808287
0.929971
1
0.999936
0.999999
0.999874
0.999897
1
0.930243
0.999195
0.999011
0.917098
0.999011
0.999011
0.999011
0.999011
0.917098
1
0.999874
0.999874
0.791203
0.827697
0.827732
1
0.999874
0.999874
0.999874
0.999874
1
0.917098
0.999011
0.999011
0.917098
0.999011
0.999011
0.999011
0.999011
0.917097
1
0.999874
0.999874
0.791203
0.827673
0.827647
1
0.999874
0.999874
0.999874
0.999874
1
0.917097
0.999011
0.999011
0.917098
0.999011
0.999011
0.999011
0.999011
0.917098
1
0.999874
0.999874
0.791201
0.82767
0.827706
1
0.999874
0.999874
0.999874
0.999874
1
0.917098
0.999011
0.999011
0.917098
0.999011
0.999011
0.999011
0.999011
0.917098
1
0.999874
0.999874
0.791203
0.827732
0.827734
1
0.999874
0.999874
0.999874
0.999874
1
0.917098
0.999011
0.999011
0.917096
0.999011
0.999011
0.999011
0.999011
0.917095
1
0.999874
0.999874
0.791199
0.825333
0.82766
1
0.999874
0.999874
0.999874
0.999874
1
0.917095
0.999011
0.999011
0.917098
0.999011
0.999011
0.999011
0.999011
0.917098
1
0.999874
0.999874
0.791203
0.827735
0.827734
1
0.999874
0.999874
0.999874
0.999874
1
0.917098
0.999011
0.999011
0.917194
0.999011
0.999011
0.999451
0.999017
0.917774
1
0.999875
0.999933
0.791218
0.827684
0.827766
1
0.999874
0.999874
0.999933
0.999875
1
0.917774
0.999017
0.999451
0.929971
0.808287
0.822516
0.845943
0.831585
0.797285
0.926777
0.802747
0.802754
0.801144
0.835158
0.835175
0.926765
0.802721
0.802743
0.797285
0.831585
0.845943
0.827734
0.827734
0.791203
0.827732
0.827697
0.791203
0.791203
0.827734
0.827734
0.827645
0.827659
0.791197
0.791197
0.827659
0.827645
0.827675
0.827733
0.791203
0.827706
0.82767
0.791201
0.791203
0.827733
0.827675
0.827734
0.827709
0.791203
0.827734
0.827732
0.791203
0.791203
0.827709
0.827734
0.827731
0.827653
0.791198
0.82766
0.825333
0.791199
0.791198
0.827653
0.827731
0.827734
0.827734
0.791203
0.827734
0.827735
0.791203
0.791203
0.827734
0.827734
0.827412
0.826236
0.79656
0.827766
0.827684
0.791218
0.79656
0.826236
0.827412
0.857849
0.904
0.968852
0.803446
0.772668
0.777682
0.93332
0.858447
0.81653
0.802709
0.802701
0.835168
0.979676
0.926755
0.926758
0.926754
0.926753
0.979675
0.802713
0.802711
0.835203
0.979677
0.926759
0.92676
0.926753
0.926756
0.979676
0.808637
0.80401
0.836048
0.979912
0.927516
0.93012
0.926769
0.926881
0.979711
0.81653
0.858447
0.93332
0.777682
0.772668
0.803446
0.968852
0.904
0.857849
0.827647
0.827673
0.791203
0.979711
0.926881
0.926769
0.93012
0.927516
0.979912
0.836048
0.80401
0.808637
0.979676
0.926756
0.926753
0.92676
0.926759
0.979677
0.835203
0.802711
0.802713
0.979675
0.926753
0.926754
0.926758
0.926755
0.979676
0.835168
0.802701
0.802709
0.999274
0.999999
0.999748
1
1
0.999894
1
1
1
0.824476
0.865704
0.795771
0.987906
0.953917
0.937831
0.988929
0.973902
0.993442
1
1
0.999972
1
1
1
0.999894
1
1
0.993442
0.973902
0.988929
0.937831
0.953917
0.987906
0.795771
0.865704
0.824476
1
1
1
1
1
1
1
1
1
1
1
1
1
1
1
1
1
1
1
1
1
1
1
1
1
1
1
1
1
1
1
1
1
1
1
1
1
1
1
1
1
1
1
1
1
1
1
1
1
1
1
1
1
1
1
1
1
1
1
1
1
1
1
1
1
1
1
1
1
1
1
1
1
1
1
1
1
1
1
1
1
1
1
1
1
1
1
1
1
1
1
1
1
1
1
1
1
1
1
1
1
1
1
1
1
1
1
1
1
1
1
1
1
1
1
1
1
1
1
1
1
1
1
1
1
1
1
1
1
1
1
1
1
1
1
1
1
1
1
1
1
1
1
1
1
1
1
1
1
1
1
1
1
1
1
1
1
1
1
1
1
1
1
1
1
1
1
1
1
1
1
1
1
1
1
1
1
1
1
1
1
1
1
1
1
1
1
1
1
1
1
1
1
1
1
1
1
1
1
1
1
1
1
1
1
1
1
1
1
1
1
1
1
1
1
1
1
1
1
1
1
1
1
1
1
1
1
1
1
1
1
1
1
1
1
1
1
1
1
1
1
1
1
1
1
1
1
1
1
1
1
1
1
1
1
1
1
1
1
1
1
1
1
1
1
1
1
1
1
1
1
1
1
1
1
1
1
1
1
1
1
1
1
1
1
1
1
1
1
1
1
1
1
1
1
1
1
1
1
1
1
1
1
1
1
1
1
1
1
1
1
1
1
1
1
1
1
1
1
1
1
1
1
1
1
1
1
1
1
1
1
1
1
1
1
1
1
1
1
1
1
1
1
1
1
1
1
1
1
1
1
1
1
1
1
1
1
1
1
1
1
1
1
1
1
1
1
1
1
1
1
1
1
1
1
1
1
1
1
1
1
1
1
1
1
1
1
1
1
1
1
1
1
1
1
1
1
1
1
1
1
1
1
1
1
1
1
1
1
1
1
1
1
1
1
1
1
1
1
1
1
1
1
1
1
1
1
1
1
1
1
1
1
1
1
1
1
1
1
1
1
1
1
1
0.999483
0.997754
0.991323
1
1
1
1
1
1
1
1
1
1
1
1
1
1
1
1
1
1
1
1
1
1
1
1
1
1
1
1
1
1
1
1
1
1
1
1
1
1
1
1
1
1
0.999999
0.999999
1
0.974932
0.97493
0.917098
1
1
1
1
1
1
1
1
1
1
1
1
1
1
1
1
1
1
1
1
1
1
1
1
1
1
1
1
1
1
1
1
1
1
1
1
1
1
1
1
1
1
0.999999
0.999999
1
0.97493
0.97493
0.917098
1
1
1
1
1
1
1
1
1
1
1
1
1
1
1
1
1
1
1
1
1
1
1
1
1
1
1
1
1
1
1
1
1
1
1
1
1
1
1
1
1
1
0.999999
0.999999
1
0.974929
0.974929
0.917096
1
1
1
1
1
1
1
1
1
1
1
1
1
1
1
1
1
1
1
1
1
1
1
1
1
1
1
1
1
1
1
1
1
1
1
1
1
1
1
1
1
1
0.999999
0.999999
1
0.97493
0.97493
0.917098
1
1
1
1
1
1
1
1
1
1
1
1
1
1
1
1
1
1
1
1
1
1
1
1
1
1
1
1
1
1
1
1
1
1
1
1
1
1
1
1
1
1
0.999999
0.999999
1
0.974929
0.974929
0.917096
1
1
1
1
1
1
1
1
1
1
1
1
1
1
1
1
1
1
1
1
1
1
1
1
1
1
1
1
1
1
1
1
1
1
1
1
1
1
1
1
1
1
0.999999
0.999999
1
0.97493
0.97493
0.917098
1
1
1
1
1
1
1
1
1
1
1
1
1
1
1
1
1
1
1
1
1
1
1
1
1
1
1
1
1
1
1
1
1
1
1
1
1
1
1
1
1
1
0.999999
0.999999
1
0.97493
0.97493
0.917098
1
1
1
1
1
1
1
1
1
1
1
1
1
1
1
1
1
1
1
1
1
1
1
1
1
1
1
1
1
1
1
1
1
1
1
1
1
1
1
1
1
1
1
1
1
0.992038
0.997004
0.988185
1
1
1
1
1
1
1
1
1
1
1
1
1
1
1
1
1
1
1
1
1
1
1
1
1
1
1
1
1
1
1
1
1
1
1
1
1
1
1
1
1
1
1
1
1
1
1
1
1
1
1
1
1
1
1
1
1
1
1
1
1
1
1
1
1
1
1
1
1
1
1
1
1
1
1
1
1
1
1
1
1
1
1
1
1
1
1
1
1
1
1
1
1
1
1
1
1
1
1
1
1
1
1
1
1
1
1
1
1
1
1
1
1
1
1
1
1
1
1
1
1
1
1
1
1
1
1
1
1
1
1
1
1
1
1
1
1
1
1
1
1
1
1
1
1
1
1
1
1
1
1
1
1
1
1
1
1
1
1
1
1
1
1
1
1
1
1
1
1
1
1
1
1
1
1
1
1
1
1
1
1
1
1
1
1
1
1
1
1
1
1
1
1
1
1
1
1
1
1
1
1
1
1
1
1
1
1
1
1
1
1
1
1
1
1
1
1
1
1
1
1
1
1
1
1
1
1
1
1
1
1
1
1
1
1
1
1
1
1
1
1
1
1
1
1
1
1
1
1
1
1
1
1
1
1
1
1
1
1
1
1
1
1
1
1
1
1
1
1
1
1
1
1
1
1
1
1
1
1
1
1
1
1
1
1
1
1
1
1
1
1
1
1
1
1
1
1
1
1
1
1
1
1
1
1
1
1
1
1
1
1
1
1
1
1
1
1
1
1
1
1
1
1
1
1
1
1
1
1
1
1
1
1
1
1
1
1
1
1
1
1
1
1
1
1
1
1
1
1
1
1
1
1
1
1
1
1
1
1
1
1
1
1
1
1
1
1
1
1
1
1
1
1
1
1
1
1
1
1
1
1
1
1
1
1
1
1
1
1
1
1
1
1
1
1
1
1
1
1
1
1
1
1
1
1
1
1
1
1
1
1
1
1
1
1
1
1
1
1
1
1
1
1
1
1
1
1
1
1
1
1
1
1
1
1
1
1
1
1
1
1
1
1
1
1
1
1
1
1
1
1
1
1
1
1
1
1
1
1
1
1
1
1
1
1
1
1
1
1
1
1
1
1
1
1
1
1
1
1
1
1
1
1
1
1
1
1
1
1
1
1
1
1
1
1
1
1
1
1
1
1
1
1
1
1
1
1
1
1
1
1
1
1
1
1
1
1
1
1
1
1
1
1
1
1
1
1
1
1
1
1
1
1
1
1
1
1
1
1
1
1
1
1
1
1
1
1
1
1
1
1
1
1
1
1
1
1
1
1
1
1
1
1
1
1
1
1
1
1
1
1
1
1
1
1
1
1
1
1
1
1
1
1
1
1
1
1
1
1
1
1
1
1
1
1
1
1
1
1
1
1
1
1
1
1
1
1
1
1
1
1
1
1
1
1
1
1
1
1
1
1
1
1
1
1
1
1
1
1
1
1
1
1
1
1
1
1
1
1
1
1
1
1
1
1
1
1
1
1
1
1
1
1
1
1
1
1
1
1
1
1
1
1
1
1
1
1
1
1
1
1
1
1
1
1
1
1
1
1
1
1
1
1
1
1
1
1
1
1
1
1
1
1
1
1
1
1
1
1
1
1
1
1
1
1
1
1
1
1
1
1
1
1
1
1
1
1
1
1
1
1
1
1
1
1
1
1
1
1
1
1
1
1
1
1
1
1
1
1
1
1
1
1
1
1
1
1
1
1
1
1
1
1
1
1
1
1
1
1
1
1
1
1
1
1
1
1
1
1
1
1
1
1
1
1
1
1
1
1
1
1
1
1
1
1
1
1
1
1
1
1
1
1
1
1
1
1
1
1
1
1
1
1
1
1
1
1
1
1
1
1
1
1
1
1
1
1
1
1
1
1
1
1
1
1
1
1
1
1
1
1
1
1
1
1
1
1
1
1
1
1
1
1
1
1
1
1
1
1
1
1
1
1
1
1
1
1
1
1
1
1
0.999994
0.999927
0.999927
0.999996
0.999983
0.999999
0.999994
0.999927
0.999927
0.999927
0.999927
0.999994
0.999994
0.999927
0.999927
0.999927
0.999927
0.999994
0.999999
0.999983
0.999996
0.999927
0.999927
0.999994
1
1
1
0.979912
0.995829
0.99579
0.999788
0.999373
0.996233
1
1
1
0.979679
0.995785
0.995784
0.995784
0.995784
0.979677
1
1
1
0.979677
0.995784
0.995784
0.995784
0.995785
0.979679
1
1
1
0.996233
0.999373
0.999788
0.99579
0.995829
0.979912
0.991323
0.997754
0.999483
0.974962
0.975181
0.917842
1
0.999999
0.999999
1
1
1
0.999999
0.999999
1
0.917842
0.975181
0.974962
0.917098
0.97493
0.974932
0.97493
0.97493
0.917098
1
0.999999
0.999999
1
0.999999
0.999999
0.999999
0.999999
1
0.917098
0.97493
0.97493
0.917098
0.97493
0.97493
0.974929
0.974929
0.917095
1
0.999999
0.999999
1
0.999999
0.999999
0.999999
0.999999
1
0.917095
0.974929
0.974929
0.917096
0.974929
0.974929
0.97493
0.97493
0.917098
1
0.999999
0.999999
1
0.999999
0.999999
0.999999
0.999999
1
0.917098
0.97493
0.97493
0.917098
0.97493
0.97493
0.97493
0.97493
0.917098
1
0.999999
0.999999
1
0.999999
0.999999
0.999999
0.999999
1
0.917098
0.97493
0.97493
0.917096
0.974929
0.974929
0.97493
0.97493
0.917097
1
0.999999
0.999999
1
0.999999
0.999999
0.999999
0.999999
1
0.917097
0.97493
0.97493
0.917098
0.97493
0.97493
0.97493
0.97493
0.917098
1
0.999999
0.999999
1
0.999999
0.999999
0.999999
0.999999
1
0.917098
0.97493
0.97493
0.917098
0.97493
0.97493
0.98495
0.979006
0.928784
1
0.999999
1
1
0.999999
0.999999
1
0.999999
1
0.928784
0.979006
0.98495
0.988185
0.997004
0.992038
1
1
0.999999
1
1
1
1
1
1
1
1
1
0.999999
1
1
1
1
1
1
1
1
1
1
1
1
1
1
1
1
1
1
1
1
1
1
1
1
1
1
1
1
1
1
1
1
1
1
1
1
1
1
1
1
1
1
1
1
1
1
1
1
1
1
1
1
1
1
1
1
1
1
1
1
1
1
1
1
1
1
1
1
1
1
1
1
1
1
1
1
1
1
1
1
1
1
1
1
1
1
1
1
1
1
1
1
1
1
1
1
1
1
1
1
1
1
1
1
1
1
1
1
1
1
1
1
1
1
1
1
1
1
1
1
1
1
1
1
1
1
1
1
1
1
1
1
1
1
1
1
1
1
1
1
1
1
1
1
1
1
1
1
1
1
1
1
1
1
1
1
1
1
1
1
1
1
1
1
1
1
1
1
1
1
1
1
1
1
1
1
1
1
1
1
1
1
1
1
1
1
1
1
1
1
1
1
1
1
1
1
1
1
1
1
1
1
1
1
1
1
1
1
1
1
1
1
1
1
1
1
1
1
1
1
1
1
1
1
1
1
1
1
1
1
1
1
1
1
1
1
1
1
1
1
1
1
1
1
1
1
1
1
1
1
1
1
1
1
1
1
1
1
1
1
1
1
1
1
1
1
1
1
1
1
1
1
1
1
1
1
1
1
1
1
1
1
1
1
1
1
1
1
1
1
1
1
1
1
1
1
1
1
1
1
1
1
1
1
1
1
1
1
1
1
1
1
1
1
1
1
1
1
1
1
1
1
1
1
1
1
1
1
1
1
1
1
1
1
1
1
1
1
1
1
1
1
1
1
1
1
1
1
1
1
1
1
1
1
1
1
1
1
1
1
1
1
1
1
1
1
1
1
1
1
1
1
1
1
1
1
1
1
1
1
1
1
1
1
1
1
1
1
1
1
1
1
1
1
1
1
1
1
1
1
1
1
1
1
1
1
1
1
1
1
1
1
1
1
1
1
1
1
1
1
1
1
1
1
1
1
1
1
1
1
1
1
1
1
1
1
1
1
1
1
1
1
1
1
1
1
1
1
1
1
1
1
1
1
1
1
1
1
1
1
1
1
1
1
1
1
1
1
1
1
1
1
1
1
1
1
1
1
1
1
1
1
1
1
1
1
1
1
1
1
1
1
1
1
1
1
1
1
1
1
1
1
1
1
1
1
1
1
1
1
1
1
1
1
1
1
1
1
1
1
1
1
1
1
1
1
1
1
1
1
1
1
1
1
1
1
1
1
1
1
1
1
1
1
1
1
1
1
1
1
1
1
1
1
1
1
1
1
1
1
1
1
1
1
1
1
1
1
1
1
1
1
1
1
1
1
1
1
1
1
1
1
1
1
1
1
1
1
1
1
1
1
1
1
1
1
1
1
1
1
1
1
1
1
1
1
1
1
1
1
1
1
1
1
1
1
1
1
1
1
1
1
1
1
1
1
1
1
1
1
1
1
1
1
1
1
1
1
1
1
1
1
1
1
1
1
1
1
1
1
1
1
1
1
1
1
1
1
1
1
1
1
1
1
1
1
1
1
1
1
1
1
1
1
1
1
1
1
1
1
1
1
1
1
1
1
1
1
1
1
1
1
1
1
1
1
1
1
1
1
1
1
1
1
1
1
1
1
1
1
1
1
1
1
1
1
1
1
1
1
1
1
1
1
1
1
1
1
1
1
1
1
1
1
1
1
1
1
1
1
1
1
1
1
1
1
1
1
1
1
1
1
1
1
1
1
1
1
1
1
1
1
1
1
1
1
1
1
1
1
1
1
1
1
1
1
1
1
1
1
1
1
1
1
1
1
1
1
1
1
1
1
1
1
1
1
1
1
1
1
1
1
1
1
1
1
1
1
1
1
1
1
1
1
1
1
1
1
1
1
1
1
1
1
1
1
1
1
1
1
1
1
1
1
1
1
1
1
1
1
1
1
1
1
1
1
1
1
1
1
1
1
1
1
1
1
1
1
1
1
1
1
1
1
1
1
1
1
1
1
1
1
1
1
1
1
1
1
1
1
1
1
1
1
1
1
1
1
1
1
1
1
1
1
1
1
1
1
1
1
1
1
1
1
1
1
1
1
1
1
1
1
1
1
1
1
1
1
1
1
1
1
1
1
1
1
1
1
1
1
1
1
1
1
1
1
1
1
1
1
1
1
1
1
1
1
1
1
1
1
1
1
1
1
1
1
1
1
1
1
1
1
1
1
1
1
1
1
1
1
1
1
1
1
1
1
1
1
1
1
1
1
1
1
1
1
1
1
1
1
1
1
1
1
1
1
1
1
1
1
1
1
1
1
1
1
1
1
1
1
1
1
1
1
1
1
1
1
1
1
1
1
1
1
1
1
1
1
1
1
1
1
1
1
1
1
1
1
1
1
1
1
1
1
1
1
1
1
1
1
1
1
1
1
1
1
1
1
1
1
1
1
1
1
1
1
1
1
1
1
1
1
1
1
1
1
1
1
1
1
1
1
1
1
1
1
1
1
1
1
1
1
1
1
1
1
1
1
1
1
1
1
1
1
1
1
1
1
1
1
1
1
1
1
1
1
1
1
1
1
1
1
1
1
1
1
1
1
1
1
1
1
1
1
1
1
1
1
1
1
1
1
1
1
1
1
1
1
0.999999
1
1
1
1
1
1
1
1
0.999999
1
1
1
1
1
1
1
1
0.999994
1
1
1
1
0.999994
1
1
1
0.999994
1
1
1
1
0.999994
1
1
1
0.999994
1
1
1
1
0.999994
1
1
1
1
1
1
1
1
0.999999
1
1
1
1
1
1
1
1
1
1
1
1
1
1
1
1
1
1
1
1
1
1
1
1
1
1
1
1
1
1
1
1
1
1
1
1
1
1
1
1
1
1
1
1
1
1
1
1
1
1
1
1
1
1
1
1
1
1
1
1
1
1
1
1
1
1
1
1
1
1
1
1
1
1
1
1
1
1
1
1
1
1
1
1
1
1
1
1
1
1
1
1
1
1
1
1
1
1
1
1
1
1
1
1
1
1
1
1
1
1
1
1
1
1
1
1
1
1
1
1
1
1
1
1
1
1
0.999995
1
1
0.999994
0.999998
0.999976
1
1
1
0.999942
0.999573
0.999915
0.9969
0.99859
0.999781
0.975762
0.99327
0.985979
1
1
1
1
1
1
1
1
1
1
1
1
1
1
1
1
1
1
1
1
1
1
1
1
1
1
1
1
1
1
1
1
1
1
1
1
1
1
1
1
1
1
1
1
1
1
1
1
1
1
1
1
1
1
1
1
1
1
1
1
1
1
1
1
1
1
1
1
1
1
1
1
1
1
1
1
1
1
1
1
1
1
1
1
1
1
1
1
1
1
1
1
1
1
1
1
1
1
1
1
1
1
1
1
1
1
1
1
1
1
1
1
1
1
1
1
1
1
1
1
1
1
1
1
1
1
0.999874
0.999989
0.999989
0.999989
0.999989
0.999874
1
0.999999
0.999999
0.999011
0.994251
0.994251
0.994251
0.994251
0.999011
0.917098
0.97493
0.97493
1
1
1
1
1
1
1
1
1
1
1
1
1
1
1
1
1
1
1
1
1
1
1
1
1
1
1
1
1
1
1
1
1
1
1
1
1
1
1
1
1
1
1
1
1
1
1
1
1
1
1
1
1
1
1
1
1
1
1
1
1
1
1
1
1
1
1
1
1
1
1
1
1
1
1
1
1
1
1
1
1
1
1
1
1
1
1
1
1
1
1
1
1
1
1
1
1
1
1
1
1
1
1
1
1
1
1
1
1
1
1
1
1
1
1
1
1
1
1
1
1
1
1
1
1
1
0.999874
0.999989
0.999989
0.999989
0.999989
0.999874
1
0.999999
0.999999
0.999011
0.994251
0.994251
0.994251
0.994251
0.999011
0.917098
0.97493
0.97493
1
1
1
1
1
1
1
1
1
1
1
1
1
1
1
1
1
1
1
1
1
1
1
1
1
1
1
1
1
1
1
1
1
1
1
1
1
1
1
1
1
1
1
1
1
1
1
1
1
1
1
1
1
1
1
1
1
1
1
1
1
1
1
1
1
1
1
1
1
1
1
1
1
1
1
1
1
1
1
1
1
1
1
1
1
1
1
1
1
1
1
1
1
1
1
1
1
1
1
1
1
1
1
1
1
1
1
1
1
1
1
1
1
1
1
1
1
1
1
1
1
1
1
1
1
1
0.999874
0.999989
0.999989
0.999989
0.999989
0.999874
1
0.999999
0.999999
0.999011
0.994251
0.994251
0.994251
0.994251
0.999011
0.917097
0.97493
0.97493
1
1
1
1
1
1
1
1
1
1
1
1
1
1
1
1
1
1
1
1
1
1
1
1
1
1
1
1
1
1
1
1
1
1
1
1
1
1
1
1
1
1
1
1
1
1
1
1
1
1
1
1
1
1
1
1
1
1
1
1
1
1
1
1
1
1
1
1
1
1
1
1
1
1
1
1
1
1
1
1
1
1
1
1
1
1
1
1
1
1
1
1
1
1
1
1
1
1
1
1
1
1
1
1
1
1
1
1
1
1
1
1
1
1
1
1
1
1
1
1
1
1
1
1
1
1
0.999874
0.999989
0.999989
0.999989
0.999989
0.999874
1
0.999999
0.999999
0.999011
0.994251
0.994251
0.994251
0.994251
0.999011
0.917098
0.97493
0.97493
1
1
1
1
1
1
1
1
1
1
1
1
1
1
1
1
1
1
1
1
1
1
1
1
1
1
1
1
1
1
1
1
1
1
1
1
1
1
1
1
1
1
1
1
1
1
1
1
1
1
1
1
1
1
1
1
1
1
1
1
1
1
1
1
1
1
1
1
1
1
1
1
1
1
1
1
1
1
1
1
1
1
1
1
1
1
1
1
1
1
1
1
1
1
1
1
1
1
1
1
1
1
1
1
1
1
1
1
1
1
1
1
1
1
1
1
1
1
1
1
1
1
1
1
1
1
0.999874
0.999989
0.999989
0.999989
0.999989
0.999874
1
0.999999
0.999999
0.999011
0.994251
0.994251
0.994251
0.994251
0.999011
0.917096
0.974929
0.974929
1
1
1
1
1
1
1
1
1
1
1
1
1
1
1
1
1
1
1
1
1
1
1
1
1
1
1
1
1
1
1
1
1
1
1
1
1
1
1
1
1
1
1
1
1
1
1
1
1
1
1
1
1
1
1
1
1
1
1
1
1
1
1
1
1
1
1
1
1
1
1
1
1
1
1
1
1
1
1
1
1
1
1
1
1
1
1
1
1
1
1
1
1
1
1
1
1
1
1
1
1
1
1
1
1
1
1
1
1
1
1
1
1
1
1
1
1
1
1
1
1
1
1
1
1
1
0.999874
0.999989
0.999989
0.999989
0.999989
0.999874
1
0.999999
0.999999
0.999011
0.994251
0.994251
0.994251
0.994251
0.999011
0.917098
0.97493
0.97493
1
1
1
1
1
1
1
1
1
1
1
1
1
1
1
1
1
1
1
1
1
1
1
1
1
1
1
1
1
1
1
1
1
1
1
1
1
1
1
1
1
1
1
1
1
1
1
1
1
1
1
1
1
1
1
1
1
1
1
1
1
1
1
1
1
1
1
1
1
1
1
1
1
1
1
1
1
1
1
1
1
1
1
1
1
1
1
1
1
1
1
1
1
1
1
1
1
1
1
1
1
1
1
1
1
1
1
1
1
1
1
1
1
1
1
1
1
1
1
1
1
1
1
1
1
1
0.999874
0.999989
0.999989
0.999989
0.999989
0.999874
1
0.999999
0.999999
0.999011
0.994251
0.994251
0.994256
0.994251
0.999011
0.917106
0.974931
0.974959
1
1
1
1
1
1
1
1
1
1
1
1
1
1
1
1
1
1
1
1
1
1
1
1
1
1
1
1
1
1
1
1
1
1
1
1
1
1
1
1
1
1
1
1
1
1
1
1
1
1
1
1
1
1
1
1
1
1
1
1
1
1
1
1
1
1
1
1
1
1
1
1
1
1
1
1
1
1
1
1
1
1
1
1
1
1
1
1
1
1
1
1
1
1
1
1
1
1
1
1
1
1
1
1
1
1
1
1
1
1
1
1
1
1
1
1
1
1
1
1
1
1
1
1
1
1
0.999993
1
0.999998
1
1
0.999999
1
1
1
0.999926
0.999442
0.998356
0.999982
0.999874
0.999987
0.996534
0.999213
0.999859
1
1
1
1
1
1
1
1
1
1
1
1
1
1
1
1
1
1
1
1
1
1
1
1
1
1
1
1
1
1
1
1
1
1
1
1
1
1
1
1
1
1
1
1
1
1
1
1
1
1
1
1
1
1
1
1
1
1
1
1
1
1
1
1
1
1
1
1
1
1
1
1
1
1
1
1
1
1
1
1
1
1
1
1
1
1
1
1
1
1
1
1
1
1
1
1
1
1
1
1
1
1
1
1
1
1
1
1
1
1
1
1
1
1
1
1
1
1
1
1
1
1
1
1
1
1
1
1
1
1
1
1
1
1
1
1
1
1
1
1
1
1
1
1
1
1
1
1
1
1
1
1
1
1
1
1
1
1
1
1
1
1
1
1
1
1
1
1
1
1
1
1
1
1
1
1
1
1
1
1
1
1
1
1
1
1
1
1
1
1
1
1
1
1
1
1
1
1
1
1
1
1
1
1
1
1
1
1
1
1
1
1
1
1
1
1
1
1
1
1
1
1
1
1
1
1
1
1
1
1
1
1
1
1
1
1
1
1
1
1
1
1
1
1
1
1
1
1
1
1
1
1
1
1
1
1
1
1
1
1
1
1
1
1
1
1
1
1
1
1
1
1
1
1
1
1
1
1
1
1
1
1
1
1
1
1
1
1
1
1
1
1
1
1
1
1
1
1
1
1
1
1
1
1
1
1
1
1
1
1
1
1
1
1
1
1
1
1
1
1
1
1
1
1
1
1
1
1
1
1
1
1
1
1
1
1
1
1
1
1
1
1
1
1
1
1
1
1
1
1
1
1
1
1
1
1
1
1
1
1
1
1
1
1
1
1
1
1
1
1
1
1
1
1
1
1
1
1
1
1
1
1
1
1
1
1
1
1
1
1
1
1
1
1
1
1
1
1
1
1
1
1
1
1
1
1
1
1
1
1
1
1
1
1
1
1
1
1
1
1
1
1
1
1
1
1
1
1
1
1
1
1
1
1
1
1
1
1
1
1
1
1
1
1
1
1
1
1
1
1
1
1
1
1
1
1
1
1
1
1
1
1
1
1
1
1
1
1
1
1
1
1
1
1
1
1
1
1
1
1
1
1
1
1
1
1
1
1
1
1
1
1
1
1
1
1
1
1
1
1
1
1
1
1
1
1
1
1
1
1
1
1
1
1
1
1
1
1
1
1
1
1
1
1
1
1
1
1
1
1
1
1
1
1
1
1
1
1
1
1
1
1
1
1
1
1
1
1
1
1
1
1
1
1
1
1
1
1
1
1
1
1
1
1
1
1
1
1
1
1
1
1
1
1
1
1
1
1
1
1
1
1
1
1
1
1
1
1
1
1
1
1
1
1
1
1
1
1
1
1
1
1
1
1
1
1
1
1
1
1
1
1
1
1
1
1
1
1
1
1
1
1
1
1
1
1
1
1
1
1
1
1
1
1
1
1
1
1
1
1
1
1
1
1
1
1
1
1
1
1
1
1
1
1
1
1
1
1
1
1
1
1
1
1
1
1
1
1
1
1
1
1
1
1
1
1
1
1
1
1
1
1
1
1
1
1
1
1
1
1
1
1
1
1
1
1
1
1
1
1
1
1
1
1
1
1
1
1
1
1
1
1
1
1
1
1
1
1
1
1
1
1
1
1
1
1
1
1
1
1
1
1
1
1
1
1
1
1
1
1
1
1
1
1
1
1
1
1
1
1
1
1
1
1
1
1
1
1
1
1
1
1
1
1
1
1
1
1
1
1
1
1
1
1
1
1
1
1
1
1
1
1
1
1
1
1
1
1
1
1
1
1
1
1
1
1
1
1
1
1
1
1
1
1
1
1
1
1
1
1
1
1
1
1
1
1
1
1
1
1
1
1
1
1
1
1
1
1
1
1
1
1
1
1
1
1
1
1
1
1
1
1
1
1
1
1
1
1
1
1
1
1
1
1
1
1
1
1
1
1
1
1
1
1
1
1
1
1
1
1
1
1
1
1
1
1
1
1
1
1
1
1
1
1
1
1
1
1
1
1
1
1
1
1
1
1
1
1
1
1
1
1
1
1
1
1
1
1
1
1
1
1
1
1
1
1
1
1
1
1
1
1
1
1
1
1
1
1
1
1
1
1
1
1
1
1
1
1
1
1
1
1
1
1
1
1
1
1
1
1
1
1
1
1
1
1
1
1
1
1
1
1
1
1
1
1
1
1
1
1
1
1
1
1
1
1
1
1
1
1
1
1
1
1
1
1
1
1
1
1
1
1
1
1
1
1
1
1
1
1
1
1
1
1
1
1
1
1
1
1
1
1
1
1
1
1
1
1
1
1
1
1
1
1
1
1
1
1
1
1
1
1
1
1
1
1
1
1
1
1
1
1
1
1
1
1
1
1
1
1
1
1
1
1
1
1
1
1
1
1
1
1
1
1
1
1
1
1
1
1
1
1
1
1
1
1
1
1
1
1
1
1
1
1
1
1
1
1
1
1
1
1
1
1
1
1
1
1
1
1
1
1
1
1
1
1
1
1
1
1
1
1
1
1
1
1
1
1
1
1
1
1
1
1
1
1
1
1
1
1
1
1
1
1
1
1
1
1
1
1
1
1
1
1
1
1
1
1
1
1
1
1
1
1
1
1
1
1
1
1
1
1
1
1
1
1
1
1
1
1
1
1
1
1
1
1
1
1
1
1
1
1
1
1
1
1
1
1
1
1
1
1
1
1
1
1
1
1
1
1
1
1
1
1
1
1
1
1
1
1
1
1
1
1
1
1
1
1
1
1
1
1
1
1
1
1
1
1
1
1
1
1
1
1
1
1
1
1
1
1
1
1
1
1
1
1
1
1
1
1
1
1
1
1
1
1
1
1
1
1
1
1
1
1
1
1
1
1
1
1
1
1
1
1
1
1
1
1
1
1
1
1
1
1
1
1
1
1
1
1
1
1
1
1
1
1
1
1
1
1
1
1
1
1
1
1
1
1
1
1
1
1
1
1
1
1
1
1
1
1
1
1
1
1
1
1
1
1
1
1
1
1
1
1
1
1
1
1
1
1
1
1
1
1
1
1
1
1
1
1
1
1
1
1
1
1
1
1
1
1
1
1
1
1
1
1
1
1
1
1
1
1
1
1
1
1
1
1
1
1
1
1
1
1
1
1
1
1
1
1
1
1
1
1
1
1
1
1
1
1
1
1
1
1
1
1
1
1
1
1
1
1
1
1
1
1
1
1
1
1
1
1
1
1
1
1
1
1
1
1
1
1
1
1
1
1
1
1
1
1
1
1
1
1
1
1
1
1
1
1
1
1
1
1
1
1
1
1
1
1
1
1
1
1
1
1
1
1
1
1
1
1
1
1
1
1
1
1
1
1
1
1
1
1
1
1
1
1
1
1
1
1
1
1
1
1
1
1
1
1
1
1
1
1
1
1
1
1
1
1
1
1
1
1
1
1
1
1
1
1
1
1
1
1
1
1
1
1
1
1
1
1
1
1
1
1
1
1
1
1
1
1
1
1
1
1
1
1
1
1
1
1
1
1
1
1
1
1
1
1
1
1
1
1
1
1
1
1
1
1
1
1
1
1
1
1
1
1
1
1
1
1
1
1
1
1
1
1
1
1
1
1
1
1
1
1
1
1
1
1
1
1
1
1
1
1
1
1
1
1
1
1
1
1
1
1
1
1
1
1
1
1
1
1
1
1
1
1
1
1
1
1
1
1
1
1
1
1
1
1
1
1
1
1
1
1
1
1
1
1
1
1
1
1
1
1
1
1
1
1
1
1
1
1
1
1
1
1
1
1
1
1
1
1
1
1
1
1
1
1
1
1
1
1
1
1
1
1
1
1
1
1
1
1
1
1
1
1
1
1
1
1
1
1
1
1
1
1
1
1
1
1
1
1
1
1
1
1
1
1
1
1
1
1
1
1
1
1
1
1
1
1
1
1
1
1
1
1
1
1
1
1
1
1
1
1
1
1
1
1
1
1
1
1
1
1
1
1
1
1
1
1
1
1
1
1
1
1
1
1
1
1
1
1
1
1
1
1
1
1
1
1
1
1
1
1
1
1
1
1
1
1
1
1
1
1
1
1
1
1
1
1
1
1
1
1
1
1
1
1
1
1
1
1
1
1
1
1
1
1
1
1
1
1
1
1
1
1
1
1
1
1
1
1
1
1
1
1
1
1
1
1
1
1
1
1
1
1
1
1
1
1
1
1
1
1
1
1
1
1
1
1
1
1
1
1
1
1
1
1
1
1
1
1
1
1
1
1
1
1
1
1
1
1
1
1
1
1
1
1
1
1
1
1
1
1
1
1
1
1
1
1
1
1
1
1
1
1
1
1
1
1
1
1
1
1
1
1
1
1
1
1
1
1
1
1
1
1
1
1
1
1
1
1
1
1
1
1
1
1
1
1
1
1
1
1
1
1
1
1
1
1
1
1
1
1
1
1
1
1
1
1
1
1
1
1
1
1
1
1
1
1
1
1
1
1
1
1
1
1
1
1
1
1
1
1
1
1
1
1
1
1
1
1
1
1
1
1
1
1
1
1
1
1
1
1
1
1
1
1
1
1
1
1
1
1
1
1
1
1
1
1
1
1
1
1
1
1
1
1
1
1
1
1
1
1
1
1
1
1
1
1
1
1
1
1
1
1
1
1
1
1
1
1
1
1
1
1
1
1
1
1
1
1
1
1
1
1
1
1
1
1
1
1
1
1
1
1
1
1
1
1
1
1
1
1
1
1
1
1
1
1
1
1
1
1
1
1
1
1
1
1
1
1
1
1
1
1
1
1
1
1
1
1
1
1
1
1
1
1
1
1
1
1
1
1
1
1
1
1
1
1
1
1
1
1
1
1
1
1
1
1
1
1
1
1
1
1
1
1
1
1
1
1
1
1
1
1
1
1
1
1
1
1
1
1
1
1
1
1
1
1
1
1
1
1
1
1
1
1
1
1
1
1
1
1
1
1
1
1
1
1
1
1
1
1
1
1
1
1
1
1
1
1
1
1
1
1
1
1
1
1
1
1
1
1
1
1
1
1
1
1
1
1
1
1
1
1
1
1
1
1
1
1
1
1
1
1
1
1
1
1
1
1
1
1
1
1
1
1
1
1
1
1
1
1
1
1
1
1
1
1
1
1
1
1
1
1
1
1
1
1
1
1
1
1
1
1
1
1
1
1
1
1
1
1
1
1
1
1
1
1
1
1
1
1
1
1
1
1
1
1
1
1
1
1
1
1
1
1
1
1
1
1
1
1
1
1
1
1
1
1
1
1
1
1
1
1
1
1
1
1
1
1
1
1
1
1
1
1
1
1
1
1
1
1
1
1
1
1
1
1
1
1
1
1
1
1
1
1
1
1
1
1
1
1
1
1
1
1
1
1
1
1
1
1
1
1
1
1
1
1
1
1
1
1
1
1
1
1
1
1
1
1
1
1
1
1
1
1
1
1
1
1
1
1
1
1
1
1
1
1
1
1
1
1
1
1
1
1
1
1
1
1
1
1
1
1
1
1
1
1
1
1
1
1
1
1
1
1
1
1
1
1
1
1
1
1
1
1
1
1
1
1
1
1
1
1
1
1
1
1
1
1
1
1
1
1
1
1
1
1
1
1
1
1
1
1
1
1
1
1
1
1
1
1
1
1
1
1
1
1
1
1
1
1
1
1
1
1
1
1
1
1
1
1
1
1
1
1
1
1
1
1
1
1
1
1
1
1
1
1
1
1
1
1
1
1
1
1
1
1
1
1
1
1
1
1
1
1
1
1
1
1
1
1
1
1
1
1
1
1
1
1
1
1
1
1
1
1
1
1
1
1
1
1
1
1
1
1
1
1
1
1
1
1
1
1
1
1
1
1
1
0.99993
0.999927
0.999994
0.995829
0.999356
0.999383
0.99935
0.999351
0.995789
0.99877
0.999831
0.999947
0.999471
0.999642
0.997596
0.999997
0.999961
0.99994
0.999927
0.999927
0.999994
0.995784
0.99935
0.99935
0.99935
0.99935
0.995784
0.995784
0.99935
0.99935
0.99935
0.99935
0.995784
0.999994
0.999927
0.999927
0.999927
0.999927
0.999994
0.995784
0.99935
0.99935
0.99935
0.99935
0.995784
0.995784
0.99935
0.99935
0.99935
0.99935
0.995784
0.999994
0.999927
0.999927
0.99994
0.999961
0.999997
0.997596
0.999642
0.999471
0.999947
0.999831
0.99877
0.995789
0.999351
0.99935
0.999383
0.999356
0.995829
0.999994
0.999927
0.99993
0.999994
1
1
1
1
0.999994
1
1
1
0.99653
0.996007
0.980726
0.99993
0.999382
0.999468
0.999351
0.999356
0.999927
0.999994
0.999925
0.999978
0.999632
0.999809
0.999981
0.992346
0.998591
0.997504
0.999994
1
1
1
1
0.999994
1
1
1
0.995786
0.995785
0.979682
0.999927
0.999351
0.999351
0.99935
0.999351
0.999927
0.999927
0.99935
0.99935
0.999351
0.999351
0.999927
0.979679
0.995785
0.995785
0.999994
1
1
1
1
0.999994
1
1
1
0.995785
0.995785
0.979679
0.999927
0.999351
0.999351
0.99935
0.99935
0.999927
0.999927
0.999351
0.99935
0.999351
0.999351
0.999927
0.979682
0.995785
0.995786
1
1
1
1
1
0.999999
1
1
1
0.997504
0.998591
0.992346
0.999981
0.999809
0.999632
0.999978
0.999925
0.999994
0.999927
0.999356
0.999351
0.999468
0.999382
0.99993
0.980726
0.996007
0.99653
0.985979
0.99327
0.975762
0.999781
0.99859
0.9969
0.999915
0.999573
0.999942
0.999017
0.994303
0.994257
0.99533
0.994545
0.999056
0.920764
0.976206
0.979428
0.999999
0.999999
1
0.999879
0.999989
0.99999
0.999989
0.999989
0.999875
1
1
1
0.999976
0.999998
0.999994
1
1
0.999995
0.999875
0.999989
0.999989
0.99999
0.999989
0.999879
1
0.999999
0.999999
0.979428
0.976206
0.920764
0.999056
0.994545
0.99533
0.994257
0.994303
0.999017
0.97493
0.97493
0.917098
0.999011
0.994251
0.994251
0.994251
0.994251
0.999011
0.999011
0.994251
0.994251
0.994251
0.994251
0.999011
0.917098
0.97493
0.97493
0.999999
0.999999
1
0.999874
0.999989
0.999989
0.999989
0.999989
0.999874
0.999999
0.999999
1
0.999874
0.999989
0.999989
0.999989
0.999989
0.999874
0.999874
0.999989
0.999989
0.999989
0.999989
0.999874
1
0.999999
0.999999
0.97493
0.97493
0.917098
0.999011
0.994251
0.994251
0.994251
0.994251
0.999011
0.97493
0.97493
0.917098
0.999011
0.994251
0.994251
0.994251
0.994251
0.999011
0.999011
0.994251
0.994251
0.994251
0.994251
0.999011
0.917096
0.974929
0.97493
0.999999
0.999999
1
0.999874
0.999989
0.999989
0.999989
0.999989
0.999874
0.999999
0.999999
1
0.999874
0.999989
0.999989
0.999989
0.999989
0.999874
0.999874
0.999989
0.999989
0.999989
0.999989
0.999874
1
0.999999
0.999999
0.97493
0.974929
0.917096
0.999011
0.994251
0.994251
0.994251
0.994251
0.999011
0.97493
0.97493
0.917097
0.999011
0.994251
0.994251
0.994251
0.994251
0.999011
0.999011
0.994251
0.994251
0.994251
0.994251
0.999011
0.917098
0.97493
0.97493
0.999999
0.999999
1
0.999874
0.999989
0.999989
0.999989
0.999989
0.999874
0.999999
0.999999
1
0.999874
0.999989
0.999989
0.999989
0.999989
0.999874
0.999874
0.999989
0.999989
0.999989
0.999989
0.999874
1
0.999999
0.999999
0.97493
0.97493
0.917098
0.999011
0.994251
0.994251
0.994251
0.994251
0.999011
0.97493
0.97493
0.917098
0.999011
0.994251
0.994251
0.994251
0.994251
0.999011
0.999011
0.994251
0.994251
0.994251
0.994251
0.999011
0.917098
0.97493
0.97493
0.999999
0.999999
1
0.999874
0.999989
0.999989
0.999989
0.999989
0.999874
0.999999
0.999999
1
0.999874
0.999989
0.999989
0.999989
0.999989
0.999874
0.999874
0.999989
0.999989
0.999989
0.999989
0.999874
1
0.999999
0.999999
0.97493
0.97493
0.917098
0.999011
0.994251
0.994251
0.994251
0.994251
0.999011
0.974929
0.974929
0.917096
0.999011
0.994251
0.994251
0.994251
0.994251
0.999011
0.999011
0.994251
0.994251
0.994251
0.994251
0.999011
0.917096
0.974929
0.974929
0.999999
0.999999
1
0.999874
0.999989
0.999989
0.999989
0.999989
0.999874
0.999999
0.999999
1
0.999874
0.999989
0.999989
0.999989
0.999989
0.999874
0.999874
0.999989
0.999989
0.999989
0.999989
0.999874
1
0.999999
0.999999
0.974929
0.974929
0.917096
0.999011
0.994251
0.994251
0.994251
0.994251
0.999011
0.97493
0.97493
0.917098
0.999011
0.994251
0.994251
0.994251
0.994251
0.999011
0.999011
0.994251
0.994251
0.994251
0.994251
0.999011
0.917098
0.97493
0.97493
0.999999
0.999999
1
0.999874
0.999989
0.999989
0.999989
0.999989
0.999874
0.999999
0.999999
1
0.999874
0.999989
0.999989
0.999989
0.999989
0.999874
0.999874
0.999989
0.999989
0.999989
0.999989
0.999874
1
0.999999
0.999999
0.97493
0.97493
0.917098
0.999011
0.994251
0.994251
0.994251
0.994251
0.999011
0.974959
0.974931
0.917106
0.999011
0.994251
0.994256
0.994251
0.994251
0.999011
0.999184
0.995246
0.996696
0.9943
0.994525
0.999054
0.920394
0.976099
0.975162
0.999999
0.999999
1
0.999879
0.999989
0.999989
0.999994
0.99999
0.999896
0.999999
0.999999
1
0.999874
0.999989
0.999989
0.999989
0.999989
0.999874
0.999896
0.99999
0.999994
0.999989
0.999989
0.999879
1
0.999999
0.999999
0.975162
0.976099
0.920394
0.999054
0.994525
0.9943
0.996696
0.995246
0.999184
0.999859
0.999213
0.996534
0.999987
0.999874
0.999982
0.998356
0.999442
0.999926
1
1
1
0.999999
1
1
0.99999
0.999999
0.999984
1
1
1
1
1
1
1
1
1
1
1
1
0.999999
1
1
0.999998
1
0.999993
1
1
1
1
1
1
1
1
1
0.999984
0.999999
0.99999
1
1
0.999999
1
1
1
1
1
1
1
1
1
1
1
1
1
1
1
1
1
1
1
1
1
1
1
1
1
1
1
1
1
1
1
1
1
1
1
1
1
1
1
1
1
1
1
1
1
1
1
1
1
1
1
1
1
1
1
1
1
1
1
1
1
1
1
1
1
1
1
1
1
1
1
1
1
1
1
1
1
1
1
1
1
1
1
1
1
1
1
1
1
1
1
1
1
1
1
1
1
1
1
1
1
1
1
1
1
1
1
1
1
1
1
1
1
1
1
1
1
1
1
1
1
1
1
1
1
1
1
1
1
1
1
1
1
1
1
1
1
1
1
1
1
1
1
1
1
1
1
1
1
1
1
1
1
1
1
1
1
1
1
1
1
1
1
1
1
1
1
1
1
1
1
1
1
1
1
1
1
1
1
1
1
1
1
1
1
1
1
1
1
1
1
1
1
1
1
1
1
1
1
1
1
1
1
1
1
1
1
1
1
1
1
1
1
1
1
1
1
1
1
1
1
1
1
1
1
1
1
1
1
1
1
1
1
1
1
1
1
1
1
1
1
1
1
1
1
1
1
1
1
1
1
1
1
1
1
1
1
1
1
1
1
1
1
1
1
1
1
1
1
1
1
1
1
1
1
1
1
1
1
1
1
1
1
1
1
1
1
1
1
1
1
1
1
1
1
1
1
1
1
1
1
1
1
1
1
1
1
1
1
1
1
1
1
1
1
1
1
1
1
1
1
1
1
1
1
1
1
1
1
1
1
1
1
1
1
1
1
1
1
1
1
1
1
1
1
1
1
1
1
1
1
1
1
1
1
1
1
1
1
1
1
1
1
1
1
1
1
1
1
1
1
1
1
1
1
1
1
1
1
1
1
1
1
1
1
1
1
1
1
1
1
1
1
1
1
1
1
1
1
1
1
1
1
1
1
1
1
1
1
1
1
1
1
1
1
1
1
1
1
1
1
1
1
1
1
1
1
1
1
1
1
1
1
1
1
1
1
1
1
1
1
1
1
1
1
1
1
1
1
1
1
1
1
1
1
1
1
1
1
1
1
1
1
1
1
1
1
1
1
1
1
1
1
1
1
1
1
1
1
1
1
1
1
1
1
1
1
1
1
1
1
1
1
1
1
1
1
1
1
1
1
1
1
1
1
1
1
1
1
1
1
1
1
1
1
1
1
1
1
1
1
1
1
1
1
1
1
1
1
1
1
1
1
1
1
1
1
1
1
1
1
1
1
1
1
1
1
1
1
1
1
1
1
1
1
1
1
1
1
1
1
1
1
1
1
1
1
1
1
1
1
1
1
1
1
1
1
1
1
1
1
1
1
1
1
1
1
1
1
1
1
1
1
1
1
1
1
1
1
1
1
1
1
1
1
1
1
1
1
1
1
1
1
1
1
1
1
1
1
1
1
1
1
1
1
1
1
1
1
1
1
1
1
1
1
1
1
1
1
1
1
1
1
1
1
1
1
1
1
1
1
1
1
1
1
1
1
1
1
1
1
1
1
1
1
1
1
1
1
1
1
1
1
1
1
1
1
1
1
1
1
1
1
1
1
1
1
1
1
1
1
1
1
1
1
1
1
1
1
1
1
1
1
1
1
1
1
1
1
1
1
1
1
1
1
1
1
1
1
1
1
1
1
1
1
1
1
1
1
1
1
1
1
1
1
1
1
1
1
1
1
1
1
1
1
1
1
1
1
1
1
1
1
1
1
1
1
1
1
1
1
1
1
1
1
1
1
1
1
1
1
1
1
1
1
1
1
1
1
1
1
1
1
1
1
1
1
1
1
1
1
1
1
1
1
1
1
1
1
1
1
1
1
1
1
1
1
1
1
1
1
1
1
1
1
1
1
1
1
1
1
1
1
1
1
1
1
1
1
1
1
1
1
1
1
1
1
1
1
1
1
1
1
1
1
1
1
1
1
1
1
1
1
1
1
1
1
1
1
1
1
1
1
1
1
1
1
1
1
1
1
1
1
1
1
1
1
1
1
1
1
1
1
1
1
1
1
1
1
1
1
1
1
1
1
1
1
1
1
1
1
1
1
1
1
1
1
1
1
1
1
1
1
1
1
1
1
1
1
1
1
1
1
1
1
1
1
1
1
1
1
1
1
1
1
1
1
1
1
1
1
1
1
1
1
1
1
1
1
1
1
1
1
1
1
1
1
1
1
1
1
1
1
1
1
1
1
1
1
1
1
1
1
1
1
1
1
1
1
1
1
1
1
1
1
1
1
1
1
1
1
1
1
1
1
1
1
1
1
1
1
1
1
1
1
1
1
1
1
1
1
1
1
1
1
1
1
1
1
1
1
1
1
1
1
1
1
1
1
1
1
1
1
1
1
1
1
1
1
1
1
1
1
1
1
1
1
1
1
1
1
1
1
1
1
1
1
1
1
1
1
1
1
1
1
1
1
1
1
1
1
1
1
1
1
1
1
1
1
1
1
1
1
1
1
1
1
1
1
1
1
1
1
1
1
1
1
1
1
1
1
1
1
1
1
1
1
1
1
1
1
1
1
1
1
1
1
1
1
1
1
1
1
1
1
1
1
1
1
1
1
1
1
1
1
1
1
1
1
1
1
1
1
1
1
1
1
1
1
1
1
1
1
1
1
1
1
1
1
1
1
1
1
1
1
1
1
1
1
1
1
1
1
1
1
1
1
1
1
1
1
1
1
1
1
1
1
1
1
1
1
1
1
1
1
1
1
1
1
1
1
1
1
1
1
1
1
1
1
1
1
1
1
1
1
1
1
1
1
1
1
1
1
1
1
1
1
1
1
1
1
1
1
1
1
1
1
1
1
1
1
1
1
1
1
1
1
1
1
1
1
1
1
1
1
1
1
1
1
1
1
1
1
1
1
1
1
1
1
1
1
1
1
1
1
1
1
1
1
1
1
1
1
1
1
1
1
1
1
1
1
1
1
1
1
1
1
1
1
1
1
1
1
1
1
1
1
1
1
1
1
1
1
1
1
1
1
1
1
1
1
1
1
1
1
1
1
1
1
1
1
1
1
1
1
1
1
1
1
1
1
1
1
1
1
1
1
1
1
1
1
1
1
1
1
1
1
1
1
1
1
1
1
1
1
1
1
1
1
1
1
1
1
1
1
1
1
1
1
1
1
1
1
1
1
1
1
1
1
1
1
1
1
1
1
1
1
1
1
1
1
1
1
1
1
1
1
1
1
1
1
1
1
1
1
1
1
1
1
1
1
1
1
1
1
1
1
1
1
1
1
1
1
1
1
1
1
1
1
1
1
1
1
1
1
1
1
1
1
1
1
1
1
1
1
1
1
1
1
1
1
1
1
1
1
1
1
1
1
1
1
1
1
1
1
1
1
1
1
1
1
1
1
1
1
1
1
1
1
1
1
1
1
1
1
1
1
1
1
1
1
1
1
1
1
1
1
1
1
1
1
1
1
1
1
1
1
1
1
1
1
1
1
1
1
1
1
1
1
1
1
1
1
1
1
1
1
1
1
1
1
1
1
1
1
1
1
1
1
1
1
1
1
1
1
1
1
1
1
1
1
1
1
1
1
1
1
1
1
1
1
1
1
1
1
1
1
1
1
1
1
1
1
1
1
1
1
1
1
1
1
1
1
1
1
1
1
1
1
1
1
1
1
1
1
1
1
1
1
1
1
1
1
1
1
1
1
1
1
1
1
1
1
1
1
1
1
1
1
1
1
1
1
1
1
1
1
1
1
1
1
1
1
1
1
1
1
1
1
1
1
1
1
1
1
1
1
1
1
1
1
1
1
1
1
1
1
1
1
1
1
1
1
1
1
1
1
1
1
1
1
1
1
1
1
1
1
1
1
1
1
1
1
1
1
1
1
1
1
1
1
1
1
1
1
1
1
1
1
1
1
1
1
1
1
1
1
1
1
1
1
1
1
1
1
1
1
1
1
1
1
1
1
1
1
1
1
1
1
1
1
1
1
1
1
1
1
1
1
1
1
1
1
1
1
1
1
1
1
1
1
1
1
1
1
1
1
1
1
1
1
1
1
1
1
1
1
1
1
1
1
1
1
1
1
1
1
1
1
1
1
1
1
1
1
1
1
1
1
1
1
1
1
1
1
1
1
1
1
1
1
1
1
1
1
1
1
1
1
1
1
1
1
1
1
1
1
1
1
1
1
1
1
1
1
1
1
1
1
1
1
1
1
1
1
1
1
1
1
1
1
1
1
1
1
1
1
1
1
1
1
1
1
1
1
1
1
1
1
1
1
1
1
1
1
1
1
1
1
1
1
1
1
1
1
1
1
1
1
1
1
1
1
1
1
1
1
1
1
1
1
1
1
1
1
1
1
1
1
1
1
1
1
1
1
1
1
1
1
1
1
1
1
1
1
1
1
1
1
1
1
1
1
1
1
1
1
1
1
1
1
1
1
1
1
1
1
1
1
1
1
1
1
1
1
1
1
1
1
1
1
1
1
1
1
1
1
1
1
1
1
1
1
1
1
1
1
1
1
1
1
1
1
1
1
1
1
1
1
1
1
1
1
1
1
1
1
1
1
1
1
1
1
1
1
1
1
1
1
1
1
1
1
1
1
1
1
1
1
1
1
1
1
1
1
1
1
1
1
1
1
1
1
1
1
1
1
1
1
1
1
1
1
1
1
1
1
1
1
1
1
1
1
1
1
1
1
1
1
1
1
1
1
1
1
1
1
1
1
1
1
1
1
1
1
1
1
1
1
1
1
1
1
1
1
1
1
1
1
1
1
1
1
1
1
1
1
1
1
1
1
1
1
1
1
1
1
1
1
1
1
1
1
1
1
1
1
1
1
1
1
1
1
1
1
1
1
1
1
1
1
1
1
1
1
1
1
1
1
1
1
1
1
1
1
1
1
1
1
1
1
1
1
1
1
1
1
1
1
1
1
1
1
1
1
1
1
1
1
1
1
1
1
1
1
1
1
1
1
1
1
1
1
1
1
1
1
1
1
1
1
1
1
1
1
1
1
1
1
1
1
1
1
1
1
1
1
1
1
1
1
1
1
1
1
1
1
1
1
1
1
1
1
1
1
1
1
1
1
1
1
1
1
1
1
1
1
1
1
1
1
1
1
1
1
1
1
1
1
1
1
1
1
1
1
1
1
1
1
1
1
1
1
1
1
1
1
1
1
1
1
1
1
1
1
1
1
1
1
1
1
1
1
1
1
1
1
1
1
1
1
1
1
1
1
1
1
1
1
1
1
1
1
1
1
1
1
1
1
1
1
1
1
1
1
1
1
1
1
1
1
1
1
1
1
1
1
1
1
1
1
1
1
1
1
1
1
1
1
1
1
1
1
1
1
1
1
1
1
1
1
1
1
1
1
1
1
1
1
1
1
1
1
1
1
1
1
1
1
1
1
1
1
1
1
1
1
1
1
1
1
1
1
1
1
1
1
1
1
1
1
1
1
1
1
1
1
1
1
1
1
1
1
1
1
1
1
1
1
1
1
1
1
1
1
1
1
1
1
1
1
1
1
1
1
1
1
1
1
1
1
1
1
1
1
1
1
1
1
1
1
1
1
1
1
1
1
1
1
1
1
1
1
1
1
1
1
1
1
1
1
1
1
1
1
1
1
1
1
1
1
1
1
1
1
1
1
1
1
1
1
1
1
1
1
1
1
1
1
1
1
1
1
1
1
1
1
1
1
1
1
1
1
1
1
1
1
1
1
1
1
1
1
1
1
1
1
1
1
1
1
1
1
1
1
1
1
1
1
1
1
1
1
1
1
1
1
1
1
1
1
1
1
1
1
1
1
1
1
1
1
1
1
1
1
1
1
1
1
1
1
1
1
1
1
1
1
1
1
1
1
1
1
1
1
1
1
1
1
1
1
1
1
1
1
1
1
1
1
1
1
1
1
1
1
1
1
1
1
1
1
1
1
1
1
1
1
1
1
1
1
1
1
1
1
1
1
1
1
1
1
1
1
1
1
1
1
1
1
1
1
1
1
1
1
1
1
1
1
1
1
1
1
1
1
1
1
1
1
1
1
1
1
1
1
1
1
1
1
1
1
1
1
1
1
1
1
1
1
1
1
1
1
1
1
1
1
1
1
1
1
1
1
1
1
1
1
1
1
1
1
1
1
1
1
1
1
1
1
1
1
1
1
1
1
1
1
1
1
1
1
1
1
1
1
1
1
1
1
1
1
1
1
1
1
1
1
1
1
1
1
1
1
1
1
1
1
1
1
1
1
1
1
1
1
1
1
1
1
1
1
1
1
1
1
1
1
1
1
1
1
1
1
1
1
1
1
1
1
1
1
1
1
1
1
0.99992
0.999992
0.999949
1
1
1
1
1
1
1
1
1
0.999949
0.999992
0.99992
1
1
1
1
1
1
1
1
1
1
1
1
1
1
1
1
1
1
1
1
1
1
1
1
1
1
1
1
1
1
1
1
1
1
1
1
1
1
1
1
1
1
1
1
1
1
1
1
1
1
1
1
1
1
1
1
1
1
1
1
1
1
1
1
1
1
1
1
1
1
1
1
1
1
1
1
1
1
1
1
1
1
1
1
1
1
1
1
1
1
1
1
1
1
1
1
1
1
1
1
1
1
1
1
1
1
1
1
1
1
1
1
1
1
1
1
1
1
1
1
1
1
1
1
1
1
1
1
1
1
1
1
1
1
1
1
1
1
1
1
1
1
1
1
1
1
1
1
1
1
1
1
1
1
1
1
1
1
1
1
1
1
1
1
1
1
1
1
1
1
1
1
1
1
1
1
1
1
1
1
1
1
1
1
1
1
1
1
1
1
1
1
1
1
1
1
1
1
1
1
1
1
1
1
1
1
1
1
1
1
1
1
1
1
1
1
1
1
1
1
1
1
1
1
1
1
1
1
1
1
1
1
1
1
1
1
1
1
1
1
1
1
1
1
1
1
1
1
1
1
1
1
1
1
1
1
1
1
1
1
1
1
1
1
1
1
1
1
1
1
1
1
1
1
1
1
1
1
1
1
1
1
1
1
1
1
1
1
1
1
1
1
1
1
1
1
1
1
1
1
1
1
1
1
1
1
1
1
1
1
1
1
1
1
1
1
1
1
1
1
1
1
1
1
1
1
1
1
1
1
1
1
1
1
1
1
1
1
1
1
1
1
1
1
1
1
1
1
1
1
1
1
1
1
1
1
1
1
1
1
1
1
1
1
1
1
1
1
1
1
1
1
1
1
1
1
1
1
1
1
1
1
1
1
1
1
1
1
1
1
1
1
1
1
1
1
1
1
1
1
1
1
1
1
1
1
1
1
1
1
1
1
1
1
1
1
1
1
1
1
1
1
1
1
1
1
1
1
1
1
1
1
1
1
1
1
1
1
1
1
1
1
1
1
1
1
1
1
1
1
1
1
1
1
1
1
1
1
1
1
1
1
1
1
1
1
1
1
1
1
1
1
1
1
1
1
1
1
1
1
1
1
1
1
1
1
1
1
1
1
1
1
1
1
1
1
1
1
1
1
1
1
1
1
1
1
1
1
1
1
1
1
1
1
1
1
1
1
1
1
1
1
1
1
1
1
1
1
1
1
1
1
1
1
1
1
1
1
1
1
1
1
1
1
1
1
1
1
1
1
1
1
1
1
1
1
1
1
1
1
1
1
1
1
1
1
1
1
1
1
1
1
1
1
1
1
1
1
1
1
1
1
1
1
1
1
1
1
1
1
1
1
1
1
1
1
1
1
1
1
1
1
1
1
1
1
1
1
1
1
1
1
1
1
1
1
1
1
1
1
1
1
1
1
1
1
1
1
1
1
1
1
1
1
1
1
1
1
1
1
1
1
1
1
1
1
1
1
1
1
1
1
1
1
1
1
1
1
1
1
1
1
1
1
1
1
1
1
1
1
1
1
1
1
1
1
1
1
1
1
1
1
1
1
1
1
1
1
1
1
1
1
1
1
1
1
1
1
1
1
1
1
1
1
1
1
1
1
1
1
1
1
1
1
1
1
1
1
1
1
1
1
1
1
1
1
1
1
1
1
1
1
1
1
1
1
1
1
1
1
1
1
1
1
1
1
1
1
1
1
1
1
1
1
1
1
1
1
1
1
1
1
1
1
1
1
1
1
1
1
1
1
1
1
1
1
1
1
1
1
1
1
1
1
1
1
1
1
1
1
1
1
1
1
1
1
1
1
1
1
1
1
1
1
1
1
1
1
1
1
1
1
1
1
1
1
1
1
1
1
1
1
1
1
1
1
1
1
1
1
1
1
1
1
1
1
1
1
1
1
1
1
1
1
1
1
1
1
1
1
1
1
1
1
1
1
1
1
1
1
1
1
1
1
1
1
1
1
1
1
1
1
1
1
1
1
1
1
1
1
1
1
1
1
1
1
1
1
1
1
1
1
1
1
1
1
1
1
1
1
1
1
1
1
1
1
1
1
1
1
1
1
1
1
1
1
1
1
1
1
1
1
1
1
1
1
1
1
1
1
1
1
1
1
1
1
1
1
1
1
1
1
1
1
1
1
1
1
1
1
1
1
1
1
1
1
1
1
1
1
1
1
1
1
1
1
1
1
1
1
1
1
1
1
1
1
1
1
1
1
1
1
1
1
1
1
1
1
1
1
1
1
1
1
1
1
1
1
1
1
1
1
1
1
1
1
1
1
1
1
1
1
1
1
1
1
1
1
1
1
1
1
1
1
1
1
1
1
1
1
1
1
1
1
1
1
1
1
1
1
1
1
1
1
1
1
1
1
1
1
1
1
1
1
1
1
1
1
1
1
1
1
1
1
1
1
1
1
1
1
1
1
1
1
1
1
1
1
1
1
1
1
1
1
1
1
1
1
1
1
1
1
1
1
1
1
1
1
1
1
1
1
1
1
1
1
1
1
1
1
1
1
1
1
1
1
1
1
1
1
1
1
1
1
1
1
1
1
1
1
1
1
1
1
1
1
1
1
1
1
1
1
1
1
1
1
1
1
1
1
1
1
1
1
1
1
1
1
1
1
1
1
1
1
1
1
1
1
1
1
1
1
1
1
1
1
1
1
1
1
1
1
1
1
1
1
1
1
1
1
1
1
1
1
1
1
1
1
1
1
1
1
1
1
1
1
1
1
1
1
1
1
1
1
1
1
1
1
1
1
1
1
1
1
1
1
1
1
1
1
1
1
1
1
1
1
1
1
1
1
1
1
1
1
1
1
1
1
1
1
1
1
1
1
1
1
1
1
1
1
1
1
1
1
1
1
1
1
1
1
1
1
1
1
1
1
1
1
1
1
1
1
1
1
1
1
1
1
1
1
1
1
1
1
1
1
1
1
1
1
1
1
1
1
1
1
1
1
1
1
1
1
1
1
1
1
1
1
1
1
1
1
1
1
1
1
1
1
1
1
1
1
1
1
1
1
1
1
1
1
1
1
1
1
1
1
1
1
1
1
1
1
1
1
1
1
1
1
1
1
1
1
1
1
1
1
1
1
1
1
1
1
1
1
1
1
1
1
1
1
1
1
1
1
1
1
1
1
1
1
1
1
1
1
1
1
1
1
1
1
1
1
1
1
1
1
1
1
1
1
1
1
1
1
1
1
1
1
1
1
1
1
1
1
1
1
1
1
1
1
1
1
1
1
1
1
1
1
1
1
1
1
1
1
1
1
1
1
1
1
1
1
1
1
1
1
1
1
1
1
1
1
1
1
1
1
1
1
1
1
1
1
1
1
1
1
1
1
1
1
1
1
1
1
1
1
1
1
1
1
1
1
1
1
1
1
1
1
1
1
1
1
1
1
1
1
1
1
1
1
1
1
1
1
1
1
1
1
1
1
1
1
1
1
1
1
1
1
1
1
1
1
1
1
1
1
1
1
1
1
1
1
1
1
1
1
1
1
1
1
1
1
1
1
1
1
1
1
1
1
1
1
1
1
1
1
1
1
1
1
1
1
1
1
1
1
1
1
1
1
1
1
1
1
1
1
1
1
1
1
1
1
1
1
1
1
1
1
1
1
1
1
1
1
1
1
1
1
1
1
1
1
1
1
1
1
1
1
1
1
1
1
1
1
1
1
1
1
1
1
1
1
1
1
1
1
1
1
1
1
1
1
1
1
1
1
1
1
1
1
1
1
1
1
1
1
1
1
1
1
1
1
1
1
1
1
1
1
1
1
1
1
1
1
1
1
1
1
1
1
1
1
1
1
1
1
1
1
1
1
1
1
1
1
1
1
1
1
1
1
1
1
1
1
1
1
1
1
1
1
1
1
1
1
1
1
1
1
1
1
1
1
1
1
1
1
1
1
1
1
1
1
1
1
1
1
1
1
1
1
1
1
1
1
1
1
1
1
1
1
1
1
1
1
1
1
1
1
1
1
1
1
1
1
1
1
1
1
1
1
1
1
1
1
1
1
1
1
1
1
1
1
1
1
1
1
1
1
1
1
1
1
1
1
1
1
1
1
1
1
1
1
1
1
1
1
1
1
1
1
1
1
1
1
1
1
1
1
1
1
1
1
1
1
1
1
1
1
1
1
1
1
1
1
1
1
1
1
1
1
1
1
1
1
1
1
1
1
1
1
1
1
1
1
1
1
1
1
1
1
1
1
1
1
1
1
1
1
1
1
1
1
1
1
1
1
1
1
1
1
1
1
1
1
1
1
1
1
1
1
1
1
1
1
1
1
1
1
1
1
1
1
1
1
1
1
1
1
1
1
1
1
1
1
1
1
1
1
1
1
1
1
1
1
1
1
1
1
1
1
1
1
1
1
1
1
1
1
1
1
1
1
1
1
1
1
1
1
1
1
1
1
1
1
1
1
1
1
1
1
1
1
1
1
1
1
1
1
1
1
1
1
1
1
1
1
1
1
1
1
1
1
1
1
1
1
1
1
1
1
1
1
1
1
1
1
1
1
1
1
1
1
1
1
1
1
1
1
1
1
1
1
1
1
1
1
1
1
1
1
1
1
1
1
1
1
1
1
1
1
1
1
1
1
1
1
1
1
1
1
1
1
1
1
1
1
1
1
1
1
1
1
1
1
1
1
1
1
1
1
1
1
1
1
1
1
1
1
1
1
1
1
1
1
1
1
1
1
1
1
1
1
1
1
1
1
1
1
1
1
1
1
1
1
1
1
1
1
1
1
1
1
1
1
1
1
1
1
1
1
1
1
1
1
1
1
1
1
1
1
1
1
1
1
1
1
1
1
1
1
1
1
1
1
1
1
1
1
1
1
1
1
1
1
1
1
1
1
1
1
1
1
1
1
1
1
1
1
1
1
1
1
1
1
1
1
1
1
1
1
1
1
1
1
1
1
1
1
1
1
1
1
1
1
1
1
1
1
1
1
1
1
1
1
1
1
1
1
1
1
1
1
1
1
1
1
1
1
1
1
1
1
1
1
1
1
1
1
1
1
1
1
1
1
1
1
1
1
1
1
1
1
1
1
1
1
1
1
1
1
1
1
1
1
1
1
1
1
1
1
1
1
1
1
1
1
1
1
1
1
1
1
1
1
1
1
1
1
1
1
1
1
1
1
1
1
1
1
1
1
1
1
1
1
1
1
1
1
1
1
1
1
1
1
1
1
1
1
1
1
1
1
1
1
1
1
1
1
1
1
1
1
1
1
1
1
1
1
1
1
1
1
1
1
1
1
1
1
1
1
1
1
1
1
1
1
1
1
1
1
1
1
1
1
1
1
1
1
1
1
1
1
1
1
1
1
1
1
1
1
1
1
1
1
1
1
1
1
1
1
1
1
1
1
1
1
1
1
1
1
1
1
1
1
1
1
1
1
1
1
1
1
1
1
1
1
1
1
1
1
1
1
1
1
1
1
1
1
1
1
1
1
1
1
1
1
1
1
1
1
1
1
1
1
1
1
1
1
1
1
1
1
1
1
1
1
1
1
1
1
1
1
1
1
1
1
1
1
1
1
1
1
1
1
1
1
1
1
1
1
1
1
1
1
1
1
1
1
1
1
1
1
1
1
1
1
1
1
1
1
1
1
1
1
1
1
1
1
1
1
1
1
1
1
1
1
1
1
1
1
1
1
1
1
1
1
1
1
1
1
1
1
1
1
1
1
1
1
1
1
1
1
1
1
1
1
1
1
1
1
1
1
1
1
1
1
1
1
1
1
1
1
1
1
1
1
1
1
1
1
1
1
1
1
1
1
1
1
1
1
1
1
1
1
1
1
1
1
1
1
1
1
1
1
1
1
1
1
1
1
1
1
1
1
1
1
1
1
1
1
1
1
1
1
1
1
1
1
1
1
1
1
1
1
1
1
1
1
1
1
1
1
1
1
1
1
1
1
1
1
1
1
1
1
1
1
1
1
1
1
1
1
1
1
1
1
1
1
1
1
1
1
1
1
1
1
1
1
1
1
1
1
1
1
1
1
1
1
1
1
1
1
1
1
1
1
1
1
1
1
1
1
1
1
1
1
1
1
1
1
1
1
1
1
1
1
1
1
1
1
1
1
1
1
1
1
1
1
1
1
1
1
1
1
1
1
1
1
1
1
1
1
1
1
1
1
1
1
1
1
1
1
1
1
1
1
1
1
1
1
1
1
1
1
1
1
1
1
1
1
1
1
1
1
1
1
1
1
1
1
1
1
1
1
1
1
1
1
1
1
1
1
1
1
1
1
1
1
1
1
1
1
1
1
1
1
1
1
1
1
1
1
1
1
1
1
1
1
1
1
1
1
1
1
1
1
1
1
1
1
1
1
1
1
1
1
1
1
1
1
1
1
1
1
1
1
1
1
1
1
1
1
1
1
1
1
1
1
1
1
1
1
1
1
1
1
1
1
1
1
1
1
1
1
1
1
1
1
1
1
1
1
1
1
1
1
1
1
1
1
1
1
1
1
1
1
1
1
1
1
1
1
1
1
1
1
1
1
1
1
1
1
1
1
1
1
1
1
1
1
1
1
1
1
1
1
1
1
1
1
1
1
1
1
1
1
1
1
1
1
1
1
1
1
1
1
1
1
1
1
1
1
1
1
1
1
1
1
1
1
1
1
1
1
1
1
1
1
1
1
1
1
1
1
1
1
1
1
1
1
1
1
1
1
1
1
1
1
1
1
1
1
1
1
1
1
1
1
1
1
1
1
1
1
1
1
1
1
1
1
1
1
1
1
1
1
1
1
1
1
1
1
1
1
1
1
1
1
1
1
1
1
1
1
1
1
1
1
1
1
1
1
1
1
1
1
1
1
1
1
1
1
1
1
1
1
1
1
1
1
1
1
1
1
1
1
1
1
1
1
1
1
1
1
1
1
1
1
1
1
1
1
1
1
1
1
1
1
1
1
1
1
1
1
1
1
1
1
1
1
1
1
1
1
1
1
1
1
1
1
1
1
1
1
1
1
1
1
1
1
1
1
1
1
1
1
1
1
1
1
1
1
1
1
1
1
1
1
1
1
1
1
1
1
1
1
1
1
1
1
1
1
1
1
1
1
1
1
1
1
1
1
1
1
1
1
1
1
1
1
1
1
1
1
1
1
1
1
1
1
1
1
1
1
1
1
1
1
1
1
1
1
1
1
1
1
1
1
1
1
1
1
1
1
1
1
1
1
1
1
1
1
1
1
1
1
1
1
1
1
1
1
1
1
1
1
1
1
1
1
1
1
1
1
1
1
1
1
1
1
1
1
1
1
1
1
1
1
1
1
1
1
1
1
1
1
1
1
1
1
1
1
1
1
1
1
1
1
1
1
1
1
1
1
1
1
1
1
1
1
1
1
1
1
1
1
1
1
1
1
1
1
1
1
1
1
1
1
1
1
1
1
1
1
1
1
1
1
1
1
1
1
1
1
1
1
1
1
1
1
1
1
1
1
1
1
1
1
1
1
1
1
1
1
1
1
1
1
1
1
1
1
1
1
1
1
1
1
1
1
1
1
1
1
1
1
1
1
1
1
1
1
1
1
1
1
1
1
1
1
1
1
1
1
1
1
1
1
1
1
1
1
1
1
1
1
1
1
1
1
1
1
1
1
1
1
1
1
1
1
1
1
1
1
1
1
1
1
1
1
1
1
1
1
1
1
1
1
1
1
1
1
1
1
1
1
1
1
1
1
1
1
1
1
1
1
1
1
1
1
1
1
1
1
1
1
1
1
1
1
1
1
1
1
1
1
1
1
1
1
1
1
1
1
1
1
1
1
1
1
1
1
1
1
1
1
1
1
1
1
1
1
1
1
1
1
1
1
1
1
1
1
1
1
1
1
1
1
1
1
1
1
1
1
1
1
1
1
1
1
1
1
1
1
1
1
1
1
1
1
1
1
1
1
1
1
1
1
1
1
1
1
1
1
1
1
1
1
1
1
1
1
1
1
1
1
1
1
1
1
1
1
1
1
1
1
1
1
1
1
1
1
1
1
1
1
1
1
1
1
1
1
1
1
1
1
1
1
1
1
1
1
1
1
1
1
1
1
1
1
1
1
1
1
1
1
1
1
1
1
1
1
1
1
1
1
1
1
1
1
1
1
1
1
1
1
1
1
1
1
1
1
1
1
1
1
1
1
1
1
1
1
1
1
1
1
1
1
1
1
1
1
1
1
1
1
1
1
1
1
1
1
1
1
1
1
1
1
1
1
1
1
1
1
1
1
1
1
1
1
1
1
1
1
1
1
1
1
1
1
1
1
1
1
1
1
1
1
1
1
1
1
1
1
1
1
1
1
1
1
1
1
1
1
1
1
1
1
1
1
1
1
1
1
1
1
1
1
1
1
1
1
1
1
1
1
1
1
1
1
1
1
1
1
1
1
1
1
1
1
1
1
1
1
1
1
1
1
1
1
1
1
1
1
1
1
1
1
1
1
1
1
1
1
1
1
1
1
1
1
1
1
1
1
1
1
1
1
1
1
1
1
1
1
1
1
1
1
1
1
1
1
1
1
1
1
1
1
1
1
1
1
1
1
1
1
1
1
1
1
1
1
1
1
1
1
1
1
1
1
1
1
1
1
1
1
1
1
1
1
1
1
1
1
1
1
1
1
1
1
1
1
1
1
1
1
1
1
1
1
1
1
1
1
1
1
1
1
1
1
1
1
1
1
1
1
1
1
1
1
1
1
1
1
1
1
1
1
1
1
1
1
1
1
1
1
1
1
1
1
1
1
1
1
1
1
1
1
1
1
1
1
1
1
1
1
1
1
1
1
1
1
1
1
1
1
1
1
1
1
1
1
1
1
1
1
1
1
1
1
1
1
1
1
1
1
1
1
1
1
1
1
1
1
1
1
1
1
1
1
1
1
1
1
1
1
1
1
1
1
1
1
1
1
1
1
1
1
1
1
1
1
1
1
1
1
1
1
1
1
1
1
1
1
1
1
1
1
1
1
1
1
1
1
1
1
1
1
1
1
1
1
1
1
1
1
1
1
1
1
1
1
1
1
1
1
1
1
1
1
1
1
1
1
1
1
1
1
1
1
1
1
1
1
1
1
1
1
1
1
1
1
1
1
1
1
1
1
1
1
1
1
1
1
1
1
1
1
1
1
1
1
1
1
1
1
1
1
1
1
1
1
1
1
1
1
1
1
1
1
1
1
1
1
1
1
1
1
1
1
1
1
1
1
1
1
1
1
1
1
1
1
1
1
1
1
1
1
1
1
1
1
1
1
1
1
1
1
1
1
1
1
1
1
1
1
1
1
1
1
1
1
1
1
1
1
1
1
1
1
1
1
1
1
1
1
1
1
1
1
1
1
1
1
1
1
1
1
1
1
1
1
1
1
1
1
1
1
1
1
1
1
1
1
1
1
1
1
1
1
1
1
1
1
1
1
1
1
1
1
1
1
1
1
1
1
1
1
1
1
1
1
1
1
1
1
1
1
1
1
1
1
1
1
1
1
1
1
1
1
1
1
1
1
1
1
1
1
1
1
1
1
1
1
1
1
1
1
1
1
1
1
1
1
1
1
1
1
1
1
1
1
1
1
1
1
1
1
1
1
1
1
1
1
1
1
1
1
1
1
1
1
1
1
1
1
1
1
1
1
1
1
1
1
1
1
1
1
1
1
1
1
1
1
1
1
1
1
1
1
1
1
1
1
1
1
1
1
1
1
1
1
1
1
1
1
1
1
1
1
1
1
1
1
1
1
1
1
1
1
1
1
1
1
1
1
1
1
1
1
1
1
1
1
1
1
1
1
1
1
1
1
1
1
1
1
1
1
1
1
1
1
1
1
1
1
1
1
1
1
1
1
1
1
1
1
1
1
1
1
1
1
1
1
1
1
1
1
1
1
1
1
1
1
1
1
1
1
1
1
1
1
1
1
1
1
1
1
1
1
1
1
1
1
1
1
1
1
1
1
1
1
1
1
1
1
1
1
1
1
1
1
1
1
1
1
1
1
1
1
1
1
1
1
1
1
1
1
1
1
1
1
1
1
1
1
1
1
1
1
1
1
1
1
1
1
1
1
1
1
1
1
1
1
1
1
1
1
1
1
1
1
1
1
1
1
1
1
1
1
1
1
1
1
1
1
1
1
1
1
1
1
1
1
1
1
1
1
1
1
1
1
1
1
1
1
1
1
1
1
1
1
1
1
1
1
1
1
1
1
1
1
1
1
1
1
1
1
1
1
1
1
1
1
1
1
1
1
1
1
1
1
1
1
1
1
1
1
1
1
1
1
1
1
1
1
1
1
1
1
1
1
1
1
1
1
1
1
1
1
1
1
1
1
1
1
1
1
1
1
1
1
1
1
1
1
1
1
1
1
1
1
1
1
1
1
1
1
1
1
1
1
1
1
1
1
1
1
1
1
1
1
1
1
1
1
1
1
1
1
1
1
1
1
1
1
1
1
1
1
1
1
1
1
1
1
1
1
1
1
1
1
1
1
1
1
1
1
1
1
1
1
1
1
1
1
1
1
1
1
1
1
1
1
1
1
1
1
1
1
1
1
1
1
1
1
1
1
1
1
1
1
1
1
1
1
1
1
1
1
1
1
1
1
1
1
1
1
1
1
1
1
1
1
1
1
1
1
1
1
1
1
1
1
1
1
1
1
1
1
1
1
1
1
1
1
1
1
1
1
1
1
1
1
1
1
1
1
1
1
1
1
1
1
1
1
1
1
1
1
1
1
1
1
1
1
1
1
1
1
1
1
1
1
1
1
1
1
1
1
1
1
1
1
1
1
1
1
1
1
1
1
1
1
1
1
1
1
1
1
1
1
1
1
1
1
1
1
1
1
1
1
1
1
1
1
1
1
1
1
1
1
1
1
1
1
1
1
1
1
1
1
1
1
1
1
1
1
1
1
1
1
1
1
1
1
1
1
1
1
1
1
1
1
1
1
1
1
1
1
1
1
1
1
1
1
1
1
1
1
1
1
1
1
1
1
1
1
1
1
1
1
1
1
1
1
1
1
1
1
1
1
1
1
1
1
1
1
1
1
1
1
1
1
1
1
1
1
1
1
1
1
1
1
1
1
1
1
1
1
1
1
1
1
1
1
1
1
1
1
1
1
1
1
1
1
1
1
1
1
1
1
1
1
1
1
1
1
1
1
1
1
1
1
1
1
1
1
1
1
1
1
1
1
1
1
1
1
1
1
1
1
1
1
1
1
1
1
1
1
1
1
1
1
1
1
1
1
1
1
1
1
1
1
1
1
1
1
1
1
1
1
1
1
1
1
1
1
1
1
1
1
1
1
1
1
1
1
1
1
1
1
1
1
1
1
1
1
1
1
1
1
1
1
1
1
1
1
1
1
1
1
1
1
1
1
1
1
1
1
1
1
1
1
1
1
1
1
1
1
1
1
1
1
1
1
1
1
1
1
1
1
1
1
1
1
1
1
1
1
1
1
1
1
1
1
1
1
1
1
1
1
1
1
1
1
1
1
1
1
1
1
1
1
1
1
1
1
1
1
1
1
1
1
1
1
1
1
1
1
1
1
1
1
1
1
1
1
1
1
1
1
1
1
1
1
1
1
1
1
1
1
1
1
1
1
1
1
1
1
1
1
1
1
1
1
1
1
1
1
1
1
1
1
1
1
1
1
1
1
1
1
1
1
1
1
1
1
1
1
1
1
1
1
1
1
1
1
1
1
1
1
1
1
1
1
1
1
1
1
1
1
1
1
1
1
1
1
1
1
1
1
1
1
1
1
1
1
1
1
1
1
1
1
1
1
1
1
1
1
1
1
1
1
1
1
1
1
1
1
1
1
1
1
1
1
1
1
1
1
1
1
1
1
1
1
1
1
1
1
1
1
1
1
1
1
1
1
1
1
1
1
1
1
1
1
1
1
1
1
1
1
1
1
1
1
1
1
1
1
1
1
1
1
1
1
1
1
1
1
1
1
1
1
1
1
1
1
1
1
1
1
1
1
1
1
1
1
1
1
1
1
1
1
1
1
1
1
1
1
1
1
1
1
1
1
1
1
1
1
1
1
1
1
1
1
1
1
1
1
1
1
1
1
1
1
1
1
1
1
1
1
1
1
1
1
1
1
1
1
1
1
1
1
1
1
1
1
1
1
1
1
1
1
1
1
1
1
1
1
1
1
1
1
1
1
1
1
1
1
1
1
1
1
1
1
1
1
1
1
1
1
1
1
1
1
1
1
1
1
1
1
1
1
1
1
1
1
1
1
1
1
1
1
1
1
1
1
1
1
1
1
1
1
1
1
1
1
1
1
1
1
1
1
1
1
1
1
1
1
1
1
1
1
1
1
1
1
1
1
1
1
1
1
1
1
1
1
1
1
1
1
1
1
1
1
1
1
1
1
1
1
1
1
1
1
1
1
1
1
1
1
1
1
1
1
1
1
1
1
1
1
1
1
1
1
1
1
1
1
1
1
1
1
1
1
1
1
1
1
1
1
1
1
1
1
1
1
1
1
1
1
1
1
1
1
1
1
1
1
1
1
1
1
1
1
1
1
1
1
1
1
1
1
1
1
1
1
1
1
1
1
1
1
1
1
1
1
1
1
1
1
1
1
1
1
1
1
1
1
1
1
1
1
1
1
1
1
1
1
1
1
1
1
1
1
1
1
1
1
1
1
1
1
1
1
1
1
1
1
1
1
1
1
1
1
1
1
1
1
1
1
1
1
1
1
1
1
1
1
1
1
1
1
1
1
1
1
1
1
1
1
1
1
1
1
1
1
1
1
1
1
1
1
1
1
1
1
1
1
1
1
1
1
1
1
1
1
1
1
1
1
1
1
1
1
1
1
1
1
1
1
1
1
1
1
1
1
1
1
1
1
1
1
1
1
1
1
1
1
1
1
1
1
1
1
1
1
1
1
1
1
1
1
1
1
1
1
1
1
1
1
1
1
1
1
1
1
1
1
1
1
1
1
1
1
1
1
1
1
1
1
1
1
1
1
1
1
1
1
1
1
1
1
1
1
1
1
1
1
1
1
1
1
1
1
1
1
1
1
1
1
1
1
1
1
1
1
1
1
1
1
1
1
1
1
1
1
1
1
1
1
1
1
1
1
1
1
1
1
1
1
1
1
1
1
1
1
1
1
1
1
1
1
1
1
1
1
1
1
1
1
1
1
1
1
1
1
1
1
1
1
1
1
1
1
1
1
1
1
1
1
1
1
1
1
1
1
1
1
1
1
1
1
1
1
1
1
1
1
1
1
1
1
1
1
1
1
1
1
1
1
1
1
1
1
1
1
1
1
1
1
1
1
1
1
1
1
1
1
1
1
1
1
1
1
1
1
1
1
1
1
1
1
1
1
1
1
1
1
1
1
1
1
1
1
1
1
1
1
1
1
1
1
1
1
1
1
1
1
1
1
1
1
1
1
1
1
1
1
1
1
1
1
1
1
1
1
1
1
1
1
1
1
1
1
1
1
1
1
1
1
1
1
1
1
1
1
1
1
1
1
1
1
1
1
1
1
1
1
1
1
1
1
1
1
1
1
1
1
1
1
1
1
1
1
1
1
1
1
1
1
1
1
1
1
1
1
1
1
1
1
1
1
1
1
1
1
1
1
1
1
1
1
1
1
1
1
1
1
1
1
1
1
1
1
1
1
1
1
1
1
1
1
1
1
1
1
1
1
1
1
1
1
1
1
1
1
1
1
1
1
1
1
1
1
1
1
1
1
1
1
1
1
1
1
1
1
1
1
1
1
1
1
1
1
1
1
1
1
1
1
1
1
1
1
1
1
1
1
1
1
1
1
1
1
1
1
1
1
1
1
1
1
1
1
1
1
1
1
1
1
1
1
1
1
1
1
1
1
1
1
1
1
1
1
1
1
1
1
1
1
1
1
1
1
1
1
1
1
1
1
1
1
1
1
1
1
1
1
1
1
1
1
1
1
1
1
1
1
1
1
1
1
1
1
1
1
1
1
1
1
1
1
1
1
1
1
1
1
1
1
1
1
1
1
1
1
1
1
1
1
1
1
1
1
1
1
1
1
1
1
1
1
1
1
1
1
1
1
1
1
1
1
1
1
1
1
1
1
1
1
1
1
1
1
1
1
1
1
1
1
1
1
1
1
1
1
1
1
1
1
1
1
1
1
1
1
1
1
1
1
1
1
1
1
1
1
1
1
1
1
1
1
1
1
1
1
1
1
1
1
1
1
1
1
1
1
1
1
1
1
1
1
1
1
1
1
1
1
1
1
1
1
1
1
1
1
1
1
1
1
1
1
1
1
1
1
1
1
1
1
1
1
1
1
1
1
1
1
1
1
1
1
1
1
1
1
1
1
1
1
1
1
1
1
1
1
1
1
1
1
1
1
1
1
1
1
1
1
1
1
1
1
1
1
1
1
1
1
1
1
1
1
1
1
1
1
1
1
1
1
1
1
1
1
1
1
1
1
1
1
1
1
1
1
1
1
1
1
1
1
1
1
1
1
1
1
1
1
1
1
1
1
1
1
1
1
1
1
1
1
1
1
1
1
1
1
1
1
1
1
1
1
1
1
1
1
1
1
1
1
1
1
1
1
1
1
1
1
1
1
1
1
1
1
1
1
1
1
1
1
1
1
1
1
1
1
1
1
1
1
1
1
1
1
1
1
1
1
1
1
1
1
1
1
1
1
1
1
1
1
1
1
1
1
1
1
1
1
1
1
1
1
1
1
1
1
1
1
1
1
1
1
1
1
1
1
1
1
1
1
1
1
1
1
1
1
1
1
1
1
1
1
1
1
1
1
1
1
1
1
1
1
1
1
1
1
1
1
1
1
1
1
1
1
1
1
1
1
1
1
1
1
1
1
1
1
1
1
1
1
1
1
1
1
1
1
1
1
1
1
1
1
1
1
1
1
1
1
1
1
1
1
1
1
1
1
1
1
1
1
1
1
1
1
1
1
1
1
1
1
1
1
1
1
1
1
1
1
1
1
1
1
1
1
1
1
1
1
1
1
1
1
1
1
1
1
1
1
1
1
1
1
1
1
1
1
1
1
1
1
1
1
1
1
1
1
1
1
1
1
1
1
1
1
1
1
1
1
1
1
1
1
1
1
1
1
1
1
1
1
1
1
1
1
1
1
1
1
1
1
1
1
1
1
1
1
1
1
1
1
1
1
1
1
1
1
1
1
1
1
1
1
1
1
1
1
1
1
1
1
1
1
1
1
1
1
1
1
1
1
1
1
1
1
1
1
1
1
1
1
1
1
1
1
1
1
1
1
1
1
1
1
1
1
1
1
1
1
1
1
1
1
1
1
1
1
1
1
1
1
1
1
1
1
1
1
1
1
1
1
1
1
1
1
1
1
1
1
1
1
1
1
1
1
1
1
1
1
1
1
1
1
1
1
1
1
1
1
1
1
1
1
1
1
1
1
1
1
1
1
1
1
1
1
1
1
1
1
1
1
1
1
1
1
1
1
1
1
1
1
1
1
1
1
1
1
1
1
1
1
1
1
1
1
1
1
1
1
1
1
1
1
1
1
1
1
1
1
1
1
1
1
1
1
1
1
1
1
1
1
1
1
1
1
1
1
1
1
1
1
1
1
1
1
1
1
1
1
1
1
1
1
1
1
1
1
1
1
1
1
1
1
1
1
1
1
1
1
1
1
1
1
1
1
1
1
1
1
1
1
1
1
1
1
1
1
1
1
1
1
1
1
1
1
1
1
1
1
1
1
1
1
1
1
1
1
1
1
1
1
1
1
1
1
1
1
1
1
1
1
1
1
1
1
1
1
1
1
1
1
1
1
1
1
1
1
1
1
1
1
1
1
1
1
1
1
1
1
1
1
1
1
1
1
1
1
1
1
1
1
1
1
1
1
1
1
1
1
1
1
1
1
1
1
1
1
1
1
1
1
1
1
1
1
1
1
1
1
1
1
1
1
1
1
1
1
1
1
1
1
1
1
1
1
1
1
1
1
1
1
1
1
1
1
1
1
1
1
1
1
1
1
1
1
1
1
1
1
1
1
1
1
1
1
1
1
1
1
1
1
1
1
1
1
1
1
1
1
1
1
1
1
1
1
1
1
1
1
1
1
1
1
1
1
1
1
1
1
1
1
1
1
1
1
1
1
1
1
1
1
1
1
1
1
1
1
1
1
1
1
1
1
1
1
1
1
1
1
1
1
1
1
1
1
1
1
1
1
1
1
1
1
1
1
1
1
1
1
1
1
1
1
1
1
1
1
1
1
1
1
1
1
1
1
1
1
1
1
1
1
1
1
1
1
1
1
1
1
1
1
1
1
1
1
1
1
1
1
1
1
1
1
1
1
1
1
1
1
1
1
1
1
1
1
1
1
1
1
1
1
1
1
1
1
1
1
1
1
1
1
1
1
1
1
1
1
1
1
1
1
1
1
1
1
1
1
1
1
1
1
1
1
1
1
1
1
1
1
1
1
1
1
1
1
1
1
1
1
1
1
1
1
1
1
1
1
1
1
1
1
1
1
1
1
1
1
1
1
1
1
1
1
1
1
1
1
1
1
1
1
1
1
1
1
1
1
1
1
1
1
1
1
1
1
1
1
1
1
1
1
1
1
1
1
1
1
1
1
1
1
1
1
1
1
1
1
1
1
1
1
1
1
1
1
1
1
1
1
1
1
1
1
1
1
1
1
1
1
1
1
1
1
1
1
1
1
1
1
1
1
1
1
1
1
1
1
1
1
1
1
1
1
1
1
1
1
1
1
1
1
1
1
1
1
1
1
1
1
1
1
1
1
1
1
1
1
1
1
1
1
1
1
1
1
1
1
1
1
1
1
1
1
1
1
1
1
1
1
1
1
1
1
1
1
1
1
1
1
1
1
1
1
1
1
1
1
1
1
1
1
1
1
1
1
1
1
1
1
1
1
1
1
1
1
1
1
1
1
1
1
1
1
1
1
1
1
1
1
1
1
1
1
1
1
1
1
1
1
1
1
1
1
1
1
1
1
1
1
1
1
1
1
1
1
1
1
1
1
1
1
1
1
1
1
1
1
1
1
1
1
1
1
1
1
1
1
1
1
1
1
1
1
1
1
1
1
1
1
1
1
1
1
1
1
1
1
1
1
1
1
1
1
1
1
1
1
1
1
1
1
1
1
1
1
1
1
1
1
1
1
1
1
1
1
1
1
1
1
1
1
1
1
1
1
1
1
1
1
1
1
1
1
1
1
1
1
1
1
1
1
1
1
1
1
1
1
1
1
1
1
1
1
1
1
1
1
1
1
1
1
1
1
1
1
1
1
1
1
1
1
1
1
1
1
1
1
1
1
1
1
1
1
1
1
1
1
1
1
1
1
1
1
1
1
1
1
1
1
1
1
1
1
1
1
1
1
1
1
1
1
1
1
1
1
1
1
1
1
1
1
1
1
1
1
1
1
1
1
1
1
1
1
1
1
1
1
1
1
1
1
1
1
1
1
1
1
1
1
1
1
1
1
1
1
1
1
1
1
1
1
1
1
1
1
1
1
1
1
1
1
1
1
1
1
1
1
1
1
1
1
1
1
1
1
1
1
1
1
1
1
1
1
1
1
1
1
1
1
1
1
1
1
1
1
1
1
1
1
1
1
1
1
1
1
1
1
1
1
1
1
1
1
1
1
1
1
1
1
1
1
1
1
1
1
1
1
1
1
1
1
1
1
1
1
1
1
1
1
1
1
1
1
1
1
1
1
1
1
1
1
1
1
1
1
1
1
1
1
1
1
1
1
1
1
1
1
1
1
1
1
1
1
1
1
1
1
1
1
1
1
1
1
1
1
1
1
1
1
1
1
1
1
1
1
1
1
1
1
1
1
1
1
1
1
1
1
1
1
1
1
1
1
1
1
1
1
1
1
1
1
1
1
1
1
1
1
1
1
1
1
1
1
1
1
1
1
1
1
1
1
1
1
1
1
1
1
1
1
1
1
1
1
1
1
1
1
1
1
1
1
1
1
1
1
1
1
1
1
1
1
1
1
1
1
1
1
1
1
1
1
1
1
1
1
1
1
1
1
1
1
1
1
1
1
1
1
1
1
1
1
1
1
1
1
1
1
1
1
1
1
1
1
1
1
1
1
1
1
1
1
1
1
1
1
1
1
1
1
1
1
1
1
1
1
1
1
1
1
1
1
1
1
1
1
1
1
1
1
1
1
1
1
1
1
1
1
1
1
1
1
1
1
1
1
1
1
1
1
1
1
1
1
1
1
1
1
1
1
1
1
1
1
1
1
1
1
1
1
1
1
1
1
1
1
1
1
1
1
1
1
1
1
1
1
1
1
1
1
1
1
1
1
1
1
1
1
1
1
1
1
1
1
1
1
1
1
1
1
1
1
1
1
1
1
1
1
1
1
1
1
1
1
1
1
1
1
1
1
1
1
1
1
1
1
1
1
1
1
1
1
1
1
1
1
1
1
1
1
1
1
1
1
1
1
1
1
1
1
1
1
1
1
1
1
1
1
1
1
1
1
1
1
1
1
1
1
1
1
1
1
1
1
1
1
1
1
1
1
1
1
1
1
1
1
1
1
1
1
1
1
1
1
1
1
1
1
1
1
1
1
1
1
1
1
1
1
1
1
1
1
1
1
1
1
1
1
1
1
1
1
1
1
1
1
1
1
1
1
1
1
1
1
1
1
1
1
1
1
1
1
1
1
1
1
1
1
1
1
1
1
1
1
1
1
1
1
1
1
1
1
1
1
1
1
1
1
1
1
1
1
1
1
1
1
1
1
1
1
1
1
1
1
1
1
1
1
1
1
1
1
1
1
1
1
1
1
1
1
1
1
1
1
1
1
1
1
1
1
1
1
1
1
1
1
1
1
1
1
1
1
1
1
1
1
1
1
1
1
1
1
1
1
1
1
1
1
1
1
1
1
1
1
1
1
1
1
1
1
1
1
1
1
1
1
1
1
1
1
1
1
1
1
1
1
1
1
1
1
1
1
1
1
1
1
1
1
1
1
1
1
1
1
1
1
1
1
1
1
1
1
1
1
1
1
1
1
1
1
1
1
1
1
1
1
1
1
1
1
1
1
1
1
1
1
1
1
1
1
1
1
1
1
1
1
1
1
1
1
1
1
1
1
1
1
1
1
1
1
1
1
1
1
1
1
1
1
1
1
1
1
1
1
1
1
1
1
1
1
1
1
1
1
1
1
1
1
1
1
1
1
1
1
1
1
1
1
1
1
1
1
1
1
1
1
1
1
1
1
1
1
1
1
1
1
1
1
1
1
1
1
1
1
1
1
1
1
1
1
1
1
1
1
1
1
1
1
1
1
1
1
1
1
1
1
1
1
1
1
1
1
1
1
1
1
1
1
1
1
1
1
1
1
1
1
1
1
1
1
1
1
1
1
1
1
1
1
1
1
1
1
1
1
1
1
1
1
1
1
1
1
1
1
1
1
1
1
1
1
1
1
1
1
1
1
1
1
1
1
1
1
1
1
1
1
1
1
1
1
1
1
1
1
1
1
1
1
1
1
1
1
1
1
1
1
1
1
1
1
1
1
1
1
1
1
1
1
1
1
1
1
1
1
1
1
1
1
1
1
1
1
1
1
1
1
1
1
1
1
1
1
1
1
1
1
1
1
1
1
1
1
1
1
1
1
1
1
1
1
1
1
1
1
1
1
1
1
1
1
1
1
1
1
1
1
1
1
1
1
1
1
1
1
1
1
1
1
1
1
1
1
1
1
1
1
1
1
1
1
1
1
1
1
1
1
1
1
1
1
1
1
1
1
1
1
1
1
1
1
1
1
1
1
1
1
1
1
1
1
1
1
1
1
1
1
1
1
1
1
1
1
1
1
1
1
1
1
1
1
1
1
1
1
1
1
1
1
1
1
1
1
1
1
1
1
1
1
1
1
1
1
1
1
1
1
1
1
1
1
1
1
1
1
1
1
1
1
1
1
1
1
1
1
1
1
1
1
1
1
1
1
1
1
1
1
1
1
1
1
1
1
1
1
1
1
1
1
1
1
1
1
1
1
1
1
1
1
1
1
1
1
1
1
1
1
1
1
1
1
1
1
1
1
1
1
1
1
1
1
1
1
1
1
1
1
1
1
1
1
1
1
1
1
1
1
1
1
1
1
1
1
1
1
1
1
1
1
1
1
1
1
1
1
1
1
1
1
1
1
1
1
1
1
1
1
1
1
1
1
1
1
1
1
1
1
1
1
1
1
1
1
1
1
1
1
1
1
1
1
1
1
1
1
1
1
1
1
1
1
1
1
1
1
1
1
1
1
1
1
1
1
1
1
1
1
1
1
1
1
1
1
1
1
1
1
1
1
1
1
1
1
1
1
1
1
1
1
1
1
1
1
1
1
1
1
1
1
1
1
1
1
1
1
1
1
1
1
1
1
1
1
1
1
1
1
1
1
1
1
1
1
1
1
1
1
1
1
1
1
1
1
1
1
1
1
1
1
1
1
1
1
1
1
1
1
1
1
1
1
1
1
1
1
1
1
1
1
1
1
1
1
1
1
1
1
1
1
1
1
1
1
1
1
1
1
1
1
1
1
1
1
1
1
1
1
1
1
1
1
1
1
1
1
1
1
1
1
1
1
1
1
1
1
1
1
1
1
1
1
1
1
1
1
1
1
1
1
1
1
1
1
1
1
1
1
1
1
1
1
1
1
1
1
1
1
1
1
1
1
1
1
1
1
1
1
1
1
1
1
1
1
1
1
1
1
1
1
1
1
1
1
1
1
1
1
1
1
1
1
1
1
1
1
1
1
1
1
1
1
1
1
1
1
1
1
1
1
1
1
1
1
1
1
1
1
1
1
1
1
1
1
1
1
1
1
1
1
1
1
1
1
1
1
1
1
1
1
1
1
1
1
1
1
1
1
1
1
1
1
1
1
1
1
1
1
1
1
1
1
1
1
1
1
1
1
1
1
1
1
1
1
1
1
1
1
1
1
1
1
1
1
1
1
1
1
1
1
1
1
1
1
1
1
1
1
1
1
1
1
1
1
1
1
1
1
1
1
1
1
1
1
1
1
1
1
1
1
1
1
1
1
1
1
1
1
1
1
1
1
1
1
1
1
1
1
1
1
1
1
1
1
1
1
1
1
1
1
1
1
1
1
1
1
1
1
1
1
1
1
1
1
1
1
1
1
1
1
1
1
1
1
1
1
1
1
1
1
1
1
1
1
1
1
1
1
1
1
1
1
1
1
1
1
1
1
1
1
1
1
1
1
1
1
1
1
1
1
1
1
1
1
1
1
1
1
1
1
1
1
1
1
1
1
1
1
1
1
1
1
1
1
1
1
1
1
1
1
1
1
1
1
1
1
1
1
1
1
1
1
1
1
1
1
1
1
1
1
1
1
1
1
1
1
1
1
1
1
1
1
1
1
1
1
1
1
1
1
1
1
1
1
1
1
1
1
1
1
1
1
1
1
1
1
1
1
1
1
1
1
1
1
1
1
1
1
1
1
1
1
1
1
1
1
1
1
1
1
1
1
1
1
1
1
1
1
1
1
1
1
1
1
1
1
1
1
1
1
1
1
1
1
1
1
1
1
1
1
1
1
1
1
1
1
1
1
1
1
1
1
1
1
1
1
1
1
1
1
1
1
1
1
1
1
1
1
1
1
1
1
1
1
1
1
1
1
1
1
1
1
1
1
1
1
1
1
1
1
1
1
1
1
1
1
1
1
1
1
1
1
1
1
1
1
1
1
1
1
1
1
1
1
1
1
1
1
1
1
1
1
1
1
1
1
1
1
1
1
1
1
1
1
1
1
1
1
1
1
1
1
1
1
1
1
1
1
1
1
1
1
1
1
1
1
1
1
1
1
1
1
1
1
1
1
1
1
1
1
1
1
1
1
1
1
1
1
1
1
1
1
1
1
1
1
1
1
1
1
1
1
1
1
1
1
1
1
1
1
1
1
1
1
1
1
1
1
1
1
1
1
1
1
1
1
1
1
1
1
1
1
1
1
1
1
1
1
1
1
1
1
1
1
1
1
1
1
1
1
1
1
1
1
1
1
1
1
1
1
1
1
1
1
1
1
1
1
1
1
1
1
1
1
1
1
1
1
1
1
1
1
1
1
1
1
1
1
1
1
1
1
1
1
1
1
1
1
1
1
1
1
1
1
1
1
1
1
1
1
1
1
1
1
1
1
1
1
1
1
1
1
1
1
1
1
1
1
1
1
1
1
1
1
1
1
1
1
1
1
1
1
1
1
1
1
1
1
1
1
1
1
1
1
1
1
1
1
1
1
1
1
1
1
1
1
1
1
1
1
1
1
1
1
1
1
1
1
1
1
1
1
1
1
1
1
1
1
1
1
1
1
1
1
1
1
1
1
1
1
1
1
1
1
1
1
1
1
1
1
1
1
1
1
1
1
1
1
1
1
1
1
1
1
1
1
1
1
1
1
1
1
1
1
1
1
1
1
1
1
1
1
1
1
1
1
1
1
1
1
1
1
1
1
1
1
1
1
1
1
1
1
1
1
1
1
1
1
1
1
1
1
1
1
1
1
1
1
1
1
1
1
1
1
1
1
1
1
1
1
1
1
1
1
1
1
1
1
1
1
1
1
1
1
1
1
1
1
1
1
1
1
1
1
1
1
1
1
1
1
1
1
1
1
1
1
1
1
1
1
1
1
1
1
1
1
1
1
1
1
1
1
1
1
1
1
1
1
1
1
1
1
1
1
1
1
1
1
1
1
1
1
1
1
1
1
1
1
1
1
1
1
1
1
1
1
1
1
1
1
1
1
1
1
1
1
1
1
1
1
1
1
1
1
1
1
1
1
1
1
1
1
1
1
1
1
1
1
1
1
1
1
1
1
1
1
1
1
1
1
1
1
1
1
1
1
1
1
1
1
1
1
1
1
1
1
1
1
1
1
1
1
1
1
1
1
1
1
1
1
1
1
1
1
1
1
1
1
1
1
1
1
1
1
1
1
1
1
1
1
1
1
1
1
1
1
1
1
1
1
1
1
1
1
1
1
1
1
1
1
1
1
1
1
1
1
1
1
1
1
1
1
1
1
1
1
1
1
1
1
1
1
1
1
1
1
1
1
1
1
1
1
1
1
1
1
1
1
1
1
1
1
1
1
1
1
1
1
1
1
1
1
1
1
1
1
1
1
1
1
1
1
1
1
1
1
1
1
1
1
1
1
1
1
1
1
1
1
1
1
1
1
1
1
1
1
1
1
1
1
1
1
1
1
1
1
1
1
1
1
1
1
1
1
1
1
1
1
1
1
1
1
1
1
1
1
1
1
1
1
1
1
1
1
1
1
1
1
1
1
1
1
1
1
1
1
1
1
1
1
1
1
1
1
1
1
1
1
1
1
1
1
1
1
1
1
1
1
1
1
1
1
1
1
1
1
1
1
1
1
1
1
1
1
1
1
1
1
1
1
1
1
1
1
1
1
1
1
1
1
1
1
1
1
1
1
1
1
1
1
1
1
1
1
1
1
1
1
1
1
1
1
1
1
1
1
1
1
1
1
1
1
1
1
1
1
1
1
1
1
1
1
1
1
1
1
1
1
1
1
1
1
1
1
1
1
1
1
1
1
1
1
1
1
1
1
1
1
1
1
1
1
1
1
1
1
1
1
1
1
1
1
1
1
1
1
1
1
1
1
1
1
1
1
1
1
1
1
1
1
1
1
1
1
1
1
1
1
1
1
1
1
1
1
1
1
1
1
1
1
1
1
1
1
1
1
1
1
1
1
1
1
1
1
1
1
1
1
1
1
1
1
1
1
1
1
1
1
1
1
1
1
1
1
1
1
1
1
1
1
1
1
1
1
1
1
1
1
1
1
1
1
1
1
1
1
1
1
1
1
1
1
1
1
1
1
1
1
1
1
1
1
1
1
1
1
1
1
1
1
1
1
1
1
1
1
1
1
1
1
1
1
1
1
1
1
1
1
1
1
1
1
1
1
1
1
1
1
1
1
1
1
1
1
1
1
1
1
1
1
1
1
1
1
1
1
1
1
1
1
1
1
1
1
1
1
1
1
1
1
1
1
1
1
1
1
1
1
1
1
1
1
1
1
1
1
1
1
1
1
1
1
1
1
1
1
1
1
1
1
1
1
1
1
1
1
1
1
1
1
1
1
1
1
1
1
1
1
1
1
1
1
1
1
1
1
1
1
1
1
1
1
1
1
1
1
1
1
1
1
1
1
1
1
1
1
1
1
1
1
1
1
1
1
1
1
1
1
1
1
1
1
1
1
1
1
1
1
1
1
1
1
1
1
1
1
1
1
1
1
1
1
1
1
1
1
1
1
1
1
1
1
1
1
1
1
1
1
1
1
1
1
1
1
1
1
1
1
1
1
1
1
1
1
1
1
1
1
1
1
1
1
1
1
1
1
1
1
1
1
1
1
1
1
1
1
1
1
1
1
1
1
1
1
1
1
1
1
1
1
1
1
1
1
1
1
1
1
1
1
1
1
1
1
1
1
1
1
1
1
1
1
1
1
1
1
1
1
1
1
1
1
1
1
1
1
1
1
1
1
1
1
1
1
1
1
1
1
1
1
1
1
1
1
1
1
1
1
1
1
1
1
1
1
1
1
1
1
1
1
1
1
1
1
1
1
1
1
1
1
1
1
1
1
1
1
1
1
1
1
1
1
1
1
1
1
1
1
1
1
1
1
1
1
1
1
1
1
1
1
1
1
1
1
1
1
1
1
1
1
1
1
1
1
1
1
1
1
1
1
1
1
1
1
1
1
1
1
1
1
1
1
1
1
1
1
1
1
1
1
1
1
1
1
1
1
1
1
1
1
1
1
1
1
1
1
1
1
1
1
1
1
1
1
1
1
1
1
1
1
1
1
1
1
1
1
1
1
1
1
1
1
1
1
1
1
1
1
1
1
1
1
1
1
1
1
1
1
1
1
1
1
1
1
1
1
1
1
1
1
1
1
1
1
1
1
1
1
1
1
1
1
1
1
1
1
1
1
1
1
1
1
1
1
1
1
1
1
1
1
1
1
1
1
1
1
1
1
1
1
1
1
1
1
1
1
1
1
1
1
1
1
1
1
1
1
1
1
1
1
1
1
1
1
1
1
1
1
1
1
1
1
1
1
1
1
1
1
1
1
1
1
1
1
1
1
1
1
1
1
1
1
1
1
1
1
1
1
1
1
1
1
1
1
1
1
1
1
1
1
1
1
1
1
1
1
1
1
1
1
1
1
1
1
1
1
1
1
1
1
1
1
1
1
1
1
1
1
1
1
1
1
1
1
1
1
1
1
1
1
1
1
1
1
1
1
1
1
1
1
1
1
1
1
1
1
1
1
1
1
1
1
1
1
1
1
1
1
1
1
1
1
1
1
1
1
1
1
1
1
1
1
1
1
1
1
1
1
1
1
1
1
1
1
1
1
1
1
1
1
1
1
1
1
1
1
1
1
1
1
1
1
1
1
1
1
1
1
1
1
1
1
1
1
1
1
1
1
1
1
1
1
1
1
1
1
1
1
1
1
1
1
1
1
1
1
1
1
1
1
1
1
1
1
1
1
1
1
1
1
1
1
1
1
1
1
1
1
1
1
1
1
1
1
1
1
1
1
1
1
1
1
1
1
1
1
1
1
1
1
1
1
1
1
1
1
1
1
1
1
1
1
1
1
1
1
1
1
1
1
1
1
1
1
1
1
1
1
1
1
1
1
1
1
1
1
1
1
1
1
1
1
1
1
1
1
1
1
1
1
1
1
1
1
1
1
1
1
1
1
1
1
1
1
1
1
1
1
1
1
1
1
1
1
1
1
1
1
1
1
1
1
1
1
1
1
1
1
1
1
1
1
1
1
1
1
1
1
1
1
1
1
1
1
1
1
1
1
1
1
1
1
1
1
1
1
1
1
1
1
1
1
1
1
1
1
1
1
1
1
1
1
1
1
1
1
1
1
1
1
1
1
1
1
1
1
1
1
1
1
1
1
1
1
1
1
1
1
1
1
1
1
1
1
1
1
1
1
1
1
1
1
1
1
1
1
1
1
1
1
1
1
1
1
1
1
1
1
1
1
1
1
1
1
1
1
1
1
1
1
1
1
1
1
1
1
1
1
1
1
1
1
1
1
1
1
1
1
1
1
1
1
1
1
1
1
1
1
1
1
1
1
1
1
1
1
1
1
1
1
1
1
1
1
1
1
1
1
1
1
1
1
1
1
1
1
1
1
1
1
1
1
1
1
1
1
1
1
1
1
1
1
1
1
1
1
1
1
1
1
1
1
1
1
1
1
1
1
1
1
1
1
1
1
1
1
1
1
1
1
1
1
1
1
1
1
1
1
1
1
1
1
1
1
1
1
1
1
1
1
1
1
1
1
1
1
1
1
1
1
1
1
1
1
1
1
1
1
1
1
1
1
1
1
1
1
1
1
1
1
1
1
1
1
1
1
1
1
1
1
1
1
1
1
1
1
1
1
1
1
1
1
1
1
1
1
1
1
1
1
1
1
1
1
1
1
1
1
1
1
1
1
1
1
1
1
1
1
1
1
1
1
1
1
1
1
1
1
1
1
1
1
1
1
1
1
1
1
1
1
1
1
1
1
1
1
1
1
1
1
1
1
1
1
1
1
1
1
1
1
1
1
1
1
1
1
1
1
1
1
1
1
1
1
1
1
1
1
1
1
1
1
1
1
1
1
1
1
1
1
1
1
1
1
1
1
1
1
1
1
1
1
1
1
1
1
1
1
1
1
1
1
1
1
1
1
1
1
1
1
1
1
1
1
1
1
1
1
1
1
1
1
1
1
1
1
1
1
1
1
1
1
1
1
1
1
1
1
1
1
1
1
1
1
1
1
1
1
1
1
1
1
1
1
1
1
1
1
1
1
1
1
1
1
1
1
1
1
1
1
1
1
1
1
1
1
1
1
1
1
1
1
1
1
1
1
1
1
1
1
1
1
1
1
1
1
1
1
1
1
1
1
1
1
1
1
1
1
1
1
1
1
1
1
1
1
1
1
1
1
1
1
1
1
1
1
1
1
1
1
1
1
1
1
1
1
1
1
1
1
1
1
1
1
1
1
1
1
1
1
1
1
1
1
1
1
1
1
1
1
1
1
1
1
1
1
1
1
1
1
1
1
1
1
1
1
1
1
1
1
1
1
1
1
1
1
1
1
1
1
1
1
1
1
1
1
1
1
1
1
1
1
1
1
1
1
1
1
1
1
1
1
1
1
1
1
1
1
1
1
1
1
1
1
1
1
1
1
1
1
1
1
1
1
1
1
1
1
1
1
1
1
1
1
1
1
0.999999
0.999989
1
1
1
0.999996
1
1
1
1
1
1
1
1
1
1
1
1
1
1
1
1
1
1
1
1
1
1
1
1
1
1
1
1
1
1
1
0.999996
1
1
1
0.999989
0.999999
1
1
1
1
1
1
1
1
1
1
1
1
1
1
1
1
1
1
1
1
1
1
1
1
1
1
1
1
1
1
1
1
1
1
1
1
1
1
1
1
1
1
1
1
1
1
1
1
1
1
1
1
1
1
1
1
1
1
1
1
1
1
1
1
1
1
1
1
1
1
1
1
1
1
1
1
1
1
1
1
1
1
1
1
1
1
1
1
1
1
1
1
1
1
1
1
1
1
1
1
1
1
1
1
1
1
1
1
1
1
1
1
1
1
1
1
1
1
1
1
1
1
1
1
1
1
1
1
1
1
1
1
1
1
1
1
1
1
1
1
1
1
1
1
1
1
1
1
1
1
1
1
1
1
1
1
1
1
1
1
1
1
1
1
1
1
1
1
1
1
1
1
1
1
1
1
1
1
1
1
1
1
1
1
1
1
1
1
1
1
1
1
1
1
1
1
1
1
1
1
1
1
1
1
1
1
1
1
1
1
1
1
1
1
1
1
1
1
1
1
1
1
1
1
1
1
1
1
1
1
1
1
1
1
1
1
1
1
1
1
1
1
1
1
1
1
1
1
1
1
1
1
1
1
1
1
1
1
1
1
1
1
1
1
1
1
1
1
1
1
1
1
1
1
1
1
1
1
1
1
1
1
1
1
1
1
1
1
1
1
1
1
1
1
1
1
1
1
1
1
1
1
1
1
1
1
1
1
1
1
1
1
1
1
1
1
1
1
1
1
1
1
1
1
1
1
1
1
1
1
1
1
1
1
1
1
1
1
1
1
1
1
1
1
1
1
1
1
1
1
1
1
1
1
1
1
1
1
1
1
1
1
1
1
1
1
1
1
1
1
1
1
1
1
1
1
1
1
1
1
1
1
1
1
1
1
1
1
1
1
1
1
1
1
1
1
1
1
1
1
1
1
1
1
1
1
1
1
1
1
1
1
1
1
1
1
1
1
1
1
1
1
1
1
1
1
1
1
1
1
1
1
1
1
1
1
1
1
1
1
1
1
1
1
1
1
1
1
1
1
1
1
1
1
1
1
1
1
1
1
1
1
1
1
1
1
1
1
1
1
1
1
1
1
1
1
1
1
1
1
1
1
1
1
1
1
1
1
1
1
1
1
1
1
1
1
1
1
1
1
1
1
1
1
1
1
1
1
1
1
1
1
1
1
1
1
1
1
1
1
1
1
1
1
1
1
1
1
1
1
1
1
1
1
1
1
1
1
1
1
1
1
1
1
1
1
1
1
1
1
1
1
1
1
1
1
1
1
1
1
1
1
1
1
1
1
1
1
1
1
1
1
1
1
1
1
1
1
1
1
1
1
1
1
1
1
1
1
1
1
1
1
1
1
1
1
1
1
1
1
1
1
1
1
1
1
1
1
1
1
1
1
1
1
1
1
1
1
1
1
1
1
1
1
1
1
1
1
1
1
1
1
1
1
1
1
1
1
1
1
1
1
1
1
1
1
1
1
1
1
1
1
1
1
1
1
1
1
1
1
1
1
1
1
1
1
1
1
1
1
1
1
1
1
1
1
1
1
1
1
1
1
1
1
1
1
1
1
1
1
1
1
1
1
1
1
1
1
1
1
1
1
1
1
1
1
1
1
1
1
1
1
1
1
1
1
1
1
1
1
1
1
1
1
1
1
1
1
1
1
1
1
1
1
1
1
1
1
1
1
1
1
1
1
1
1
1
1
1
1
1
1
1
1
1
1
1
1
1
1
1
1
1
1
1
1
1
1
1
1
1
1
1
1
1
1
1
1
1
1
1
1
1
1
1
1
1
1
1
1
1
1
1
1
1
1
1
1
1
1
1
1
1
1
1
1
1
1
1
1
1
1
1
1
1
1
1
1
1
1
1
1
1
1
1
1
1
1
1
1
1
1
1
1
1
1
1
1
1
1
1
1
1
1
1
1
1
1
1
1
1
1
1
1
1
1
1
1
1
1
1
1
1
1
1
1
1
1
1
1
1
1
1
1
1
1
1
1
1
1
1
1
1
1
1
1
1
1
1
1
1
1
1
1
1
1
1
1
1
1
1
1
1
1
1
1
1
1
1
1
1
1
1
1
1
1
1
1
1
1
1
1
1
1
1
1
1
1
1
1
1
1
1
1
1
1
1
1
1
1
1
1
1
1
1
1
1
1
1
1
1
1
1
1
1
1
1
1
1
1
1
1
1
1
1
1
1
1
1
1
1
1
1
1
1
1
1
1
1
1
1
1
1
1
1
1
1
1
1
1
1
1
1
1
1
1
1
1
1
1
1
1
1
1
1
1
1
1
1
1
1
1
1
1
1
1
1
1
1
1
1
1
1
1
1
1
1
1
1
1
1
1
1
1
1
1
1
1
1
1
1
1
1
1
1
1
1
1
1
1
1
1
1
1
1
1
1
1
1
1
1
1
1
1
1
1
1
1
1
1
1
1
1
1
1
1
1
1
1
1
1
1
1
1
1
1
1
1
1
1
1
1
1
1
1
1
1
1
1
1
1
1
1
1
1
1
1
1
1
1
1
1
1
1
1
1
1
1
1
1
1
1
1
1
1
1
1
1
1
1
1
1
1
1
1
1
1
1
1
1
1
1
1
1
1
1
1
1
1
1
1
1
1
1
1
1
1
1
1
1
1
1
1
1
1
1
1
1
1
1
1
1
1
1
1
1
1
1
1
1
1
1
1
1
1
1
1
1
1
1
1
1
1
1
1
1
1
1
1
1
1
1
1
1
1
1
1
1
1
1
1
1
1
1
1
1
1
1
1
1
1
1
1
1
1
1
1
1
1
1
1
1
1
1
1
1
1
1
1
1
1
1
1
1
1
1
1
1
1
1
1
1
1
1
1
1
1
1
1
1
1
1
1
1
1
1
1
1
1
1
1
1
1
1
1
1
1
1
1
1
1
1
1
1
1
1
1
1
1
1
1
1
1
1
1
1
1
1
1
1
1
1
1
1
1
1
1
1
1
1
1
1
1
1
1
1
1
1
1
1
1
1
1
1
1
1
1
1
1
1
1
1
1
1
1
1
1
1
1
1
1
1
1
1
1
1
1
1
1
1
1
1
1
1
1
1
1
1
1
1
1
1
1
1
1
1
1
1
1
1
1
1
1
1
1
1
1
1
1
1
1
1
1
1
1
1
1
1
1
1
1
1
1
1
1
1
1
1
1
1
1
1
1
1
1
1
1
1
1
1
1
1
1
1
1
1
1
1
1
1
1
1
1
1
1
1
1
1
1
1
1
1
1
1
1
1
1
1
1
1
1
1
1
1
1
1
1
1
1
1
1
1
1
1
1
1
1
1
1
1
1
1
1
1
1
1
1
1
1
1
1
1
1
1
1
1
1
1
1
1
1
1
1
1
1
1
1
1
1
1
1
1
1
1
1
1
1
1
1
1
1
1
1
1
1
1
1
1
1
1
1
1
1
1
1
1
1
1
1
1
1
1
1
1
1
1
1
1
1
1
1
1
1
1
1
1
1
1
1
1
1
1
1
1
1
1
1
1
1
1
1
1
1
1
1
1
1
1
1
1
1
1
1
1
1
1
1
1
1
1
1
1
1
1
1
1
1
1
1
1
1
1
1
1
1
1
1
1
1
1
1
1
1
1
1
1
1
1
1
1
1
1
1
1
1
1
1
1
1
1
1
1
1
1
1
1
1
1
1
1
1
1
1
1
1
1
1
1
1
1
1
1
1
1
1
1
1
1
1
1
1
1
1
1
1
1
1
1
1
1
1
1
1
1
1
1
1
1
1
1
1
1
1
1
1
1
1
1
1
1
1
1
1
1
1
1
1
1
1
1
1
1
1
1
1
1
1
1
1
1
1
1
1
1
1
1
1
1
1
1
1
1
1
1
1
1
1
1
1
1
1
1
1
1
1
1
1
1
1
1
1
1
1
1
1
1
1
1
1
1
1
1
1
1
1
1
1
1
1
1
1
1
1
1
1
1
1
1
1
1
1
1
1
1
1
1
1
1
1
1
1
1
1
1
1
1
1
1
1
1
1
1
1
1
1
1
1
1
1
1
1
1
1
1
1
1
1
1
1
1
1
1
1
1
1
1
1
1
1
1
1
1
1
1
1
1
1
1
1
1
1
1
1
1
1
1
1
1
1
1
1
1
1
1
1
1
1
1
1
1
1
1
1
1
1
1
1
1
1
1
1
1
1
1
1
1
1
1
1
1
1
1
1
1
1
1
1
1
1
1
1
1
1
1
1
1
1
1
1
1
1
1
1
1
1
1
1
1
1
1
1
1
1
1
1
1
1
1
1
1
1
1
1
1
1
1
1
1
1
1
1
1
1
1
1
1
1
1
1
1
1
1
1
1
1
1
1
1
1
1
1
1
1
1
1
1
1
1
1
1
1
1
1
1
1
1
1
1
1
1
1
1
1
1
1
1
1
1
1
1
1
1
1
1
1
1
1
1
1
1
1
1
1
1
1
1
1
1
1
1
1
1
1
1
1
1
1
1
1
1
1
1
1
1
1
1
1
1
1
1
1
1
1
1
1
1
1
1
1
1
1
1
1
1
1
1
1
1
1
1
1
1
1
1
1
1
1
1
1
1
1
1
1
1
1
1
1
1
1
1
1
1
1
1
1
1
1
1
1
1
1
1
1
1
1
1
1
1
1
1
1
1
1
1
1
1
1
1
1
1
1
1
1
1
1
1
1
1
1
1
1
1
1
1
1
1
1
1
1
1
1
1
1
1
1
1
1
1
1
1
1
1
1
1
1
1
1
1
1
1
1
1
1
1
1
1
1
1
1
1
1
1
1
1
1
1
1
1
1
1
1
1
1
1
1
1
1
1
1
1
1
1
1
1
1
1
1
1
1
1
1
1
1
1
1
1
1
1
1
1
1
1
1
1
1
1
1
1
1
1
1
1
1
1
1
1
1
1
1
1
1
1
1
1
1
1
1
1
1
1
1
1
1
1
1
1
1
1
1
1
1
1
1
1
1
1
1
1
1
1
1
1
1
1
1
1
1
1
1
1
1
1
1
1
1
1
1
1
1
1
1
1
1
1
1
1
1
1
1
1
1
1
1
1
1
1
1
1
1
1
1
1
1
1
1
1
1
1
1
1
1
1
1
1
1
1
1
1
1
1
1
1
1
1
1
1
1
1
1
1
1
1
1
1
1
1
1
1
1
1
1
1
1
1
1
1
1
1
1
1
1
1
1
1
1
1
1
1
1
1
1
1
1
1
1
1
1
1
1
1
1
1
1
1
1
1
1
1
1
1
1
1
1
1
1
1
1
1
1
1
1
1
1
1
1
1
1
1
1
1
1
1
1
1
1
1
1
1
1
1
1
1
1
1
1
1
1
1
1
1
1
1
1
1
1
1
1
1
1
1
1
1
1
1
1
1
1
1
1
1
1
1
1
1
1
1
1
1
1
1
1
1
1
1
1
1
1
1
1
1
1
1
1
1
1
1
1
1
1
1
1
1
1
1
1
1
1
1
1
1
1
1
1
1
1
1
1
1
1
1
1
1
1
1
1
1
1
1
1
1
1
1
1
1
1
1
1
1
1
1
1
1
1
1
1
1
1
1
1
1
1
1
1
1
1
1
1
1
1
1
1
1
1
1
1
1
1
1
1
1
1
1
1
1
1
1
1
1
1
1
1
1
1
1
1
1
1
1
1
1
1
1
1
1
1
1
1
1
1
1
1
1
1
1
1
1
1
1
1
1
1
1
1
1
1
1
1
1
1
1
1
1
1
1
1
1
1
1
1
1
1
1
1
1
1
1
1
1
1
1
1
1
1
1
1
1
1
1
1
1
1
1
1
1
1
1
1
1
1
1
1
1
1
1
1
1
1
1
1
1
1
1
1
1
1
1
1
1
1
1
1
1
1
1
1
1
1
1
1
1
1
1
1
1
1
1
1
1
1
1
1
1
1
1
1
1
1
1
1
1
1
1
1
1
1
1
1
1
1
1
1
1
1
1
1
1
1
1
1
1
1
1
1
1
1
1
1
1
1
1
1
1
1
1
1
1
1
1
1
1
1
1
1
1
1
1
1
1
1
1
1
1
1
1
1
1
1
1
1
1
1
1
1
1
1
1
1
1
1
1
1
1
1
1
1
1
1
1
1
1
1
1
1
1
1
1
1
1
1
1
1
1
1
1
1
1
1
1
1
1
1
1
1
1
1
1
1
1
1
1
1
1
1
1
1
1
1
1
1
1
1
1
1
1
1
1
1
1
1
1
1
1
1
1
1
1
1
1
1
1
1
1
1
1
1
1
1
1
1
1
1
1
1
1
1
1
1
1
1
1
1
1
1
1
1
1
1
1
1
1
1
1
1
1
1
1
1
1
1
1
1
1
1
1
1
1
1
1
1
1
1
1
1
1
1
1
1
1
1
1
1
1
1
1
1
1
1
1
1
1
1
1
1
1
1
1
1
1
1
1
1
1
1
1
1
1
1
1
1
1
1
1
1
1
1
1
1
1
1
1
1
1
1
1
1
1
1
1
1
1
1
1
1
1
1
1
1
1
1
1
1
1
1
1
1
1
1
1
1
1
1
1
1
1
1
1
1
1
1
1
1
1
1
1
1
1
1
1
1
1
1
1
1
1
1
1
1
1
1
1
1
1
1
1
1
1
1
1
1
1
1
1
1
1
1
1
1
1
1
1
1
1
1
1
1
1
1
1
1
1
1
1
1
1
1
1
1
1
1
1
1
1
1
1
1
1
1
1
1
1
1
1
1
1
1
1
1
1
1
1
1
1
1
1
1
1
1
1
1
1
1
1
1
1
1
1
1
1
1
1
1
1
1
1
1
1
1
1
1
1
1
1
1
1
1
1
1
1
1
1
1
1
1
1
1
1
1
1
1
1
1
1
1
1
1
1
1
1
1
1
1
1
1
1
1
1
1
1
1
1
1
1
1
1
1
1
1
1
1
1
1
1
1
1
1
1
1
1
1
1
1
1
1
1
1
1
1
1
1
1
1
1
1
1
1
1
1
1
1
1
1
1
1
1
1
1
1
1
1
1
1
1
1
1
1
1
1
1
1
1
1
1
1
1
1
1
1
1
1
1
1
1
1
1
1
1
1
1
1
1
1
1
1
1
1
1
1
1
1
1
1
1
1
1
1
1
1
1
1
1
1
1
1
1
1
1
1
1
1
1
1
1
1
1
1
1
1
1
1
1
1
1
1
1
1
1
1
1
1
1
1
1
1
1
1
1
1
1
1
1
1
1
1
1
1
1
1
1
1
1
1
1
1
1
1
1
1
1
1
1
1
1
1
1
1
1
1
1
1
1
1
1
1
1
1
1
1
1
1
1
1
1
1
1
1
1
1
1
1
1
1
1
1
1
1
1
1
1
1
1
1
1
1
1
1
1
1
1
1
1
1
1
1
1
1
1
1
1
1
1
1
1
1
1
1
1
1
1
1
1
1
1
1
1
1
1
1
1
1
1
1
1
1
1
1
1
1
1
1
1
1
1
1
1
1
1
1
1
1
1
1
1
1
1
1
1
1
1
1
1
1
1
1
1
1
1
1
1
1
1
1
1
1
1
1
1
1
1
1
1
1
1
1
1
1
1
1
1
1
1
1
1
1
1
1
1
1
1
1
1
1
1
1
1
1
1
1
1
1
1
1
1
1
1
1
1
1
1
1
1
1
1
1
1
1
1
1
1
1
1
1
1
1
1
1
1
1
1
1
1
1
1
1
1
1
1
1
1
1
1
1
1
1
1
1
1
1
1
1
1
1
1
1
1
1
1
1
1
1
1
1
1
1
1
1
1
1
1
1
1
1
1
1
1
1
1
1
1
1
1
1
1
1
1
1
1
1
1
1
1
1
1
1
1
1
1
1
1
1
1
1
1
1
1
1
1
1
1
1
1
1
1
1
1
1
1
1
1
1
1
1
1
1
1
1
1
1
1
1
1
1
1
1
1
1
1
1
1
1
1
1
1
1
1
1
1
1
1
1
1
1
1
1
1
1
1
1
1
1
1
1
1
1
1
1
1
1
1
1
1
1
1
1
1
1
1
1
1
1
1
1
1
1
1
1
1
1
1
1
1
1
1
1
1
1
1
1
1
1
1
1
1
1
1
1
1
1
1
1
1
1
1
1
1
1
1
1
1
1
1
1
1
1
1
1
1
1
1
1
1
1
1
1
1
1
1
1
1
1
1
1
1
1
1
1
1
1
1
1
1
1
1
1
1
1
1
1
1
1
1
1
1
1
1
1
1
1
1
1
1
1
1
1
1
1
1
1
1
1
1
1
1
1
1
1
1
1
1
1
1
1
1
1
1
1
1
1
1
1
1
1
1
1
1
1
1
1
1
1
1
1
1
1
1
1
1
1
1
1
1
1
1
1
1
1
1
1
1
1
1
1
1
1
1
1
1
1
1
1
1
1
1
1
1
1
1
1
1
1
1
1
1
1
1
1
1
1
1
1
1
1
1
1
1
1
1
1
1
1
1
1
1
1
1
1
1
1
1
1
1
1
1
1
1
1
1
1
1
1
1
1
1
1
1
1
1
1
1
1
1
1
1
1
1
1
1
1
1
1
1
1
1
1
1
1
1
1
1
1
1
1
1
1
1
1
1
1
1
1
1
1
1
1
1
1
1
1
1
1
1
1
1
1
1
1
1
1
1
1
1
1
1
1
1
1
1
1
1
1
1
1
1
1
1
1
1
1
1
1
1
1
1
1
1
1
1
1
1
1
1
1
1
1
1
1
1
1
1
1
1
1
1
1
1
1
1
1
1
1
1
1
1
1
1
1
1
1
1
1
1
1
1
1
1
1
1
1
1
1
1
1
1
1
1
1
1
1
1
1
1
1
1
1
1
1
1
1
1
1
1
1
1
1
1
1
1
1
1
1
1
1
1
1
1
1
1
1
1
1
1
1
1
1
1
1
1
1
1
1
1
1
1
1
1
1
1
1
1
1
1
1
1
1
1
1
1
1
1
1
1
1
1
1
1
1
1
1
1
1
1
1
1
1
1
1
1
1
1
1
1
1
1
1
1
1
1
1
1
1
1
1
1
1
1
1
1
1
1
1
1
1
1
1
1
1
1
1
1
1
1
1
1
1
1
1
1
1
1
1
1
1
1
1
1
1
1
1
1
1
1
1
1
1
1
1
1
1
1
1
1
1
1
1
1
1
1
1
1
1
1
1
1
1
1
1
1
1
1
1
1
1
1
1
1
1
1
1
1
1
1
1
1
1
1
1
1
1
1
1
1
1
1
1
1
1
1
1
1
1
1
1
1
1
1
1
1
1
1
1
1
1
1
1
1
1
1
1
1
1
1
1
1
1
1
1
1
1
1
1
1
1
1
1
1
1
1
1
1
1
1
1
1
1
1
1
1
1
1
1
1
1
1
1
1
1
1
1
1
1
1
1
1
1
1
1
1
1
1
1
1
1
1
1
1
1
1
1
1
1
1
1
1
1
1
1
1
1
1
1
1
1
1
1
1
1
1
1
1
1
1
1
1
1
1
1
1
1
1
1
1
1
1
1
1
1
1
1
1
1
1
1
1
1
1
1
1
1
1
1
1
1
1
1
1
1
1
1
1
1
1
1
1
1
1
1
1
1
1
1
1
1
1
1
1
1
1
1
1
1
1
1
1
1
1
1
1
1
1
1
1
1
1
1
1
1
1
1
1
1
1
1
1
1
1
1
1
1
1
1
1
1
1
1
1
1
1
1
1
1
1
1
1
1
1
1
1
1
1
1
1
1
1
1
1
1
1
1
1
1
1
1
1
1
1
1
1
1
1
1
1
1
1
1
1
1
1
1
1
1
1
1
1
1
1
1
1
1
1
1
1
1
1
1
1
1
1
1
1
1
1
1
1
1
1
1
1
1
1
1
1
1
1
1
1
1
1
1
1
1
1
1
1
1
1
1
1
1
1
1
1
1
1
1
1
1
1
1
1
1
1
1
1
1
1
1
1
1
1
1
1
1
1
1
1
1
1
1
1
1
1
1
1
1
1
1
1
1
1
1
1
1
1
1
1
1
1
1
1
1
1
1
1
1
1
1
1
1
1
1
1
1
1
1
1
1
1
1
1
1
1
1
1
1
1
1
1
1
1
1
1
1
1
1
1
1
1
1
1
1
1
1
1
1
1
1
1
1
1
1
1
1
1
1
1
1
1
1
1
1
1
1
1
1
1
1
1
1
1
1
1
1
1
1
1
1
1
1
1
1
1
1
1
1
1
1
1
1
1
1
1
1
1
1
1
1
1
1
1
1
1
1
1
1
1
1
1
1
1
1
1
1
1
1
1
1
1
1
1
1
1
1
1
1
1
1
1
1
1
1
1
1
1
1
1
1
1
1
1
1
1
1
1
1
1
1
1
1
1
1
1
1
1
1
1
1
1
1
1
1
1
1
1
1
1
1
1
1
1
1
1
1
1
1
1
1
1
1
1
1
1
1
1
1
1
1
1
1
1
1
1
1
1
1
1
1
1
1
1
1
1
1
1
1
1
1
1
1
1
1
1
1
1
1
1
1
1
1
1
1
1
1
1
1
1
1
1
1
1
1
1
1
1
1
1
1
1
1
1
1
1
1
1
1
1
1
1
1
1
1
1
1
1
1
1
1
1
1
1
1
1
1
1
1
1
1
1
1
1
1
1
1
1
1
1
1
1
1
1
1
1
1
1
1
1
1
1
1
1
1
1
1
1
1
1
1
1
1
1
1
1
1
1
1
1
1
1
1
1
1
1
1
1
1
1
1
1
1
1
1
1
1
1
1
1
1
1
1
1
1
1
1
1
1
1
1
1
1
1
1
1
1
1
1
1
1
1
1
1
1
1
1
1
1
1
1
1
1
1
1
1
1
1
1
1
1
1
1
1
1
1
1
1
1
1
1
1
1
1
1
1
1
1
1
1
1
1
1
1
1
1
1
1
1
1
1
1
1
1
1
1
1
1
1
1
1
1
1
1
1
1
1
1
1
1
1
1
1
1
1
1
1
1
1
1
1
1
1
1
1
1
1
1
1
1
1
1
1
1
1
1
1
1
1
1
1
1
1
1
1
1
1
1
1
1
1
1
1
1
1
1
1
1
1
1
1
1
1
1
1
1
1
1
1
1
1
1
1
1
1
1
1
1
1
1
1
1
1
1
1
1
1
1
1
1
1
1
1
1
1
1
1
1
1
1
1
1
1
1
1
1
1
1
1
1
1
1
1
1
1
1
1
1
1
1
1
1
1
1
1
1
1
1
1
1
1
1
1
1
1
1
1
1
1
1
1
1
1
1
1
1
1
1
1
1
1
1
1
1
1
1
1
1
1
1
1
1
1
1
1
1
1
1
1
1
1
1
1
1
1
1
1
1
1
1
1
1
1
1
1
1
1
1
1
1
1
1
1
1
1
1
1
1
1
1
1
1
1
1
1
1
1
1
1
1
1
1
1
1
1
1
1
1
1
1
1
1
1
1
1
1
1
1
1
1
1
1
1
1
1
1
1
1
1
1
1
1
1
1
1
1
1
1
1
1
1
1
1
1
1
1
1
1
1
1
1
1
1
1
1
1
1
1
1
1
1
1
1
1
1
1
1
1
1
1
1
1
1
1
1
1
1
1
1
1
1
1
1
1
1
1
1
1
1
1
1
1
1
1
1
1
1
1
1
1
1
1
1
1
1
1
1
1
1
1
1
1
1
1
1
1
1
1
1
1
1
1
1
1
1
1
1
1
1
1
1
1
1
1
1
1
1
1
1
1
1
1
1
1
1
1
1
1
1
1
1
1
1
1
1
1
1
1
1
1
1
1
1
1
1
1
1
1
1
1
1
1
1
1
1
1
1
1
1
1
1
1
1
1
1
1
1
1
1
1
1
1
1
1
1
1
1
1
1
1
1
1
1
1
1
1
1
1
1
1
1
1
1
1
1
1
1
1
1
1
1
1
1
1
1
1
1
1
1
1
1
1
1
1
1
1
1
1
1
1
1
1
1
1
1
1
1
1
1
1
1
1
1
1
1
1
1
1
1
1
1
1
1
1
1
1
1
1
1
1
1
1
1
1
1
1
1
1
1
1
1
1
1
1
1
1
1
1
1
1
1
1
1
1
1
1
1
1
1
1
1
1
1
1
1
1
1
1
1
1
1
1
1
1
1
1
1
1
1
1
1
1
1
1
1
1
1
1
1
1
1
1
1
1
1
1
1
1
1
1
1
1
1
1
1
1
1
1
1
1
1
1
1
1
1
1
1
1
1
1
1
1
1
1
1
1
1
1
1
1
1
1
1
1
1
1
1
1
1
1
1
1
1
1
1
1
1
1
1
1
1
1
1
1
1
1
1
1
1
1
1
1
1
1
1
1
1
1
1
1
1
1
1
1
1
1
1
1
1
1
1
1
1
1
1
1
1
1
1
1
1
1
1
1
1
1
1
1
1
1
1
1
1
1
1
1
1
1
1
1
1
1
1
1
1
1
1
1
1
1
1
1
1
1
1
1
1
1
1
1
1
1
1
1
1
1
1
1
1
1
1
1
1
1
1
1
1
1
1
1
1
1
1
1
1
1
1
1
1
1
1
1
1
1
1
1
1
1
1
1
1
1
1
1
1
1
1
1
1
1
1
1
1
1
1
1
1
1
1
1
1
1
1
1
1
1
1
1
1
1
1
1
1
1
1
1
1
1
1
1
1
1
1
1
1
1
1
1
1
1
1
1
1
1
1
1
1
1
1
1
1
1
1
1
1
1
1
1
1
1
1
1
1
1
1
1
1
1
1
1
1
1
1
1
1
1
1
1
1
1
1
1
1
1
1
1
1
1
1
1
1
1
1
1
1
1
1
1
1
1
1
1
1
1
1
1
1
1
1
1
1
1
1
1
1
1
1
1
1
1
1
1
1
1
1
1
1
1
1
1
1
1
1
1
1
1
1
1
1
1
1
1
1
1
1
1
1
1
1
1
1
1
1
1
1
1
1
1
1
1
1
1
1
1
1
1
1
1
1
1
1
1
1
1
1
1
1
1
1
1
1
1
1
1
1
1
1
1
1
1
1
1
1
1
1
1
1
1
1
1
1
1
1
1
1
1
1
1
1
1
1
1
1
1
1
1
1
1
1
1
1
1
1
1
1
1
1
1
1
1
1
1
1
1
1
1
1
1
1
1
1
1
1
1
1
1
1
1
1
1
1
1
1
1
1
1
1
1
1
1
1
1
1
1
1
1
1
1
1
1
1
1
1
1
1
1
1
1
1
1
1
1
1
1
1
1
1
1
1
1
1
1
1
1
1
1
1
1
1
1
1
1
1
1
1
1
1
1
1
1
1
1
1
1
1
1
1
1
1
1
1
1
1
1
1
1
1
1
1
1
1
1
1
1
1
1
1
1
1
1
1
1
1
1
1
1
1
1
1
1
1
1
1
1
1
1
1
1
1
1
1
1
1
1
1
1
1
1
1
1
1
1
1
1
1
1
1
1
1
1
1
1
1
1
1
1
1
1
1
1
1
1
1
1
1
1
1
1
1
1
1
1
1
1
1
1
1
1
1
1
1
1
1
1
1
1
1
1
1
1
1
1
1
1
1
1
1
1
1
1
1
1
1
1
1
1
1
1
1
1
1
1
1
1
1
1
1
1
1
1
1
1
1
1
1
1
1
1
1
1
1
1
1
1
1
1
1
1
1
1
1
1
1
1
1
1
1
1
1
1
1
1
1
1
1
1
1
1
1
1
1
1
1
1
1
1
1
1
1
1
1
1
1
1
1
1
1
1
1
1
1
1
1
1
1
1
1
1
1
1
1
1
1
1
1
1
1
1
1
1
1
1
1
1
1
1
1
1
1
1
1
1
1
1
1
1
1
1
1
1
1
1
1
1
1
1
1
1
1
1
1
1
1
1
1
1
1
1
1
1
1
1
1
1
1
1
1
1
1
1
1
1
1
1
1
1
1
1
1
1
1
1
1
1
1
1
1
1
1
1
1
1
1
1
1
1
1
1
1
1
1
1
1
1
1
1
1
1
1
1
1
1
1
1
1
1
1
1
1
1
1
1
1
1
1
1
1
1
1
1
1
1
1
1
1
1
1
1
1
1
1
1
1
1
1
1
1
1
1
1
1
1
1
1
1
1
1
1
1
1
1
1
1
1
1
1
1
1
1
1
1
1
1
1
1
1
1
1
1
1
1
1
1
1
1
1
1
1
1
1
1
1
1
1
1
1
1
1
1
1
1
1
1
1
1
1
1
1
1
1
1
1
1
1
1
1
1
1
1
1
1
1
1
1
1
1
1
1
1
1
1
1
1
1
1
1
1
1
1
1
1
1
1
1
1
1
1
1
1
1
1
1
1
1
1
1
1
1
1
1
1
1
1
1
1
1
1
1
1
1
1
1
1
1
1
1
1
1
1
1
1
1
1
1
1
1
1
1
1
1
1
1
1
1
1
1
1
1
1
1
1
1
1
1
1
1
1
1
1
1
1
1
1
1
1
1
1
1
1
1
1
1
1
1
1
1
1
1
1
1
1
1
1
1
1
1
1
1
1
1
1
1
1
1
1
1
1
1
1
1
1
1
1
1
1
1
1
1
1
1
1
1
1
1
1
1
1
1
1
1
1
1
1
1
1
1
1
1
1
1
1
1
1
1
1
1
1
1
1
1
1
1
1
1
1
1
1
1
1
1
1
1
1
1
1
1
1
1
1
1
1
1
1
1
1
1
1
1
1
1
1
1
1
1
1
1
1
1
1
1
1
1
1
1
1
1
1
1
1
1
1
1
1
1
1
1
1
1
1
1
1
1
1
1
1
1
1
1
1
1
1
1
1
1
1
1
1
1
1
1
1
1
1
1
1
1
1
1
1
1
1
1
1
1
1
1
1
1
1
1
1
1
1
1
1
1
1
1
1
1
1
1
1
1
1
1
1
1
1
1
1
1
1
1
1
1
1
1
1
1
1
1
1
1
1
1
1
1
1
1
1
1
1
1
1
1
1
1
1
1
1
1
1
1
1
1
1
1
1
1
1
1
1
1
1
1
1
1
1
1
1
1
1
1
1
1
1
1
1
1
1
1
1
1
1
1
1
1
1
1
1
1
1
1
1
1
1
1
1
1
1
1
1
1
1
1
1
1
1
1
1
1
1
1
1
1
1
1
1
1
1
1
1
1
1
1
1
1
1
1
1
1
1
1
1
1
1
1
1
1
1
1
1
1
1
1
1
1
1
1
1
1
1
1
1
1
1
1
1
1
1
1
1
1
1
1
1
1
1
1
1
1
1
1
1
1
1
1
1
1
1
1
1
1
1
1
1
1
1
1
1
1
1
1
1
1
1
1
1
1
1
1
1
1
1
1
1
1
1
1
1
1
1
1
1
1
1
1
1
1
1
1
1
1
1
1
1
1
1
1
1
1
1
1
1
1
1
1
1
1
1
1
1
1
1
1
1
1
1
1
1
1
1
1
1
1
1
1
1
1
1
1
1
1
1
1
1
1
1
1
1
1
1
1
1
1
1
1
1
1
1
1
1
1
1
1
1
1
1
1
1
1
1
1
1
1
1
1
1
1
1
1
1
1
1
1
1
1
1
1
1
1
1
1
1
1
1
1
1
1
1
1
1
1
1
1
1
1
1
1
1
1
1
1
1
1
1
1
1
1
1
1
1
1
1
1
1
1
1
1
1
1
1
1
1
1
1
1
1
1
1
1
1
1
1
1
1
1
1
1
1
1
1
1
1
1
1
1
1
1
1
1
1
1
1
1
1
1
1
1
1
1
1
1
1
1
1
1
1
1
1
1
1
1
1
1
1
1
1
1
1
1
1
1
1
1
1
1
1
1
1
1
1
1
1
1
1
1
1
1
1
1
1
1
1
1
1
1
1
1
1
1
1
1
1
1
1
1
1
1
1
1
1
1
1
1
1
1
1
1
1
1
1
1
1
1
1
1
1
1
1
1
1
1
1
1
1
1
1
1
1
1
1
1
1
1
1
1
1
1
1
1
1
1
1
1
1
1
1
1
1
1
1
1
1
1
1
1
1
1
1
1
1
1
1
1
1
1
1
1
1
1
1
1
1
1
1
1
1
1
1
1
1
1
1
1
1
1
1
1
1
1
1
1
1
1
1
1
1
1
1
1
1
1
1
1
1
1
1
1
1
1
1
1
1
1
1
1
1
1
1
1
1
1
1
1
1
1
1
1
1
1
1
1
1
1
1
1
1
1
1
1
1
1
1
1
1
1
1
1
1
1
1
1
1
1
1
1
1
1
1
1
1
1
1
1
1
1
1
1
1
1
1
1
1
1
1
1
1
1
1
1
1
1
1
1
1
1
1
1
1
1
1
1
1
1
1
1
1
1
1
1
1
1
1
1
1
1
1
1
1
1
1
1
1
1
1
1
1
1
1
1
1
1
1
1
1
1
1
1
1
1
1
1
1
1
1
1
1
1
1
1
1
1
1
1
1
1
1
1
1
1
1
1
1
1
1
1
1
1
1
1
1
1
1
1
1
1
1
1
1
1
1
1
1
1
1
1
1
1
1
1
1
1
1
1
1
1
1
1
1
1
1
1
1
1
1
1
1
1
1
1
1
1
1
1
1
1
1
1
1
1
1
1
1
1
1
1
1
1
1
1
1
1
1
1
1
1
1
1
1
1
1
1
1
1
1
1
1
1
1
1
1
1
1
1
1
1
1
1
1
1
1
1
1
1
1
1
1
1
1
1
1
1
1
1
1
1
1
1
1
1
1
1
1
1
1
1
1
1
1
1
1
1
1
1
1
1
1
1
1
1
1
1
1
1
1
1
1
1
1
1
1
1
1
1
1
1
1
1
1
1
1
1
1
1
1
1
1
1
1
1
1
1
1
1
1
1
1
1
1
1
1
1
1
1
1
1
1
1
1
1
1
1
1
1
1
1
1
1
1
1
1
1
1
1
1
1
1
1
1
1
1
1
1
1
1
1
1
1
1
1
1
1
1
1
1
1
1
1
1
1
1
1
1
1
1
1
1
1
1
1
1
1
1
1
1
1
1
1
1
1
1
1
1
1
1
1
1
1
1
1
1
1
1
1
1
1
1
1
1
1
1
1
1
1
1
1
1
1
1
1
1
1
1
1
1
1
1
1
1
1
1
1
1
1
1
1
1
1
1
1
1
1
1
1
1
1
1
1
1
1
1
1
1
1
1
1
1
1
1
1
1
1
1
1
1
1
1
1
1
1
1
1
1
1
1
1
1
1
1
1
1
1
1
1
1
1
1
1
1
1
1
1
1
1
1
1
1
1
1
1
1
1
1
1
1
1
1
1
1
1
1
1
1
1
1
1
1
1
1
1
1
1
1
1
1
1
1
1
1
1
1
1
1
1
1
1
1
1
1
1
1
1
1
1
1
1
1
1
1
1
1
1
1
1
1
1
1
1
1
1
1
1
1
1
1
1
1
1
1
1
1
1
1
1
1
1
1
1
1
1
1
1
1
1
1
1
1
1
1
1
1
1
1
1
1
1
1
1
1
1
1
1
1
1
1
1
1
1
1
1
1
1
1
1
1
1
1
1
1
1
1
1
1
1
1
1
1
1
1
1
1
1
1
1
1
1
1
1
1
1
1
1
1
1
1
1
1
1
1
1
1
1
1
1
1
1
1
1
1
1
1
1
1
1
1
1
1
1
1
1
1
1
1
1
1
1
1
1
1
1
1
1
1
1
1
1
1
1
1
1
1
1
1
1
1
1
1
1
1
1
1
1
1
1
1
1
1
1
1
1
1
1
1
1
1
1
1
1
1
1
1
1
1
1
1
1
1
1
1
1
1
1
1
1
1
1
1
1
1
1
1
1
1
1
1
1
1
1
1
1
1
1
1
1
1
1
1
1
1
1
1
1
1
1
1
1
1
1
1
1
1
1
1
1
1
1
1
1
1
1
1
1
1
1
1
1
1
1
1
1
1
1
1
1
1
1
1
1
1
1
1
1
1
1
1
1
1
1
1
1
1
1
1
1
1
1
1
1
1
1
1
1
1
1
1
1
1
1
1
1
1
1
1
1
1
1
1
1
1
1
1
1
1
1
1
1
1
1
1
1
1
1
1
1
1
1
1
1
1
1
1
1
1
1
1
1
1
1
1
1
1
1
1
1
1
1
1
1
1
1
1
1
1
1
1
1
1
1
1
1
1
1
1
1
1
1
1
1
1
1
1
1
1
1
1
1
1
1
1
1
1
1
1
1
1
1
1
1
1
1
1
1
1
1
1
1
1
1
1
1
1
1
1
1
1
1
1
1
1
1
1
1
1
1
1
1
1
1
1
1
1
1
1
1
1
1
1
1
1
1
1
1
1
1
1
1
1
1
1
1
1
1
1
1
1
1
1
1
1
1
1
1
1
1
1
1
1
1
1
1
1
1
1
1
1
1
1
1
1
1
1
1
1
1
1
1
1
1
1
1
1
1
1
1
1
1
1
1
1
1
1
1
1
1
1
1
1
1
1
1
1
1
1
1
1
1
1
1
1
1
1
1
1
1
1
1
1
1
1
1
1
1
1
1
1
1
1
1
1
1
1
1
1
1
1
1
1
1
1
1
1
1
1
1
1
1
1
1
1
1
1
1
1
1
1
1
1
1
1
1
1
1
1
1
1
1
1
1
1
1
1
1
1
1
1
1
1
1
1
1
1
1
1
1
1
1
1
1
1
1
1
1
1
1
1
1
1
1
1
1
1
1
1
1
1
1
1
1
1
1
1
1
1
1
1
1
1
1
1
1
1
1
1
1
1
1
1
1
1
1
1
1
1
1
1
1
1
1
1
1
1
1
1
1
1
1
1
1
1
1
1
1
1
1
1
1
1
1
1
1
1
1
1
1
1
1
1
1
1
1
1
1
1
1
1
1
1
1
1
1
1
1
1
1
1
1
1
1
1
1
1
1
1
1
1
1
1
1
1
1
1
1
1
1
1
1
1
1
1
1
1
1
1
1
1
1
1
1
1
1
1
1
1
1
1
1
1
1
1
1
1
1
1
1
1
1
1
1
1
1
1
1
1
1
1
1
1
1
1
1
1
1
1
1
1
1
1
1
1
1
1
1
1
1
1
1
1
1
1
1
1
1
1
1
1
1
1
1
1
1
1
1
1
1
1
1
1
1
1
1
1
1
1
1
1
1
1
1
1
1
1
1
1
1
1
1
1
1
1
1
1
1
1
1
1
1
1
1
1
1
1
1
1
1
1
1
1
1
1
1
1
1
1
1
1
1
1
1
1
1
1
1
1
1
1
1
1
1
1
1
1
1
1
1
1
1
1
1
1
1
1
1
1
1
1
1
1
1
1
1
1
1
1
1
1
1
1
1
1
1
1
1
1
1
1
1
1
1
1
1
1
1
1
1
1
1
1
1
1
1
1
1
1
1
1
1
1
1
1
1
1
1
1
1
1
1
1
1
1
1
1
1
1
1
1
1
1
1
1
1
1
1
1
1
1
1
1
1
1
1
1
1
1
1
1
1
1
1
1
1
1
1
1
1
1
1
1
1
1
1
1
1
1
1
1
1
1
1
1
1
1
1
1
1
1
1
1
1
1
1
1
1
1
1
1
1
1
1
1
1
1
1
1
1
1
1
1
1
1
1
1
1
1
1
1
1
1
1
1
1
1
1
1
1
1
1
1
1
1
1
1
1
1
1
1
1
1
1
1
1
1
1
1
1
1
1
1
1
1
1
1
1
1
1
1
1
1
1
1
1
1
1
1
1
1
1
1
1
1
1
1
1
1
1
1
1
1
1
1
1
1
1
1
1
1
1
1
1
1
1
1
1
1
1
1
1
1
1
1
1
1
1
1
1
1
1
1
1
1
1
1
1
1
1
1
1
1
1
1
1
1
1
1
1
1
1
1
1
1
1
1
1
1
1
1
1
1
1
1
1
1
1
1
1
1
1
1
1
1
1
1
1
1
1
1
1
1
1
1
1
1
1
1
1
1
1
1
1
1
1
1
1
1
1
1
1
1
1
1
1
1
1
1
1
1
1
1
1
1
1
1
1
1
1
1
1
1
1
1
1
1
1
1
1
1
1
1
1
1
1
1
1
1
1
1
1
1
1
1
1
1
1
1
1
1
1
1
1
1
1
1
1
1
1
1
1
1
1
1
1
1
1
1
1
1
1
1
1
1
1
1
1
1
1
1
1
1
1
1
1
1
1
1
1
1
1
1
1
1
1
1
1
1
1
1
1
1
1
1
1
1
1
1
1
1
1
1
1
1
1
1
1
1
1
1
1
1
1
1
1
1
1
1
1
1
1
1
1
1
1
1
1
1
1
1
1
1
1
1
1
1
1
1
1
1
1
1
1
1
1
1
1
1
1
1
1
1
1
1
1
1
1
1
1
1
1
1
1
1
1
1
1
1
1
1
1
1
1
1
1
1
1
1
1
1
1
1
1
1
1
1
1
1
1
1
1
1
1
1
1
1
1
1
1
1
1
1
1
1
1
1
1
1
1
1
1
1
1
1
1
1
1
1
1
1
1
1
1
1
1
1
1
1
1
1
1
1
1
1
1
1
1
1
1
1
1
1
1
1
1
1
1
1
1
1
1
1
1
1
1
1
1
1
1
1
1
1
1
1
1
1
1
1
1
1
1
1
1
1
1
1
1
1
1
1
1
1
1
1
1
1
1
1
1
1
1
1
1
1
1
1
1
1
1
1
1
1
1
1
1
1
1
1
1
1
1
1
1
1
1
1
1
1
1
1
1
1
1
1
1
1
1
1
1
1
1
1
1
1
1
1
1
1
1
1
1
1
1
1
1
1
1
1
1
1
1
1
1
1
1
1
1
1
1
1
1
1
1
1
1
1
1
1
1
1
1
1
1
1
1
1
1
1
1
1
1
1
1
1
1
1
1
1
1
1
1
1
1
1
1
1
1
1
1
1
1
1
1
1
1
1
1
1
1
1
1
1
1
1
1
1
1
1
1
1
1
1
1
1
1
1
1
1
1
1
1
1
1
1
1
1
1
1
1
1
1
1
1
1
1
1
1
1
1
1
1
1
1
1
1
1
1
1
1
1
1
1
1
1
1
1
1
1
1
1
1
1
1
1
1
1
1
1
1
1
1
1
1
1
1
1
1
1
1
1
1
1
1
1
1
1
1
1
1
1
1
1
1
1
1
1
1
1
1
1
1
1
1
1
1
1
1
1
1
1
1
1
1
1
1
1
1
1
1
1
1
1
1
1
1
1
1
1
1
1
1
1
1
1
1
1
1
1
1
1
1
1
1
1
1
1
1
1
1
1
1
1
1
1
1
1
1
1
1
1
1
1
1
1
1
1
1
1
1
1
1
1
1
1
1
1
1
1
1
1
1
1
1
1
1
1
1
1
1
1
1
1
1
1
1
1
1
1
1
1
1
1
1
1
1
1
1
1
1
1
1
1
1
1
1
1
1
1
1
1
1
1
1
1
1
1
1
1
1
1
1
1
1
1
1
1
1
1
1
1
1
1
1
1
1
1
1
1
1
1
1
1
1
1
1
1
1
1
1
1
1
1
1
1
1
1
1
1
1
1
1
1
1
1
1
1
1
1
1
1
1
1
1
1
1
1
1
1
1
1
1
1
1
1
1
1
1
1
1
1
1
1
1
1
1
1
1
1
1
1
1
1
1
1
1
1
1
1
1
1
1
1
1
1
1
1
1
1
1
1
1
1
1
1
1
1
1
1
1
1
1
1
1
1
1
1
1
1
1
1
1
1
1
1
1
1
1
1
1
1
1
1
1
1
1
1
1
1
1
1
1
1
1
1
1
1
1
1
1
1
1
1
1
1
1
1
1
1
1
1
1
1
1
1
1
1
1
1
1
1
1
1
1
1
1
1
1
1
1
1
1
1
1
1
1
1
1
1
1
1
1
1
1
1
1
1
1
1
1
1
1
1
1
1
1
1
1
1
1
1
1
1
1
1
1
1
1
1
1
1
1
1
1
1
1
1
1
1
1
1
1
1
1
1
1
1
1
1
1
1
1
1
1
1
1
1
1
1
1
1
1
1
1
1
1
1
1
1
1
1
1
1
1
1
1
1
1
1
1
1
1
1
1
1
1
1
1
1
1
1
1
1
1
1
1
1
1
1
1
1
1
1
1
1
1
1
1
1
1
1
1
1
1
1
1
1
1
1
1
1
1
1
1
1
1
1
1
1
1
1
1
1
1
1
1
1
1
1
1
1
1
1
1
1
1
1
1
1
1
1
1
1
1
1
1
1
1
1
1
1
1
1
1
1
1
1
1
1
1
1
1
1
1
1
1
1
1
1
1
1
1
1
1
1
1
1
1
1
1
1
1
1
1
1
1
1
1
1
1
1
1
1
1
1
1
1
1
1
1
1
1
1
1
1
1
1
1
1
1
1
1
1
1
1
1
1
1
1
1
1
1
1
1
1
1
1
1
1
1
1
1
1
1
1
1
1
1
1
1
1
1
1
1
1
1
1
1
1
1
1
1
1
1
1
1
1
1
1
1
1
1
1
1
1
1
1
1
1
1
1
1
1
1
1
1
1
1
1
1
1
1
1
1
1
1
1
1
1
1
1
1
1
1
1
1
1
1
1
1
1
1
1
1
1
1
1
1
1
1
1
1
1
1
1
1
1
1
1
1
1
1
1
1
1
1
1
1
1
1
1
1
1
1
1
1
1
1
1
1
1
1
1
1
1
1
1
1
1
1
1
1
1
1
1
1
1
1
1
1
1
1
1
1
1
1
1
1
1
1
1
1
1
1
1
1
1
1
1
1
1
1
1
1
1
1
1
1
1
1
1
1
1
1
1
1
1
1
1
1
1
1
1
1
1
1
1
1
1
1
1
1
1
1
1
1
1
1
1
1
1
1
1
1
1
1
1
1
1
1
1
1
1
1
1
1
1
1
1
1
1
1
1
1
1
1
1
1
1
1
1
1
1
1
1
1
1
1
1
1
1
1
1
1
1
1
1
1
1
1
1
1
1
1
1
1
1
1
1
1
1
1
1
1
1
1
1
1
1
1
1
1
1
1
1
1
1
1
1
1
1
1
1
1
1
1
1
1
1
1
1
1
1
1
1
1
1
1
1
1
1
1
1
1
1
1
1
1
1
1
1
1
1
1
1
1
1
1
1
1
1
1
1
1
1
1
1
1
1
1
1
1
1
1
1
1
1
1
1
1
1
1
1
1
1
1
1
1
1
1
1
1
1
1
1
1
1
1
1
1
1
1
1
1
1
1
1
1
1
1
1
1
1
1
1
1
1
1
1
1
1
1
1
1
1
1
1
1
1
1
1
1
1
1
1
1
1
1
1
1
1
1
1
1
1
1
1
1
1
1
1
1
1
1
1
1
1
1
1
1
1
1
1
1
1
1
1
1
1
1
1
1
1
1
1
1
1
1
1
1
1
1
1
1
1
1
1
1
1
1
1
1
1
1
1
1
1
1
1
1
1
1
1
1
1
1
1
1
1
1
1
1
1
1
1
1
1
1
1
1
1
1
1
1
1
1
1
1
1
1
1
1
1
1
1
1
1
1
1
1
1
1
1
1
1
1
1
1
1
1
1
1
1
1
1
1
1
1
1
1
1
1
1
1
1
1
1
1
1
1
1
1
1
1
1
1
1
1
1
1
1
1
1
1
1
1
1
1
1
1
1
1
1
1
1
1
1
1
1
1
1
1
1
1
1
1
1
1
1
1
1
1
1
1
1
1
1
1
1
1
1
1
1
1
1
1
1
1
1
1
1
1
1
1
1
1
1
1
1
1
1
1
1
1
1
1
1
1
1
1
1
1
1
1
1
1
1
1
1
1
1
1
1
1
1
1
1
1
1
1
1
1
1
1
1
1
1
1
1
1
1
1
1
1
1
1
1
1
1
1
1
1
1
1
1
1
1
1
1
1
1
1
1
1
1
1
1
1
1
1
1
1
1
1
1
1
1
1
1
1
1
1
1
1
1
1
1
1
1
1
1
1
1
1
1
1
1
1
1
1
1
1
1
1
1
1
1
1
1
1
1
1
1
1
1
1
1
1
1
1
1
1
1
1
1
1
1
1
1
1
1
1
1
1
1
1
1
1
1
1
1
1
1
1
1
1
1
1
1
1
1
1
1
1
1
1
1
1
1
1
1
1
1
1
1
1
1
1
1
1
1
1
1
1
1
1
1
1
1
1
1
1
1
1
1
1
1
1
1
1
1
1
1
1
1
1
1
1
1
1
1
1
1
1
1
1
1
1
1
1
1
1
1
1
1
1
1
1
1
1
1
1
1
1
1
1
1
1
1
1
1
1
1
1
1
1
1
1
1
1
1
1
1
1
1
1
1
1
1
1
1
1
1
1
1
1
1
1
1
1
1
1
1
1
1
1
1
1
1
1
1
1
1
1
1
1
1
1
1
1
1
1
1
1
1
1
1
1
1
1
1
1
1
1
1
1
1
1
1
1
1
1
1
1
1
1
1
1
1
1
1
1
1
1
1
1
1
1
1
1
1
1
1
1
1
1
1
1
1
1
1
1
1
1
1
1
1
1
1
1
1
1
1
1
1
1
1
1
1
1
1
1
1
1
1
1
1
1
1
1
1
1
1
1
1
1
1
1
1
1
1
1
1
1
1
1
1
1
1
1
1
1
1
1
1
1
1
1
1
1
1
1
1
1
1
1
1
1
1
1
1
1
1
1
1
1
1
1
1
1
1
1
1
1
1
1
1
1
1
1
1
1
1
1
1
1
1
1
1
1
1
1
1
1
1
1
1
1
1
1
1
1
1
1
1
1
1
1
1
1
1
1
1
1
1
1
1
1
1
1
1
1
1
1
1
1
1
1
1
1
1
1
1
1
1
1
1
1
1
1
1
1
1
1
1
1
1
1
1
1
1
1
1
1
1
1
1
1
1
1
1
1
1
1
1
1
1
1
1
1
1
1
1
1
1
1
1
1
1
1
1
1
1
1
1
1
1
1
1
1
1
1
1
1
1
1
1
1
1
1
1
1
1
1
1
1
1
1
1
1
1
1
1
1
1
1
1
1
1
1
1
1
1
1
1
1
1
1
1
1
1
1
1
1
1
1
1
1
1
1
1
1
1
1
1
1
1
1
1
1
1
1
1
1
1
1
1
1
1
1
1
1
1
1
1
1
1
1
1
1
1
1
1
1
1
1
1
1
1
1
1
1
1
1
1
1
1
1
1
1
1
1
1
1
1
1
1
1
1
1
1
1
1
1
1
1
1
1
1
1
1
1
1
1
1
1
1
1
1
1
1
1
0.367243
0.388971
0.103044
0.927469
0.924586
0.972784
0.392486
0.393894
0.138031
0.925107
0.927569
0.974739
0.908689
0.787575
0.617657
0.978423
0.954267
0.984037
0.69388
0.547963
0.529935
0.367243
0.388971
0.103044
0.927469
0.931145
0.977137
0.394327
0.394143
0.138211
0.922921
0.922958
0.971942
0.388969
0.367242
0.115239
0.923338
0.924586
0.972784
0.394344
0.39429
0.13836
0.931145
0.9329
0.978501
0.931145
0.9329
0.978501
0.392735
0.388298
0.388298
0.392735
0.978501
0.9329
0.931145
0.972784
0.924586
0.927469
0.931324
0.932749
0.977535
0.113046
0.365125
0.385465
0.103044
0.388971
0.367243
0.385465
0.365125
0.113046
0.975564
0.927771
0.925228
0.903695
0.879816
0.85132
0.975219
0.929091
0.929011
0.959323
0.92821
0.996785
0.87393
0.978118
0.995748
0.138031
0.393894
0.392486
0.995748
0.978118
0.87393
0.996785
0.92821
0.959189
0.85132
0.879788
0.902657
0.529936
0.547987
0.693912
0.984037
0.95427
0.978427
0.924586
0.923339
0.97212
0.136984
0.392735
0.388298
0.617656
0.787575
0.908689
0.388298
0.392735
0.136984
0.97212
0.923339
0.924586
0.977138
0.931153
0.927469
0.922922
0.922925
0.971935
0.138121
0.394047
0.394299
0.103044
0.388971
0.367243
0.394299
0.394047
0.138121
0.971935
0.922925
0.922922
0.971942
0.922958
0.922921
0.922997
0.922935
0.971938
0.376205
0.447499
0.138211
0.394143
0.394327
0.447499
0.376205
0.971938
0.922935
0.922997
0.972784
0.924586
0.923338
0.927477
0.924656
0.972806
0.138121
0.394046
0.394299
0.115239
0.367242
0.388969
0.394299
0.394046
0.138121
0.972788
0.924586
0.927469
0.978501
0.9329
0.931145
0.13836
0.39429
0.394344
0.131185
0.385465
0.365127
0.388298
0.392735
0.406279
0.359723
0.634222
0.385465
0.365127
0.413067
0.395079
0.639343
0.974542
0.927469
0.924586
0.535737
0.549439
0.694642
0.136622
0.392486
0.393894
0.971941
0.922943
0.922998
0.616642
0.816
0.816072
0.968167
0.995043
0.924213
0.616342
0.816116
0.816106
0.999704
0.98871
0.829993
0.586319
0.826823
0.840312
0.819722
0.816436
0.618126
0.447501
0.376099
0.971969
0.922937
0.922962
0.138032
0.393897
0.392513
0.974541
0.927468
0.924583
0.98215
0.700799
0.819981
0.828986
0.883566
0.540935
0.540935
0.883566
0.828986
0.819981
0.700799
0.98215
0.927432
0.924969
0.972797
0.977529
0.932743
0.930931
0.376206
0.447481
0.365127
0.385465
0.131185
0.447481
0.376206
0.852296
0.89141
0.904161
0.922926
0.922926
0.971936
0.880522
0.881067
0.888276
0.971935
0.922924
0.922925
0.394048
0.394301
0.138375
0.865032
0.86565
0.879845
0.392735
0.388298
0.132547
0.880145
0.865772
0.868035
0.138375
0.394301
0.394048
0.922925
0.922924
0.971935
0.884158
0.880917
0.880222
0.903125
0.891382
0.852296
0.694674
0.549463
0.535738
0.924586
0.927469
0.974542
0.667134
0.42128
0.437183
0.971965
0.923006
0.923339
0.376207
0.447503
0.365127
0.385465
0.131185
0.6611
0.384663
0.426332
0.447503
0.376207
0.923339
0.923006
0.971965
0.922997
0.922935
0.971939
0.972784
0.924586
0.923338
0.394291
0.394351
0.13842
0.393894
0.392486
0.136622
0.13842
0.394351
0.394291
0.923338
0.924586
0.972784
0.618126
0.816436
0.819722
0.840312
0.826823
0.586319
0.829993
0.98871
0.999704
0.816106
0.816116
0.616342
0.981065
0.940412
0.953898
0.503411
0.42078
0.302018
0.924213
0.995043
0.968167
0.816072
0.816
0.616642
0.302018
0.42078
0.503411
0.953898
0.940412
0.981065
0.924556
0.923334
0.972086
0.975909
0.930885
0.927355
0.364639
0.383587
0.129376
0.447453
0.376205
0.0976127
0.109419
0.361245
0.38719
0.923046
0.923193
0.973163
0.924583
0.927468
0.974541
0.971943
0.922961
0.923328
0.385546
0.365299
0.392513
0.393897
0.138032
0.11314
0.365299
0.385546
0.923328
0.922961
0.971943
0.794281
0.936037
0.936051
0.792604
0.935794
0.935903
0.793518
0.934445
0.932683
0.935064
0.935238
0.790974
0.357035
0.628493
0.622341
0.599088
0.61316
0.309359
0.972317
0.923439
0.923519
0.345026
0.599356
0.58521
0.62855
0.628583
0.363025
0.971936
0.922926
0.922926
0.580545
0.756836
0.897212
0.628434
0.622368
0.336735
0.413595
0.528391
0.675766
0.971889
0.922844
0.922961
0.397498
0.392484
0.636142
0.309359
0.61316
0.599089
0.599097
0.613213
0.309368
0.97537
0.928027
0.9313
0.362682
0.62753
0.628199
0.809119
0.822054
0.980239
0.979378
0.93497
0.940486
0.356724
0.627431
0.628501
0.585205
0.599321
0.345019
0.329253
0.618541
0.599244
0.627383
0.62203
0.336737
0.971965
0.923006
0.923006
0.790974
0.935238
0.935064
0.932683
0.934445
0.793518
0.500563
0.797829
0.83014
0.600716
0.584665
0.415075
0.935903
0.935794
0.792604
0.971937
0.922948
0.922809
0.936051
0.936037
0.794281
0.922809
0.922948
0.971937
0.415075
0.584665
0.600716
0.83014
0.797829
0.500563
0.345019
0.599321
0.585203
0.599098
0.613214
0.309368
0.924586
0.923338
0.97212
0.977862
0.93449
0.940982
0.924826
0.927709
0.975544
0.309359
0.61316
0.599088
0.622341
0.628493
0.357035
0.309368
0.613214
0.599098
0.585203
0.599321
0.345019
0.881096
0.880967
0.895706
0.36303
0.628577
0.628549
0.829015
0.82811
0.882438
0.923338
0.924586
0.972784
0.867982
0.880305
0.935278
0.981063
0.940404
0.934993
0.934993
0.940404
0.981063
0.934528
0.880298
0.867468
0.882438
0.82811
0.829015
0.628549
0.628577
0.36303
0.891722
0.880833
0.879801
0.68047
0.433754
0.475036
0.356487
0.627553
0.628888
0.585208
0.599356
0.345026
0.922961
0.922844
0.971889
0.690071
0.544181
0.448745
0.974542
0.927469
0.931145
0.931145
0.927469
0.974542
0.336735
0.622368
0.628434
0.897212
0.756836
0.580545
0.345026
0.599356
0.585208
0.628888
0.627553
0.356487
0.345019
0.599318
0.585204
0.628385
0.628536
0.363026
0.932887
0.931407
0.976675
0.971962
0.922997
0.923338
0.923338
0.922997
0.971962
0.309368
0.613213
0.599097
0.599089
0.61316
0.309359
0.363026
0.628536
0.628385
0.585204
0.599318
0.345019
0.39035
0.624377
0.724857
0.628565
0.628585
0.362988
0.940486
0.93497
0.979378
0.971934
0.922923
0.922923
0.980239
0.822054
0.809119
0.628199
0.62753
0.362682
0.362988
0.628585
0.628565
0.724857
0.624377
0.39035
0.309368
0.613214
0.599097
0.584673
0.599109
0.344976
0.924586
0.927469
0.974542
0.976924
0.932557
0.930893
0.92319
0.923271
0.973514
0.345019
0.599321
0.585205
0.628501
0.627431
0.356724
0.344976
0.599109
0.584673
0.599097
0.613214
0.309368
0.362353
0.623523
0.62688
0.923006
0.923006
0.971965
0.336737
0.62203
0.627383
0.599244
0.618541
0.329253
0.62688
0.623523
0.362353
0.627659
0.384549
0.390835
0.363846
0.377591
0.612583
0.63068
0.381214
0.367454
0.391193
0.38669
0.628025
0.627996
0.386303
0.388998
0.388998
0.386303
0.627996
0.625854
0.377775
0.389106
0.383436
0.353866
0.618603
0.62848
0.388027
0.391707
0.872185
0.722768
0.874116
0.63068
0.381214
0.367454
0.391437
0.38674
0.628027
0.639052
0.385552
0.372591
0.923326
0.924582
0.972782
0.636113
0.392551
0.397511
0.627886
0.38296
0.38299
0.363846
0.377591
0.612583
0.627659
0.384549
0.390835
0.363759
0.377576
0.61258
0.932825
0.930999
0.976492
0.619582
0.466773
0.425925
0.391258
0.386584
0.628232
0.628025
0.386691
0.39127
0.365349
0.35637
0.621239
0.635485
0.481592
0.396258
0.391237
0.386493
0.628263
0.60912
0.378336
0.428499
0.391261
0.386634
0.628028
0.627995
0.386302
0.389028
0.365349
0.35637
0.621239
0.923339
0.924586
0.972784
0.92269
0.922815
0.971837
0.623718
0.389763
0.392946
0.628252
0.385112
0.383433
0.392156
0.386985
0.627971
0.627971
0.386985
0.392156
0.383433
0.385112
0.628252
0.392946
0.389763
0.623718
0.971837
0.922815
0.92269
0.977136
0.931145
0.927469
0.943987
0.941068
0.981464
0.628267
0.386419
0.390725
0.39686
0.481617
0.635504
0.618603
0.353866
0.383436
0.389101
0.377774
0.625867
0.628025
0.38669
0.391193
0.367454
0.381214
0.63068
0.612583
0.377591
0.363846
0.390835
0.384549
0.627659
0.625867
0.377774
0.389101
0.383436
0.353866
0.618603
0.635504
0.481617
0.39686
0.390725
0.386419
0.628267
0.895819
0.886757
0.881155
0.971938
0.922935
0.922997
0.888631
0.880991
0.873587
0.931264
0.927273
0.974436
0.621481
0.358015
0.367905
0.390765
0.386628
0.628019
0.950789
0.863828
0.892812
0.431917
0.437729
0.613547
0.618603
0.353866
0.383436
0.389106
0.377775
0.625854
0.627996
0.386303
0.388998
0.388998
0.386303
0.627996
0.613547
0.437729
0.431917
0.893663
0.863855
0.950789
0.628019
0.386628
0.390765
0.367905
0.358015
0.621481
0.974436
0.927273
0.931264
0.872771
0.880834
0.884118
0.87986
0.886622
0.891836
0.475061
0.433835
0.680451
0.972782
0.924582
0.923326
0.421534
0.417714
0.67378
0.9329
0.931145
0.977136
0.628263
0.386493
0.391237
0.39686
0.481617
0.635504
0.628252
0.385112
0.383433
0.391271
0.3867
0.628026
0.628027
0.38674
0.391437
0.367454
0.381214
0.63068
0.874117
0.722775
0.872209
0.391707
0.388027
0.62848
0.628026
0.3867
0.391271
0.383397
0.385112
0.628248
0.635504
0.481617
0.39686
0.391237
0.386493
0.628263
0.977136
0.931145
0.9329
0.975186
0.927616
0.931237
0.924586
0.927469
0.974542
0.63068
0.381214
0.367454
0.391193
0.38669
0.628025
0.628262
0.386494
0.391239
0.39686
0.481617
0.635504
0.612418
0.376973
0.361441
0.390835
0.384549
0.627659
0.607735
0.373786
0.363355
0.375584
0.352059
0.618572
0.635504
0.481617
0.39686
0.391239
0.386494
0.628262
0.628025
0.38669
0.391193
0.367454
0.381214
0.63068
0.974542
0.927469
0.924586
0.922965
0.923255
0.972077
0.627617
0.384831
0.390934
0.503446
0.426307
0.621479
0.60912
0.378336
0.428499
0.39122
0.386633
0.628026
0.628232
0.386584
0.391258
0.425925
0.466773
0.619582
0.628026
0.386633
0.39122
0.428499
0.378336
0.60912
0.621479
0.426307
0.503446
0.390934
0.384831
0.627617
0.972077
0.923255
0.922965
0.971962
0.922997
0.923338
0.927426
0.924964
0.972759
0.621143
0.348303
0.359688
0.365292
0.372289
0.628505
0.628263
0.386493
0.391236
0.394251
0.481446
0.635376
0.628263
0.386493
0.391237
0.39626
0.481589
0.63547
0.621239
0.35637
0.365349
0.39127
0.386691
0.628025
0.635376
0.481446
0.394251
0.391236
0.386493
0.628263
0.628521
0.372289
0.365293
0.359687
0.348301
0.621118
0.972144
0.922966
0.923046
0.380322
0.13032
0.130676
0.321933
0.495269
0.439416
0.124179
0.130663
0.130263
0.380265
0.972784
0.924586
0.923339
0.373132
0.123534
0.105736
0.130263
0.380265
0.953794
0.933488
0.976245
0.0920307
0.495802
0.348309
0.800134
0.576871
0.694089
0.383499
0.354497
0.619525
0.621239
0.35637
0.365349
0.389028
0.386302
0.627995
0.628028
0.386634
0.391261
0.428499
0.378336
0.60912
0.619525
0.354497
0.383499
0.694089
0.576871
0.800134
0.348309
0.495802
0.0920307
0.976245
0.933488
0.953794
0.380265
0.130263
0.128644
0.105736
0.123534
0.373132
0.380265
0.130263
0.130663
0.124179
0.439416
0.495269
0.321933
0.130676
0.13032
0.380322
0.861262
0.942138
0.943801
0.937634
0.940244
0.86584
0.136622
0.392486
0.393894
0.97212
0.923338
0.924586
0.873872
0.939278
0.937652
0.937652
0.939278
0.873872
0.138031
0.393894
0.392486
0.972784
0.924586
0.923338
0.912393
0.954912
0.99565
0.937628
0.94385
0.888163
0.139727
0.395749
0.394868
0.451063
0.463143
0.70775
0.861263
0.94214
0.943801
0.940134
0.940259
0.865853
0.135175
0.390858
0.387829
0.879549
0.941715
0.937639
0.944579
0.945474
0.886561
0.451378
0.423833
0.873799
0.939917
0.946389
0.937635
0.939397
0.873837
0.138422
0.394354
0.394354
0.974542
0.927469
0.924586
0.874109
0.939327
0.937635
0.944606
0.939574
0.875016
0.0976126
0.376205
0.447499
0.407786
0.397746
0.873871
0.939274
0.937696
0.940133
0.939292
0.873887
0.873887
0.939292
0.940133
0.937696
0.939274
0.873871
0.397746
0.407786
0.387189
0.361245
0.109419
0.841235
0.947938
0.946684
0.937769
0.945196
0.834123
0.393894
0.392486
0.136622
0.86584
0.940244
0.937634
0.943801
0.942138
0.861262
0.834123
0.945196
0.937769
0.946684
0.947938
0.841235
0.109419
0.361245
0.387189
0.931852
0.929289
0.976137
0.451537
0.44143
0.341998
0.940815
0.978653
0.94502
0.998906
0.992288
0.978081
0.392486
0.393894
0.138031
0.873872
0.939278
0.937652
0.937652
0.939278
0.873872
0.978081
0.992288
0.998906
0.94502
0.978653
0.940815
0.341998
0.44143
0.451537
0.363025
0.628583
0.62855
0.58521
0.599356
0.345026
0.707969
0.463382
0.451963
0.394355
0.394362
0.13843
0.873874
0.939279
0.937635
0.940133
0.939293
0.873886
0.394868
0.395749
0.139727
0.888163
0.94385
0.937628
0.99565
0.954912
0.912393
0.873886
0.939293
0.940132
0.937635
0.939279
0.873874
0.13843
0.394362
0.394355
0.376207
0.447503
0.888902
0.945829
0.941753
0.937647
0.941903
0.880111
0.387829
0.390858
0.135175
0.832537
0.939797
0.94011
0.943797
0.9418
0.836928
0.880111
0.941903
0.937647
0.941753
0.945829
0.888902
0.447503
0.376207
0.394312
0.394291
0.138359
0.874109
0.939327
0.937623
0.944606
0.939574
0.875016
0.423833
0.451379
0.886561
0.945474
0.94458
0.937639
0.941715
0.879549
0.875016
0.939574
0.944606
0.937623
0.939327
0.874109
0.138359
0.394291
0.394312
0.922923
0.922923
0.971934
0.369348
0.447707
0.888901
0.945845
0.944124
0.93765
0.941904
0.880111
0.394361
0.394355
0.138423
0.873837
0.939397
0.937634
0.946389
0.939917
0.873799
0.880111
0.941903
0.93765
0.941772
0.945829
0.888901
0.447414
0.373466
0.627071
0.825309
0.825001
0.828391
0.826558
0.62273
0.804278
0.833584
0.829165
0.837324
0.836139
0.877818
0.447499
0.376205
0.875016
0.939574
0.944606
0.937635
0.939327
0.874109
0.877818
0.836139
0.837324
0.829165
0.833584
0.804278
0.62273
0.826558
0.828391
0.825001
0.825309
0.627071
0.394291
0.394351
0.13842
0.873904
0.939278
0.937634
0.939303
0.939285
0.874105
0.385465
0.365126
0.113046
0.834122
0.945078
0.937769
0.938264
0.947302
0.841229
0.629002
0.384688
0.494513
0.394505
0.394414
0.138473
0.873904
0.939278
0.937627
0.939303
0.939285
0.874105
0.672671
0.427882
0.471389
0.708869
0.465793
0.453377
0.367171
0.388957
0.103026
0.861262
0.942138
0.943801
0.937634
0.940244
0.86584
0.924922
0.870528
0.701912
0.502651
0.701319
0.828873
0.613104
0.613378
0.36362
0.820993
0.818283
0.615668
0.355206
0.611948
0.606547
0.612999
0.612966
0.361999
0.700199
0.975575
0.999142
0.590171
0.581772
0.42453
0.586627
0.827209
0.823323
0.816127
0.816225
0.616346
0.36167
0.612947
0.612952
0.611328
0.581449
0.424356
0.370648
0.615466
0.618814
0.612956
0.612967
0.362
0.616342
0.816117
0.816118
0.3943
0.394046
0.138121
0.880111
0.941903
0.93765
0.941752
0.945829
0.888902
0.923338
0.922997
0.971962
0.388969
0.367242
0.115239
0.873798
0.939917
0.946389
0.937648
0.939397
0.873837
0.884965
0.957026
0.836829
0.938082
0.942988
0.843454
0.449725
0.503705
0.45914
0.45914
0.503705
0.843454
0.942988
0.938082
0.836829
0.957026
0.884965
0.888902
0.94585
0.941753
0.944069
0.942063
0.880114
0.0970956
0.375771
0.447441
0.874105
0.939285
0.939303
0.937634
0.939278
0.873904
0.13842
0.394351
0.394291
0.447441
0.375771
0.0970956
0.880114
0.942063
0.944069
0.941753
0.94585
0.888902
0.87384
0.939373
0.937752
0.94611
0.939856
0.873758
0.116646
0.369216
0.392044
0.841229
0.947302
0.938264
0.937769
0.945078
0.834122
0.365126
0.385465
0.392044
0.369216
0.116646
0.873758
0.939856
0.94611
0.937752
0.939373
0.87384
0.454281
0.466033
0.709087
0.474586
0.432564
0.678454
0.888902
0.945829
0.941753
0.93765
0.941903
0.880111
0.138121
0.394046
0.3943
0.874105
0.939285
0.939303
0.937627
0.939278
0.873904
0.138473
0.394414
0.394505
0.49555
0.390749
0.635957
0.3943
0.394046
0.138121
0.880111
0.941903
0.93765
0.941753
0.945829
0.888902
0.873904
0.939278
0.937634
0.939303
0.939285
0.874105
0.131185
0.385465
0.365127
0.86584
0.940244
0.937634
0.943798
0.942138
0.861262
0.103026
0.388957
0.367171
0.365127
0.385465
0.874105
0.939285
0.939303
0.937634
0.939278
0.873904
0.816118
0.816117
0.616342
0.362
0.612967
0.612956
0.618814
0.615466
0.370649
0.424356
0.581449
0.611328
0.612952
0.612947
0.36167
0.616346
0.816225
0.816127
0.823323
0.827209
0.586627
0.42453
0.581772
0.590171
0.999142
0.975575
0.700199
0.361999
0.612966
0.612999
0.606547
0.611948
0.355206
0.615668
0.818283
0.820993
0.861057
0.938581
0.953532
0.937603
0.939036
0.865802
0.136891
0.392779
0.394015
0.36362
0.613378
0.613104
0.828873
0.701319
0.502651
0.701912
0.870528
0.924922
0.394015
0.392779
0.136891
0.865802
0.939036
0.937603
0.953532
0.938581
0.861057
0.84132
0.939784
0.939298
0.945028
0.941336
0.8343
0.0922435
0.379009
0.33783
0.888794
0.940239
0.945616
0.937634
0.939563
0.880077
0.138361
0.394291
0.394352
0.35562
0.355618
0.105833
0.834399
0.945205
0.939439
0.947459
0.947945
0.841504
0.627458
0.828255
0.835532
0.824991
0.825405
0.627693
0.6266
0.824984
0.825068
0.826135
0.825018
0.626661
0.846245
0.945404
0.93776
0.972944
0.948918
0.874506
0.261347
0.493359
0.66329
0.623446
0.82895
0.835222
0.825894
0.827497
0.599833
0.873837
0.939397
0.937648
0.946389
0.939917
0.873798
0.115239
0.367242
0.388969
0.599833
0.827497
0.825894
0.835222
0.82895
0.623446
0.66329
0.493359
0.261347
0.874506
0.948918
0.972944
0.93776
0.945404
0.846245
0.626661
0.825018
0.826135
0.825068
0.824984
0.6266
0.627693
0.825405
0.824991
0.835532
0.828255
0.627458
0.584653
0.600754
0.352566
0.924168
0.769467
0.770238
0.769445
0.768777
0.923883
0.924744
0.770966
0.771283
0.770218
0.770355
0.924496
0.329252
0.61853
0.59918
0.927469
0.931145
0.977136
0.581886
0.579637
0.269368
0.925098
0.771805
0.771352
0.771426
0.771641
0.924961
0.92356
0.76785
0.767705
0.76991
0.768504
0.923815
0.335981
0.620336
0.599533
0.922997
0.922935
0.971938
0.628686
0.628939
0.364436
0.923618
0.768276
0.767837
0.781107
0.772039
0.924564
0.92441
0.770088
0.769501
0.76841
0.769465
0.924159
0.35675
0.627401
0.628527
0.735802
0.532573
0.579599
0.674064
0.426417
0.467464
0.599245
0.618544
0.329253
0.924504
0.770377
0.770377
0.771291
0.770969
0.924745
0.924869
0.771355
0.771364
0.770968
0.771283
0.924841
0.344976
0.599109
0.584673
0.579839
0.556705
0.40505
0.901967
0.727258
0.675661
0.763815
0.753738
0.916743
0.582426
0.579799
0.269394
0.924956
0.771352
0.771805
0.768504
0.76991
0.924307
0.924875
0.771375
0.771368
0.771641
0.771426
0.924893
0.309375
0.613349
0.599179
0.628434
0.622371
0.336735
0.924463
0.770246
0.769519
0.770355
0.770219
0.924451
0.923937
0.769234
0.765339
0.768956
0.769431
0.924133
0.356487
0.627548
0.628888
0.629339
0.63074
0.369672
0.9268
0.777135
0.769026
0.924249
0.769461
0.770081
0.767883
0.768394
0.923727
0.363168
0.628661
0.628802
0.628802
0.628661
0.363168
0.923727
0.768394
0.767883
0.770081
0.769461
0.924249
0.769026
0.777135
0.9268
0.369672
0.63074
0.629339
0.599097
0.613214
0.309368
0.924873
0.771367
0.771368
0.771355
0.771366
0.924872
0.924873
0.771368
0.771375
0.771368
0.771368
0.924873
0.345019
0.599321
0.585205
0.978976
0.932983
0.933597
0.59918
0.61853
0.329252
0.924496
0.770355
0.770218
0.771283
0.770966
0.924744
0.923883
0.768777
0.769445
0.770238
0.769467
0.924168
0.352566
0.600754
0.584653
0.924872
0.771366
0.771355
0.771368
0.771367
0.924873
0.309368
0.613214
0.599097
0.671352
0.417029
0.45324
0.452736
0.416882
0.671308
0.64578
0.40065
0.40678
0.453555
0.41728
0.667266
0.601289
0.620708
0.33743
0.923728
0.768352
0.769856
0.767695
0.767799
0.923535
0.773725
0.781994
0.926717
0.389797
0.624238
0.591044
0.628116
0.401874
0.48421
0.416922
0.467151
0.623154
0.623127
0.467146
0.416911
0.48421
0.401874
0.62811
0.591044
0.624238
0.389797
0.926717
0.781994
0.773725
0.667265
0.41728
0.453554
0.40678
0.40065
0.64578
0.671165
0.41687
0.452712
0.453238
0.417028
0.671291
0.470431
0.433204
0.68235
0.599172
0.613293
0.309366
0.924716
0.770882
0.77155
0.768992
0.769736
0.924255
0.924966
0.771654
0.771415
0.771897
0.77191
0.925137
0.269405
0.579855
0.582433
0.580368
0.536146
0.740536
0.628527
0.627401
0.35675
0.924159
0.769465
0.76841
0.769501
0.770088
0.92441
0.924564
0.772039
0.781107
0.767837
0.768276
0.923618
0.364436
0.628939
0.628686
0.582433
0.579855
0.269405
0.925137
0.77191
0.771897
0.771415
0.771654
0.924966
0.924255
0.769736
0.768992
0.77155
0.770882
0.924716
0.309366
0.613293
0.599172
0.62843
0.622421
0.336788
0.924583
0.770623
0.769446
0.771346
0.771208
0.924819
0.923434
0.767558
0.766842
0.768242
0.767771
0.923535
0.362799
0.628738
0.628946
0.584673
0.599109
0.344976
0.924841
0.771283
0.770968
0.771364
0.771355
0.924869
0.924745
0.770969
0.771291
0.770377
0.770377
0.924504
0.329253
0.618544
0.599245
0.628946
0.628738
0.362799
0.923535
0.767771
0.768242
0.766842
0.767558
0.923434
0.924819
0.771208
0.771346
0.769446
0.770623
0.924583
0.336788
0.622421
0.62843
0.628674
0.62895
0.362015
0.923991
0.7693
0.76814
0.777464
0.771391
0.924704
0.923512
0.767705
0.76785
0.767758
0.767691
0.923505
0.36303
0.62858
0.628577
0.916743
0.753738
0.763815
0.675661
0.727258
0.901967
0.40505
0.556705
0.579839
0.628577
0.62858
0.36303
0.923505
0.767691
0.767758
0.76785
0.767705
0.923512
0.924704
0.771391
0.777464
0.76814
0.7693
0.923991
0.362015
0.62895
0.628674
0.585205
0.599321
0.345019
0.924873
0.771368
0.771367
0.771368
0.771368
0.924873
0.924841
0.771283
0.770966
0.771366
0.771355
0.924869
0.309368
0.613213
0.599097
0.599179
0.613349
0.309375
0.924893
0.771426
0.771641
0.771368
0.771375
0.924875
0.924307
0.76991
0.768504
0.771805
0.771352
0.924956
0.269394
0.579799
0.582426
0.599097
0.613213
0.309368
0.924869
0.771355
0.771366
0.770966
0.771283
0.924841
0.924873
0.771368
0.771368
0.771367
0.771368
0.924873
0.345019
0.599321
0.585205
0.72809
0.605397
0.408618
0.881584
0.673945
0.687724
0.753588
0.72616
0.90451
0.628888
0.627548
0.356487
0.924133
0.769431
0.768956
0.765339
0.769234
0.923937
0.924451
0.770219
0.770355
0.769519
0.770246
0.924463
0.336735
0.622371
0.628434
0.90451
0.72616
0.753588
0.687724
0.673945
0.881584
0.408618
0.605397
0.72809
0.406823
0.403792
0.654442
0.61316
0.458841
0.417714
0.460302
0.417452
0.662952
0.662277
0.418802
0.460574
0.460632
0.418743
0.662274
0.662274
0.418743
0.460632
0.386701
0.364494
0.632371
0.603449
0.369611
0.444947
0.490652
0.427437
0.668914
0.482531
0.546318
0.790355
0.814284
0.595603
0.538553
0.460303
0.417452
0.662952
0.662278
0.418815
0.460578
0.470819
0.425214
0.672504
0.46853
0.426746
0.674101
0.406751
0.403443
0.654485
0.61316
0.458841
0.4177
0.406823
0.403792
0.654442
0.61316
0.458841
0.417714
0.440997
0.436459
0.666847
0.663808
0.418622
0.457994
0.460069
0.41871
0.662241
0.661779
0.41173
0.458359
0.439971
0.439504
0.674724
0.663824
0.418252
0.457092
0.452084
0.394153
0.662173
0.662105
0.418251
0.458106
0.460058
0.418641
0.662237
0.661779
0.41173
0.458358
0.46495
0.416494
0.638637
0.460592
0.418469
0.662324
0.662275
0.418928
0.460687
0.460687
0.418928
0.662275
0.662324
0.418469
0.460592
0.638637
0.416494
0.46495
0.457091
0.418242
0.663826
0.674726
0.439506
0.439971
0.444947
0.369611
0.603449
0.632374
0.364494
0.386701
0.460574
0.418802
0.662277
0.662952
0.417452
0.460302
0.417714
0.458841
0.61316
0.654442
0.403792
0.406823
0.386701
0.364494
0.632374
0.603449
0.369611
0.444947
0.439971
0.439506
0.674726
0.663826
0.418242
0.457091
0.671593
0.432371
0.431192
0.401658
0.47192
0.627328
0.671587
0.416689
0.452712
0.449552
0.41657
0.673115
0.6713
0.416847
0.452655
0.452882
0.416894
0.671296
0.663888
0.402485
0.40175
0.452243
0.41468
0.670837
0.45881
0.412464
0.661766
0.662265
0.418761
0.460267
0.693618
0.457781
0.423102
0.726057
0.566796
0.782742
0.669954
0.417274
0.453053
0.436344
0.412414
0.662509
0.444947
0.369611
0.603449
0.632371
0.364494
0.386701
0.460632
0.418743
0.662274
0.662274
0.418743
0.460632
0.662561
0.412415
0.436345
0.45306
0.417281
0.670046
0.782742
0.566796
0.726057
0.423102
0.457781
0.693618
0.460267
0.418761
0.662265
0.661766
0.412464
0.45881
0.670779
0.414679
0.452242
0.401734
0.402475
0.663768
0.671204
0.416887
0.452875
0.452653
0.416846
0.671248
0.673053
0.416569
0.449551
0.452688
0.416677
0.671443
0.627328
0.47192
0.401658
0.431191
0.432371
0.671592
0.682389
0.433539
0.471503
0.679727
0.431088
0.474299
0.457092
0.418252
0.663824
0.674726
0.439506
0.439971
0.460572
0.418464
0.662322
0.662278
0.418812
0.460633
0.460578
0.418815
0.662278
0.662952
0.417452
0.460303
0.538553
0.595603
0.814284
0.790507
0.546364
0.482769
0.668914
0.427437
0.490652
0.460633
0.418812
0.662278
0.662321
0.418464
0.460572
0.439971
0.439506
0.674726
0.663824
0.418252
0.457092
0.460302
0.417452
0.662952
0.662277
0.418802
0.460574
0.457092
0.418252
0.663824
0.674726
0.439506
0.439971
0.417714
0.458824
0.613148
0.654442
0.403792
0.406823
0.433869
0.435783
0.594365
0.602013
0.367714
0.434504
0.439971
0.439506
0.674726
0.663824
0.418252
0.457092
0.460574
0.418802
0.662277
0.662952
0.417452
0.460302
0.409617
0.404971
0.654788
0.615645
0.462486
0.421079
0.452084
0.394153
0.662173
0.662104
0.418252
0.458106
0.457994
0.418622
0.663808
0.666847
0.436459
0.440997
0.458106
0.418252
0.662104
0.662173
0.394153
0.452084
0.421079
0.462486
0.615645
0.654788
0.404971
0.409617
0.444945
0.368053
0.604045
0.633036
0.363142
0.386333
0.457092
0.418252
0.663824
0.674708
0.43949
0.43997
0.457092
0.418252
0.663824
0.674698
0.439501
0.43997
0.458359
0.41173
0.661779
0.662241
0.41871
0.460069
0.43997
0.43949
0.674708
0.663824
0.418252
0.457092
0.386337
0.363143
0.633053
0.60403
0.368051
0.444948
0.123541
0.128822
0.378824
0.380496
0.0920649
0.105758
0.365246
0.378646
0.128644
0.130321
0.128821
0.378823
0.380665
0.130663
0.130676
0.518267
0.325786
0.412895
0.365426
0.448808
0.480524
0.745727
0.483756
0.282555
0.125232
0.60845
0.373399
0.465235
0.458358
0.41173
0.661779
0.662237
0.418641
0.460058
0.458106
0.418251
0.662105
0.662173
0.394153
0.452084
0.465235
0.373399
0.60845
0.125232
0.282555
0.483756
0.745727
0.480524
0.448808
0.365426
0.412895
0.325786
0.518267
0.130676
0.130663
0.380665
0.378823
0.128821
0.130321
0.123027
0.378646
0.365246
0.105758
0.0920649
0.380496
0.378824
0.128822
0.123541
0.844146
0.62447
0.636097
0.61034
0.602633
0.837201
0.447501
0.376208
0.833839
0.635654
0.635613
0.635779
0.635756
0.83399
0.138361
0.394293
0.394353
0.959971
0.897961
0.958838
0.694873
0.80488
0.91846
0.346386
0.625192
0.474005
0.728892
0.876896
0.942444
0.80902
0.825201
0.62528
0.976329
0.933673
0.925216
0.844146
0.62447
0.636097
0.610341
0.602633
0.837201
0.447501
0.376197
0.581098
0.809313
0.808766
0.809421
0.808683
0.566509
0.978508
0.932909
0.93122
0.834025
0.635842
0.635756
0.637572
0.636176
0.834929
0.137267
0.393094
0.389112
0.608119
0.804687
0.804625
0.806318
0.805064
0.608041
0.97207
0.92324
0.924382
0.842134
0.636087
0.624458
0.636165
0.637586
0.837672
0.3883
0.392737
0.833854
0.635737
0.635741
0.635653
0.635673
0.833976
0.138031
0.393896
0.392488
0.566505
0.808668
0.809312
0.808766
0.809312
0.581097
0.977136
0.931145
0.927469
0.566505
0.808668
0.809312
0.808765
0.809312
0.581097
0.977136
0.931144
0.927467
0.394319
0.394052
0.834203
0.635875
0.635792
0.63757
0.636125
0.834886
0.834886
0.636125
0.63757
0.635792
0.635875
0.834203
0.138124
0.394052
0.394319
0.927467
0.931144
0.977136
0.581097
0.809312
0.808765
0.809312
0.808668
0.566505
0.922998
0.923338
0.97212
0.608034
0.80519
0.804739
0.808766
0.806568
0.607016
0.566535
0.808757
0.809823
0.809413
0.809441
0.581105
0.977162
0.931226
0.928128
0.447452
0.3762
0.0976124
0.832591
0.610317
0.602719
0.633749
0.631397
0.833888
0.376208
0.447501
0.837201
0.602633
0.61034
0.636097
0.62447
0.844146
0.833888
0.631397
0.633749
0.602719
0.610317
0.832591
0.0976124
0.3762
0.447452
0.932971
0.931549
0.977286
0.580989
0.809857
0.808779
0.810646
0.810658
0.599665
0.394353
0.394293
0.138361
0.83399
0.635756
0.635779
0.635613
0.635654
0.833839
0.925216
0.933673
0.976329
0.625282
0.825203
0.80902
0.942478
0.876919
0.729029
0.608033
0.805192
0.806568
0.804753
0.804753
0.608124
0.971965
0.923006
0.923006
0.394302
0.394048
0.138121
0.834204
0.635874
0.635792
0.63757
0.636125
0.834886
0.474005
0.625192
0.346386
0.91846
0.80488
0.694873
0.958838
0.897961
0.959971
0.834886
0.636125
0.63757
0.635792
0.635874
0.834204
0.138121
0.394048
0.394302
0.923006
0.923006
0.971965
0.608124
0.804753
0.804753
0.806568
0.805192
0.608033
0.93155
0.932971
0.978524
0.566535
0.808779
0.809857
0.808768
0.809328
0.581106
0.608131
0.804626
0.804623
0.804628
0.804627
0.608131
0.971936
0.922926
0.922926
0.3883
0.392737
0.136985
0.835025
0.636144
0.63761
0.635753
0.635855
0.834066
0.376196
0.447501
0.837184
0.602632
0.610337
0.636097
0.62447
0.844143
0.834066
0.635855
0.635753
0.63761
0.636144
0.835025
0.136985
0.392737
0.3883
0.922926
0.922926
0.971936
0.608131
0.804627
0.804628
0.804623
0.804626
0.608131
0.924382
0.92324
0.97207
0.608041
0.805064
0.806318
0.804625
0.804687
0.608119
0.60813
0.804643
0.804738
0.804628
0.804629
0.608131
0.971936
0.922927
0.922926
0.385467
0.365128
0.113046
0.834119
0.631427
0.633791
0.602615
0.610311
0.832628
0.389112
0.393094
0.137267
0.834929
0.636176
0.637572
0.635756
0.635842
0.834025
0.832628
0.610311
0.602615
0.633791
0.631427
0.834119
0.113046
0.365128
0.385467
0.931145
0.927469
0.974542
0.600887
0.808766
0.809312
0.80519
0.806568
0.607016
0.607009
0.806678
0.808781
0.806675
0.805752
0.607936
0.97227
0.923746
0.924627
0.3883
0.392737
0.136984
0.835026
0.636144
0.637613
0.635753
0.635855
0.834067
0.392737
0.3883
0.837672
0.637586
0.636165
0.624458
0.636087
0.842134
0.923027
0.923343
0.972153
0.608034
0.80519
0.804741
0.808766
0.806568
0.607016
0.927469
0.931145
0.977136
0.581097
0.809312
0.808766
0.809313
0.808668
0.566505
0.961013
0.836549
0.832321
0.837291
0.83739
0.987363
0.987363
0.83739
0.837291
0.832321
0.836549
0.961013
0.393896
0.392488
0.136623
0.83395
0.635632
0.635695
0.631415
0.633752
0.83364
0.388973
0.367244
0.115239
0.842229
0.636103
0.624485
0.636125
0.637566
0.837528
0.393897
0.392488
0.83395
0.635632
0.635695
0.631415
0.633752
0.83364
0.9329
0.931145
0.977136
0.581097
0.809312
0.808668
0.806568
0.808766
0.600887
0.36513
0.385467
0.131185
0.83374
0.633768
0.631442
0.635655
0.635612
0.833808
0.923334
0.922998
0.971959
0.608124
0.804739
0.80519
0.804739
0.804658
0.608129
0.816422
0.815943
0.617077
0.962678
0.929116
0.929364
0.929266
0.929196
0.962737
0.872207
0.989011
0.937329
0.989009
0.996531
0.954427
0.972884
0.998589
0.995043
0.816128
0.816118
0.616336
0.962813
0.929308
0.929311
0.929297
0.929307
0.962813
0.820955
0.823192
0.594793
0.969546
0.937963
0.933897
0.946502
0.941676
0.972324
0.962832
0.929374
0.931296
0.929202
0.929125
0.962684
0.617094
0.815957
0.81601
0.367245
0.388975
0.103044
0.844427
0.624507
0.636142
0.610308
0.602644
0.837303
0.394038
0.394232
0.138306
0.834021
0.635768
0.635894
0.635616
0.635659
0.833842
0.9329
0.931145
0.977136
0.581098
0.809312
0.808668
0.806567
0.808766
0.60089
0.395908
0.664166
0.671198
0.652889
0.645112
0.466033
0.497661
0.655188
0.659074
0.681973
0.67901
0.500522
0.393549
0.671465
0.671286
0.672963
0.671715
0.391809
0.394903
0.664877
0.671764
0.655686
0.646696
0.467143
0.467143
0.646696
0.655686
0.671764
0.664877
0.394903
0.391809
0.671715
0.672963
0.671286
0.671465
0.393549
0.500522
0.67901
0.681973
0.659074
0.655188
0.497661
0.466033
0.645112
0.652889
0.671198
0.664166
0.395908
0.606918
0.807127
0.808863
0.808876
0.80713
0.606918
0.972934
0.924993
0.927539
0.929494
0.93157
0.977295
0.581042
0.809905
0.811057
0.809308
0.808747
0.566535
0.8373
0.602631
0.610328
0.636015
0.62441
0.844408
0.102384
0.38843
0.365377
0.83364
0.633752
0.631415
0.635695
0.635632
0.83395
0.136623
0.392488
0.393896
0.365377
0.38843
0.102384
0.844408
0.62441
0.636015
0.610328
0.602631
0.8373
0.608131
0.804628
0.804627
0.804628
0.804628
0.608131
0.971936
0.922926
0.922926
0.922971
0.922926
0.971934
0.608132
0.804632
0.804707
0.804627
0.804626
0.608131
0.833887
0.635753
0.635856
0.635892
0.635778
0.834018
0.138399
0.394334
0.394154
0.837528
0.637566
0.636125
0.624485
0.636103
0.842229
0.367244
0.388973
0.394154
0.394334
0.138399
0.834018
0.635778
0.635892
0.635856
0.635753
0.833887
0.608131
0.804626
0.804627
0.804707
0.804632
0.608132
0.971934
0.922926
0.922971
0.600887
0.808766
0.806568
0.808668
0.809312
0.581097
0.977136
0.931145
0.9329
0.923339
0.923006
0.971965
0.608124
0.804753
0.805192
0.805192
0.804753
0.608124
0.837303
0.602645
0.61033
0.636142
0.624507
0.844427
0.103044
0.388975
0.367245
0.83364
0.633752
0.631415
0.635695
0.635632
0.83395
0.136623
0.392488
0.393897
0.367245
0.388975
0.844427
0.624507
0.636142
0.61033
0.602645
0.837303
0.608124
0.804753
0.805192
0.805192
0.804753
0.608124
0.971965
0.923006
0.923339
0.60813
0.804644
0.804738
0.804738
0.804644
0.60813
0.971942
0.922936
0.923002
0.931145
0.927469
0.974542
0.600887
0.808766
0.809312
0.80519
0.806568
0.607016
0.833856
0.635738
0.635738
0.635777
0.635757
0.833992
0.138421
0.394353
0.394293
0.833808
0.635612
0.635655
0.631442
0.633768
0.83374
0.131185
0.385467
0.36513
0.394293
0.394353
0.138421
0.833992
0.635757
0.635777
0.635738
0.635738
0.833856
0.607016
0.806568
0.80519
0.809312
0.808766
0.600887
0.974542
0.927469
0.931145
0.81601
0.815957
0.617094
0.962684
0.929125
0.929202
0.931296
0.929374
0.962832
0.972324
0.941676
0.946502
0.933897
0.937963
0.969546
0.594793
0.823192
0.820955
0.962813
0.929307
0.929297
0.929311
0.929308
0.962813
0.616336
0.816118
0.816128
0.931201
0.934953
0.979376
0.571659
0.812537
0.809636
0.867783
0.82751
0.603759
0.834269
0.612074
0.701823
0.603206
0.58736
0.823826
0.433828
0.37353
0.995043
0.998589
0.972884
0.954427
0.996531
0.989009
0.937329
0.989011
0.872207
0.962737
0.929196
0.929266
0.929364
0.929116
0.962678
0.617077
0.815943
0.816422
0.37353
0.433828
0.823826
0.58736
0.603206
0.701823
0.612074
0.834269
0.603759
0.82751
0.867783
0.809636
0.812537
0.571659
0.979376
0.934953
0.931201
0.608034
0.80519
0.806565
0.804643
0.804738
0.608125
0.971958
0.922997
0.922935
0.930893
0.932557
0.976924
0.5665
0.808616
0.809288
0.808751
0.809273
0.581093
0.833587
0.633624
0.63131
0.631316
0.633637
0.833676
0.383588
0.364631
0.832891
0.610357
0.602725
0.633806
0.631459
0.834343
0.113046
0.365131
0.385468
0.387193
0.361247
0.84591
0.637933
0.624846
0.624827
0.637919
0.845822
0.612788
0.804973
0.80495
0.804973
0.804988
0.61279
0.973514
0.923276
0.923193
0.60089
0.808766
0.806567
0.808668
0.809312
0.581098
0.977136
0.931145
0.9329
0.922748
0.922837
0.971885
0.608574
0.804584
0.804553
0.805184
0.804716
0.608274
0.833878
0.631483
0.633773
0.603619
0.6106
0.832602
0.376599
0.448921
0.608274
0.804716
0.805184
0.804553
0.804584
0.608574
0.971885
0.922837
0.922748
0.936495
0.936182
0.796899
0.935541
0.935695
0.79232
0.794245
0.935652
0.935314
0.93565
0.935523
0.792761
0.792047
0.935617
0.935722
0.629101
0.62913
0.361552
0.344976
0.599109
0.584673
0.599179
0.613349
0.309375
0.362988
0.628585
0.628565
0.636267
0.64882
0.413122
0.352565
0.600747
0.584635
0.923033
0.92277
0.971844
0.609345
0.804591
0.805189
0.804717
0.804596
0.608605
0.584673
0.599109
0.344976
0.345019
0.599321
0.585203
0.927905
0.926329
0.97404
0.605898
0.808519
0.809329
0.809435
0.80935
0.600788
0.621932
0.626376
0.361544
0.958261
0.798662
0.687021
0.92718
0.931162
0.977118
0.582359
0.809568
0.808459
0.827709
0.81261
0.571851
0.599533
0.620336
0.335981
0.309368
0.613214
0.599098
0.59918
0.61853
0.329252
0.352547
0.600585
0.584595
0.924586
0.923339
0.97212
0.608033
0.805192
0.806568
0.804753
0.804753
0.608124
0.935722
0.935617
0.792047
0.792761
0.935523
0.93565
0.3506
0.599415
0.620155
0.935314
0.935652
0.794245
0.79232
0.935695
0.935541
0.924581
0.923322
0.972111
0.608067
0.805175
0.806563
0.804537
0.804694
0.608248
0.796899
0.936182
0.936495
0.608248
0.804694
0.804537
0.806563
0.805175
0.608067
0.972111
0.923322
0.924581
0.620155
0.599415
0.3506
0.599097
0.613213
0.309368
0.345019
0.599321
0.585205
0.608034
0.80519
0.806568
0.804658
0.804739
0.608124
0.971963
0.922998
0.922943
0.926619
0.928831
0.975154
0.602913
0.811189
0.808901
0.822073
0.815676
0.587667
0.584673
0.599109
0.344976
0.361552
0.62913
0.629101
0.585205
0.599321
0.345019
0.924873
0.771368
0.771368
0.771375
0.771368
0.924873
0.309368
0.613213
0.599097
0.628548
0.628573
0.363005
0.607016
0.806568
0.80519
0.809328
0.808768
0.600888
0.974542
0.927469
0.931153
0.97354
0.953876
0.985162
0.70022
0.867751
0.923977
0.812613
0.827477
0.603694
0.603694
0.827477
0.812613
0.923977
0.867751
0.70022
0.985162
0.953876
0.97354
0.923535
0.767799
0.767695
0.769856
0.768352
0.923728
0.33743
0.620708
0.601289
0.599458
0.620244
0.335937
0.309375
0.613349
0.599181
0.608605
0.804596
0.804717
0.805189
0.804591
0.609345
0.971844
0.92277
0.923033
0.923339
0.924586
0.972784
0.607016
0.806568
0.805192
0.809312
0.808766
0.600887
0.600887
0.808766
0.809312
0.805192
0.806568
0.607016
0.972784
0.924586
0.923339
0.584635
0.600747
0.352565
0.413122
0.64882
0.636267
0.599181
0.613349
0.309375
0.335937
0.620244
0.599458
0.599032
0.613199
0.309367
0.363029
0.628561
0.628549
0.580987
0.809833
0.808765
0.810658
0.810649
0.599664
0.974981
0.929036
0.929095
0.922927
0.922935
0.971938
0.60813
0.804643
0.804629
0.80519
0.804738
0.608125
0.608125
0.804738
0.80519
0.804629
0.804643
0.60813
0.971938
0.922935
0.922927
0.585203
0.599321
0.345019
0.344976
0.599109
0.584673
0.628549
0.628561
0.363029
0.309367
0.613199
0.599032
0.601801
0.590014
0.420046
0.363025
0.628583
0.628551
0.571851
0.81261
0.827709
0.808459
0.809568
0.582359
0.977118
0.931162
0.92718
0.922926
0.922925
0.971935
0.608131
0.804627
0.804627
0.804629
0.804625
0.608131
0.687021
0.798662
0.958261
0.361544
0.626376
0.621932
0.628551
0.628583
0.363025
0.420046
0.590014
0.601801
0.585205
0.599321
0.345019
0.309359
0.61316
0.599088
0.600887
0.808766
0.806568
0.808668
0.809312
0.581097
0.977136
0.931145
0.9329
0.927364
0.930885
0.97591
0.581093
0.809275
0.808766
0.809288
0.808616
0.5665
0.608317
0.804699
0.804753
0.804658
0.80467
0.608161
0.973163
0.923187
0.923048
0.599098
0.613214
0.309368
0.335981
0.620336
0.599533
0.599088
0.61316
0.309359
0.345019
0.599321
0.585205
0.609523
0.619196
0.362558
0.851569
0.817194
0.80281
0.608124
0.804753
0.804753
0.806568
0.805192
0.608033
0.97212
0.923339
0.924586
0.584595
0.600585
0.352547
0.329252
0.61853
0.59918
0.80281
0.817194
0.851569
0.362558
0.619196
0.609523
0.607026
0.806565
0.805182
0.809312
0.808765
0.600889
0.974541
0.927467
0.931144
0.581095
0.80929
0.808669
0.806565
0.808754
0.600886
0.974134
0.927385
0.924561
0.607016
0.806568
0.805192
0.809312
0.808766
0.600887
0.974542
0.927469
0.931145
0.393654
0.671406
0.671282
0.672732
0.671593
0.392117
0.397802
0.67183
0.671884
0.671285
0.671298
0.394686
0.384204
0.668289
0.665532
0.671117
0.670891
0.3918
0.610357
0.804802
0.80445
0.820264
0.807659
0.613543
0.972523
0.924446
0.931128
0.421125
0.646244
0.733665
0.639892
0.625129
0.448152
0.538259
0.788386
0.712091
0.897975
0.846961
0.617993
0.617993
0.846961
0.897975
0.712091
0.788386
0.538259
0.448152
0.625129
0.639892
0.733665
0.646244
0.421125
0.931128
0.924446
0.972523
0.613543
0.807659
0.820264
0.80445
0.804802
0.610357
0.3918
0.670891
0.671117
0.665532
0.668289
0.384204
0.394686
0.671298
0.671285
0.671884
0.67183
0.397802
0.392117
0.671593
0.672732
0.671282
0.671406
0.393654
0.931153
0.932901
0.978502
0.566505
0.80867
0.809327
0.808766
0.809312
0.581097
0.577454
0.822171
0.826023
0.812545
0.816124
0.587566
0.978397
0.934907
0.930192
0.922926
0.922927
0.971936
0.608131
0.804629
0.804628
0.804738
0.804643
0.60813
0.601414
0.808615
0.809764
0.805111
0.806412
0.607176
0.97271
0.924442
0.92327
0.92327
0.924442
0.97271
0.607176
0.806412
0.805111
0.809764
0.808615
0.601414
0.931144
0.927467
0.974541
0.600889
0.808765
0.809312
0.805182
0.806565
0.607026
0.581097
0.809312
0.808668
0.806568
0.808766
0.600887
0.974542
0.927469
0.924586
0.924586
0.927469
0.974542
0.600887
0.808766
0.806568
0.808668
0.809312
0.581097
0.923363
0.92467
0.973192
0.607017
0.80658
0.805193
0.809342
0.808791
0.60089
0.600887
0.808766
0.806568
0.808668
0.809312
0.581097
0.977136
0.931145
0.9329
0.9329
0.931145
0.977136
0.581097
0.809312
0.808668
0.806568
0.808766
0.600887
0.608061
0.805089
0.804697
0.80853
0.806365
0.60715
0.972696
0.924412
0.927224
0.927224
0.924412
0.972696
0.60715
0.806365
0.80853
0.804697
0.805089
0.608061
0.922927
0.922935
0.971938
0.60813
0.804643
0.804631
0.80519
0.804738
0.608125
0.606918
0.807127
0.808861
0.808861
0.807127
0.606918
0.972759
0.924964
0.927426
0.923046
0.922966
0.972144
0.612785
0.804938
0.80495
0.804867
0.804938
0.612742
0.931145
0.927469
0.974542
0.600887
0.808766
0.809312
0.805192
0.806568
0.607016
0.625083
0.824874
0.875822
0.805116
0.808892
0.614544
0.972804
0.925135
0.922988
0.922988
0.925135
0.972804
0.614544
0.808892
0.805116
0.875822
0.824874
0.625083
0.36513
0.385467
0.131185
0.83374
0.633768
0.631442
0.635655
0.635612
0.833808
0.394353
0.394293
0.138361
0.83399
0.635756
0.635779
0.635613
0.635654
0.833839
0.409395
0.399687
0.142754
0.83602
0.638113
0.642873
0.635871
0.636046
0.834153
0.365065
0.38515
0.130874
0.833951
0.633883
0.631453
0.637484
0.635997
0.834838
0.369535
0.39223
0.1054
0.844047
0.625698
0.636624
0.619175
0.605207
0.837899
0.394048
0.394302
0.138374
0.834023
0.635771
0.635895
0.635742
0.635742
0.833859
0.385467
0.365128
0.113046
0.834119
0.631427
0.633791
0.602615
0.610311
0.832628
0.833995
0.63638
0.636816
0.635798
0.635784
0.833995
0.394927
0.394468
0.394468
0.394927
0.833995
0.635784
0.635798
0.636816
0.63638
0.833995
0.845784
0.637915
0.624812
0.624846
0.637932
0.845904
0.10942
0.361247
0.387193
0.833808
0.635612
0.635655
0.631442
0.633768
0.83374
0.385467
0.36513
0.387193
0.361247
0.10942
0.845904
0.637932
0.624846
0.624812
0.637915
0.845784
0.843948
0.621324
0.605846
0.869059
0.727189
0.884043
0.45539
0.566038
0.781624
0.833839
0.635654
0.635613
0.635779
0.635756
0.83399
0.138361
0.394293
0.394353
0.781624
0.566038
0.45539
0.884043
0.727189
0.869059
0.605846
0.621324
0.843948
0.599533
0.620336
0.335981
0.923815
0.768504
0.76991
0.767705
0.76785
0.92356
0.924961
0.771641
0.771426
0.771352
0.771805
0.925098
0.269368
0.579637
0.581886
0.833856
0.63574
0.635742
0.635782
0.635759
0.833993
0.138431
0.394364
0.394357
0.834153
0.636046
0.635871
0.642873
0.638113
0.83602
0.142754
0.399687
0.409395
0.394357
0.394364
0.138431
0.833993
0.635759
0.635782
0.635742
0.63574
0.833856
0.837303
0.602645
0.61033
0.636142
0.624507
0.844427
0.103044
0.388975
0.367245
0.834824
0.635996
0.637484
0.631446
0.633879
0.833908
0.130874
0.38515
0.365065
0.367245
0.388975
0.103044
0.844427
0.624507
0.636142
0.61033
0.602645
0.837303
0.83385
0.635736
0.635733
0.635653
0.635673
0.833975
0.138032
0.393897
0.392488
0.837899
0.605207
0.619176
0.636624
0.625698
0.844048
0.1054
0.39223
0.369535
0.392488
0.393897
0.138032
0.833975
0.635673
0.635653
0.635733
0.635736
0.83385
0.838414
0.603386
0.611638
0.63617
0.624686
0.844656
0.103045
0.389031
0.367252
0.833859
0.635741
0.63574
0.635895
0.635771
0.834023
0.138374
0.394302
0.394048
0.833856
0.635738
0.635738
0.635777
0.635757
0.833992
0.138421
0.394353
0.394293
0.833885
0.631396
0.633749
0.602627
0.610302
0.832562
0.0976125
0.376204
0.447501
0.833858
0.635752
0.635757
0.635778
0.635759
0.833993
0.138434
0.394367
0.394297
0.844146
0.624469
0.636094
0.61034
0.602633
0.837201
0.447501
0.376208
0.976826
0.953701
0.973834
0.931291
0.938117
0.968169
0.628686
0.83263
0.819716
0.6188
0.627761
0.397959
0.937333
0.831094
0.817779
0.924558
0.869616
0.953238
0.928009
0.813684
0.813734
0.814271
0.813671
0.927944
0.366081
0.613995
0.615439
0.96396
0.930982
0.93392
0.929367
0.929712
0.963061
0.616355
0.816731
0.816227
0.612949
0.612874
0.360463
0.928514
0.814339
0.813866
0.818251
0.815779
0.929777
0.928111
0.813763
0.813756
0.813772
0.813763
0.928112
0.361965
0.612956
0.612952
0.940743
0.824111
0.82024
0.876063
0.838795
0.946214
0.392557
0.611873
0.704614
0.877117
0.841008
0.614651
0.975098
0.947108
0.958846
0.938044
0.941946
0.972512
0.96284
0.929366
0.929311
0.930975
0.929709
0.963059
0.616352
0.816727
0.818271
0.611938
0.612869
0.360462
0.928511
0.814334
0.815766
0.813771
0.813864
0.928169
0.940473
0.823698
0.837917
0.818211
0.820106
0.936695
0.35285
0.590053
0.606517
0.613389
0.614016
0.366132
0.927953
0.813686
0.813694
0.817784
0.814286
0.928245
0.928111
0.813763
0.813763
0.81374
0.813759
0.928103
0.362119
0.613001
0.61311
0.816077
0.816108
0.616364
0.962807
0.929299
0.92927
0.929309
0.929308
0.962813
0.834067
0.635855
0.635753
0.637611
0.636144
0.835026
0.136984
0.392737
0.3883
0.842134
0.636087
0.624458
0.636165
0.637586
0.837672
0.132547
0.3883
0.392736
0.519901
0.518386
0.501381
0.839696
0.654523
0.66001
0.650181
0.65061
0.837875
0.837875
0.65061
0.650181
0.66001
0.654523
0.839696
0.501381
0.518386
0.519901
0.379399
0.363439
0.111602
0.835068
0.631735
0.635615
0.602701
0.610358
0.832708
0.394293
0.394353
0.138421
0.833992
0.635757
0.635777
0.635738
0.635738
0.833856
0.832708
0.610358
0.602701
0.635615
0.631735
0.835068
0.111602
0.363439
0.379399
0.393096
0.389056
0.13323
0.837522
0.637598
0.636217
0.625987
0.636646
0.841986
0.447501
0.376204
0.0976125
0.832562
0.610302
0.602627
0.633749
0.631396
0.833885
0.841986
0.636646
0.625987
0.636217
0.637598
0.837522
0.13323
0.389056
0.393096
0.3883
0.392737
0.136984
0.835026
0.636144
0.637611
0.635753
0.635855
0.834067
0.394297
0.394367
0.138434
0.833993
0.635759
0.635778
0.635757
0.635752
0.833858
0.834067
0.635855
0.635753
0.637611
0.636144
0.835026
0.136984
0.392737
0.3883
0.393896
0.392488
0.136623
0.83395
0.635632
0.635695
0.631415
0.633752
0.83364
0.376208
0.447501
0.837201
0.602633
0.61034
0.636094
0.624469
0.844146
0.83364
0.633752
0.631415
0.635695
0.635632
0.83395
0.136623
0.392488
0.393896
0.962813
0.929308
0.929309
0.92927
0.929299
0.962807
0.616364
0.816108
0.816077
0.928245
0.814286
0.817784
0.813693
0.813686
0.927953
0.366131
0.614016
0.613389
0.606517
0.590053
0.35285
0.936695
0.820106
0.818211
0.837917
0.823698
0.940473
0.818271
0.816727
0.616352
0.963059
0.929709
0.930975
0.929311
0.929366
0.96284
0.972512
0.941946
0.938044
0.958846
0.947108
0.975098
0.614651
0.841008
0.877117
0.704614
0.611873
0.392557
0.946214
0.838795
0.876063
0.82024
0.824111
0.940743
0.612952
0.612956
0.361965
0.928112
0.813763
0.813772
0.813756
0.813763
0.928111
0.929777
0.815779
0.818251
0.813866
0.814339
0.928514
0.360463
0.612874
0.612949
0.816227
0.816731
0.616355
0.963061
0.929712
0.929367
0.93392
0.930982
0.96396
0.366151
0.386284
0.131882
0.833216
0.633601
0.629849
0.635664
0.635565
0.83367
0.615439
0.613995
0.366081
0.927944
0.813671
0.814271
0.813734
0.813684
0.928009
0.953238
0.869616
0.924558
0.817779
0.831094
0.937333
0.397959
0.627761
0.6188
0.819716
0.83263
0.628686
0.968169
0.938117
0.931291
0.973834
0.953701
0.976826
0.83367
0.635565
0.635664
0.629849
0.633601
0.833216
0.131882
0.386284
0.366151
0.375988
0.446593
0.83686
0.602008
0.610189
0.630886
0.621955
0.843657
0.392488
0.393896
0.138031
0.833982
0.635674
0.635657
0.635739
0.635737
0.833855
0.397255
0.3871
0.133545
0.851169
0.643398
0.627911
0.814189
0.701381
0.874272
0.874272
0.701381
0.814189
0.627911
0.643398
0.851169
0.133545
0.3871
0.397255
0.336773
0.622375
0.628464
0.599244
0.618541
0.329253
0.269394
0.579799
0.582426
0.628501
0.627431
0.356724
0.367085
0.629746
0.631269
0.599385
0.620188
0.335982
0.329253
0.618544
0.599245
0.599088
0.61316
0.309359
0.345623
0.578182
0.609748
0.269368
0.579637
0.581886
0.58521
0.599356
0.345026
0.35256
0.600754
0.584653
0.599373
0.620226
0.335936
0.376906
0.634783
0.644593
0.627363
0.628536
0.361816
0.361816
0.628536
0.627363
0.644593
0.634783
0.376906
0.345019
0.599321
0.585205
0.599097
0.613214
0.309368
0.329253
0.618541
0.599244
0.628464
0.622375
0.336773
0.585205
0.599321
0.345019
0.357346
0.627505
0.62848
0.853996
0.726578
0.484701
0.484701
0.726578
0.853996
0.344988
0.599138
0.584663
0.582435
0.579855
0.269405
0.335982
0.620188
0.599385
0.631269
0.629746
0.367085
0.269405
0.579855
0.582435
0.584663
0.599138
0.344988
0.35261
0.600964
0.585184
0.628557
0.628624
0.362993
0.309359
0.61316
0.599088
0.599245
0.618544
0.329253
0.362993
0.628624
0.628557
0.585184
0.600964
0.35261
0.357752
0.628469
0.622727
0.62855
0.628579
0.363031
0.609748
0.578182
0.345623
0.363031
0.628579
0.62855
0.622727
0.628469
0.357752
0.309368
0.613214
0.599097
0.585203
0.599321
0.345019
0.345026
0.599356
0.58521
0.581886
0.579637
0.269368
0.345019
0.599321
0.585203
0.599097
0.613214
0.309368
0.376086
0.589439
0.60072
0.335936
0.620226
0.599373
0.584653
0.600754
0.35256
0.60072
0.589439
0.376086
0.607016
0.806568
0.808766
0.804739
0.80519
0.608034
0.97212
0.923338
0.922998
0.60088
0.808879
0.807145
0.80867
0.809327
0.581096
0.977172
0.931158
0.932901
0.607016
0.806568
0.80519
0.809312
0.808766
0.600887
0.974542
0.927469
0.931145
0.932745
0.931162
0.977145
0.581105
0.809343
0.808743
0.807166
0.808916
0.600885
0.922926
0.922927
0.971936
0.608131
0.804629
0.804628
0.804738
0.804643
0.60813
0.834067
0.635855
0.635753
0.637611
0.636144
0.835026
0.136984
0.392737
0.3883
0.392488
0.393896
0.138031
0.833976
0.635673
0.635653
0.635741
0.635737
0.833854
0.922927
0.92293
0.97194
0.608984
0.804714
0.804646
0.804938
0.804852
0.611111
0.833842
0.635659
0.635616
0.635894
0.635768
0.834021
0.138306
0.394232
0.394038
0.448921
0.376599
0.832602
0.6106
0.603619
0.633773
0.631483
0.833878
0.92747
0.924599
0.972819
0.607014
0.806584
0.808768
0.805315
0.805303
0.608027
0.922926
0.922926
0.971936
0.608131
0.804628
0.804628
0.804627
0.804628
0.608131
0.600902
0.808822
0.806621
0.809188
0.809428
0.581155
0.977193
0.931221
0.933103
0.585205
0.599321
0.345019
0.363005
0.628573
0.628548
0.922943
0.922998
0.971963
0.608124
0.804739
0.804658
0.806568
0.80519
0.608034
0.931145
0.927469
0.974542
0.600887
0.808766
0.809312
0.80519
0.806568
0.607016
0.9329
0.931145
0.977136
0.581097
0.809312
0.808668
0.806568
0.808766
0.600887
0.599679
0.810702
0.810005
0.809825
0.81066
0.599666
0.975306
0.929103
0.931349
0.628565
0.628585
0.362988
0.309375
0.613349
0.599179
0.608131
0.804625
0.804629
0.804627
0.804627
0.608131
0.971935
0.922925
0.922926
0.367245
0.388975
0.103044
0.844426
0.624506
0.636142
0.609635
0.602596
0.837299
0.832628
0.610311
0.602615
0.633791
0.631427
0.834119
0.113046
0.365128
0.385467
0.608125
0.804738
0.80519
0.804631
0.804643
0.608133
0.971938
0.922935
0.922927
0.61311
0.613001
0.362119
0.928103
0.813758
0.813739
0.813763
0.813763
0.928111
0.928169
0.813864
0.813771
0.815766
0.814334
0.928511
0.360462
0.612869
0.611938
0.833628
0.628722
0.628736
0.602669
0.609622
0.832517
0.0947048
0.373459
0.447363
0.392736
0.3883
0.132547
0.837672
0.637586
0.636165
0.624458
0.636087
0.842134
0.581097
0.809312
0.808766
0.809312
0.808668
0.566505
0.978501
0.9329
0.931145
0.60813
0.804643
0.804738
0.804628
0.804629
0.608131
0.971936
0.922927
0.922926
0.932633
0.932036
0.97751
0.593178
0.812664
0.81109
0.809364
0.811159
0.579888
0.309368
0.613214
0.599097
0.62848
0.627505
0.357346
0.356724
0.627431
0.628501
0.582426
0.579799
0.269394
0.896027
0.961282
0.965904
0.992742
0.997629
0.999354
0.975958
0.986639
0.969403
0.969403
0.986639
0.975958
0.999354
0.997629
0.992741
0.965903
0.961269
0.895997
0.83262
0.870511
0.701878
0.996789
0.98911
0.973537
0.966559
0.963912
0.896603
0.949995
0.949527
0.866173
0.845129
0.940487
0.945562
0.949421
0.947303
0.860618
0.850024
0.942577
0.94597
0.896573
0.963899
0.966557
0.973537
0.98911
0.996789
0.701878
0.870511
0.83262
0.86066
0.93938
0.8785
0.95848
0.953418
0.875713
0.97363
0.988799
0.974838
0.961933
0.962724
0.893826
0.88454
0.958991
0.95366
0.974838
0.988799
0.97363
0.844879
0.939969
0.938981
0.8785
0.93938
0.86066
0.875674
0.953438
0.958478
0.873523
0.953
0.958881
0.991578
0.982393
0.954518
0.954545
0.982405
0.991579
0.946777
0.942597
0.849762
0.938976
0.939985
0.844834
0.834124
0.942061
0.93847
0.934653
0.936283
0.830617
0.831041
0.936377
0.934562
0.934562
0.936377
0.831041
0.954179
0.986441
0.993782
0.934679
0.936616
0.831722
0.834124
0.942061
0.93847
0.936094
0.936657
0.831078
0.831407
0.936543
0.93468
0.945564
0.949495
0.847759
0.830061
0.937431
0.936354
0.934669
0.93639
0.831082
0.83109
0.936397
0.93467
0.93803
0.940993
0.832269
0.830976
0.936314
0.93438
0.936108
0.936764
0.831543
0.831543
0.936764
0.936108
0.93438
0.936314
0.830976
0.828106
0.936023
0.935509
0.934104
0.93396
0.824455
0.830617
0.936283
0.934653
0.93847
0.942061
0.834124
0.824455
0.93396
0.934104
0.935509
0.936023
0.828106
0.836884
0.942629
0.937612
0.997968
0.999202
0.99698
0.831041
0.936377
0.934562
0.934562
0.936377
0.831041
0.99698
0.999202
0.997968
0.937612
0.942629
0.836884
0.831083
0.93639
0.934669
0.936108
0.936764
0.831543
0.831722
0.936616
0.934679
0.993782
0.986441
0.954179
0.831537
0.936762
0.936085
0.934669
0.93639
0.831083
0.861029
0.956041
0.95002
0.93469
0.936578
0.83146
0.824852
0.934228
0.935524
0.938293
0.941103
0.831326
0.83146
0.936578
0.93469
0.95002
0.956041
0.861029
0.831085
0.936393
0.934655
0.93803
0.940993
0.832269
0.847759
0.949495
0.945564
0.93468
0.936543
0.831407
0.832269
0.940993
0.93803
0.934655
0.936393
0.831085
0.860979
0.956071
0.950121
0.934692
0.936579
0.831462
0.831082
0.93639
0.934669
0.936354
0.937431
0.830061
0.831462
0.936579
0.934692
0.949913
0.956026
0.860973
0.626687
0.856234
0.856118
0.872982
0.863236
0.599843
0.647623
0.885423
0.871393
0.997843
0.9939
0.977921
0.832269
0.940993
0.93803
0.93467
0.936397
0.83109
0.977921
0.9939
0.997843
0.871393
0.885423
0.647623
0.599843
0.863236
0.872982
0.856118
0.856234
0.626687
0.831082
0.93639
0.934666
0.942788
0.939309
0.835804
0.824455
0.93396
0.934104
0.934504
0.935421
0.827994
0.831082
0.936388
0.934663
0.942788
0.939309
0.835804
0.834123
0.942061
0.938469
0.934653
0.936283
0.830617
0.953963
0.973551
0.991671
0.831462
0.936579
0.934692
0.949993
0.956039
0.86102
0.830061
0.937431
0.936354
0.93456
0.936375
0.83104
0.93349
0.932376
0.823871
0.823871
0.932376
0.93349
0.861029
0.956041
0.95002
0.935568
0.937013
0.83154
0.835804
0.939309
0.942788
0.934666
0.93639
0.831082
0.83154
0.937013
0.935568
0.95002
0.956041
0.861029
0.831072
0.936387
0.934646
0.935811
0.937067
0.829643
0.827994
0.935421
0.934504
0.934104
0.93396
0.824455
0.829643
0.937067
0.935811
0.934646
0.936387
0.831072
0.861029
0.956041
0.95002
0.934692
0.936579
0.831462
0.835804
0.939309
0.942788
0.934663
0.936388
0.831082
0.831462
0.936579
0.934692
0.95002
0.956041
0.861029
0.831082
0.93639
0.934666
0.942788
0.939309
0.835804
0.830617
0.936283
0.934653
0.938363
0.942047
0.834074
0.835804
0.939309
0.942788
0.934666
0.93639
0.831082
0.991671
0.973551
0.953963
0.842383
0.945089
0.95442
0.93462
0.936211
0.830529
0.830529
0.936211
0.93462
0.95442
0.945089
0.842383
0.832683
0.938132
0.94258
0.942803
0.937748
0.829334
0.860922
0.955578
0.95046
0.934691
0.936573
0.831461
0.829157
0.936878
0.942225
0.943495
0.938917
0.832824
0.647289
0.888255
0.911074
0.856104
0.856193
0.626664
0.626684
0.856235
0.856643
0.862432
0.858196
0.627671
0.825066
0.934174
0.934122
0.984077
0.976417
0.925591
0.829235
0.943285
0.971517
0.857898
0.859844
0.622797
0.83104
0.936375
0.93456
0.936354
0.937431
0.830061
0.622797
0.859844
0.857898
0.971517
0.943285
0.829235
0.925591
0.976417
0.984077
0.934122
0.934174
0.825066
0.627671
0.858196
0.862432
0.856643
0.856235
0.626684
0.626664
0.856193
0.856104
0.911074
0.888255
0.647289
0.817248
0.93494
0.90228
0.991104
0.997319
0.99175
0.99175
0.997319
0.991104
0.90228
0.93494
0.817248
0.502647
0.701318
0.627755
0.924504
0.973047
0.954551
0.973027
0.988693
0.967134
0.967134
0.988693
0.973027
0.954552
0.973047
0.924504
0.627754
0.701318
0.502647
0.703316
0.832682
0.686519
0.686519
0.832682
0.703316
0.942408
0.964643
0.893416
0.893416
0.964643
0.942408
0.965294
0.96298
0.898266
0.861713
0.95084
0.957472
0.947419
0.945712
0.849193
0.984486
0.992884
0.980238
0.967774
0.989116
0.97528
0.999088
0.996525
0.989105
0.913589
0.972334
0.957361
0.993876
0.985282
0.950611
0.98706
0.994093
0.997978
0.997978
0.994093
0.98706
0.950611
0.985282
0.993876
0.957361
0.972334
0.913589
0.989105
0.996525
0.999088
0.975272
0.989115
0.967774
0.980221
0.99288
0.984445
0.849193
0.94571
0.947419
0.957321
0.950815
0.861709
0.89806
0.962885
0.964779
0.976823
0.953694
0.938114
0.989062
0.973829
0.987381
0.828888
0.924889
0.967099
0.998665
0.996709
0.999143
0.975765
0.989541
0.995356
0.923885
0.967695
0.927532
0.94906
0.979993
0.992529
0.85978
0.934996
0.863147
0.730267
0.897003
0.94988
0.722918
0.816899
0.605846
0.605846
0.816899
0.722918
0.94988
0.897003
0.730267
0.863147
0.934996
0.85978
0.992529
0.979993
0.94906
0.856451
0.952334
0.949937
0.963829
0.959703
0.876559
0.89907
0.966118
0.967373
0.867507
0.949814
0.953722
0.956124
0.950553
0.867657
0.87277
0.952138
0.958221
0.950458
0.94245
0.848419
0.860151
0.94504
0.948613
0.952206
0.946166
0.864889
0.865432
0.948396
0.953432
0.949164
0.946473
0.860492
0.856333
0.946646
0.95211
0.956053
0.947803
0.864489
0.867312
0.949091
0.955424
0.952479
0.947568
0.866963
0.966859
0.966023
0.898864
0.876555
0.959678
0.963677
0.949937
0.952332
0.85645
0.927532
0.967695
0.923885
0.995356
0.989541
0.975765
0.999143
0.996709
0.998665
0.967099
0.924889
0.828888
0.987381
0.973829
0.989062
0.938113
0.953694
0.976823
0.958923
0.983231
0.991444
0.721704
0.851993
0.732661
0.732661
0.851993
0.721704
0.867712
0.950883
0.956191
0.956956
0.951084
0.867723
0.87749
0.954208
0.96161
0.959426
0.980781
0.951092
0.853925
0.951224
0.955539
0.959166
0.950189
0.852236
0.910925
0.966677
0.974702
0.97444
0.965502
0.907856
0.852186
0.949894
0.95911
0.953124
0.950193
0.853725
0.951092
0.980781
0.959426
0.959561
0.948114
0.865399
0.867293
0.949141
0.956312
0.95034
0.946756
0.866793
0.991444
0.983231
0.958923
0.962464
0.954418
0.877456
0.86967
0.951992
0.959889
0.956212
0.951065
0.868136
0.958378
0.953081
0.874788
0.86717
0.950676
0.956138
0.955276
0.950331
0.864991
0.914841
0.972073
0.984876
0.951179
0.958556
0.878584
0.924465
0.971139
0.960316
0.960769
0.971227
0.924643
0.878588
0.95858
0.951319
0.984876
0.972076
0.914841
0.864247
0.947082
0.951637
0.955392
0.948937
0.866776
0.864361
0.947739
0.95603
0.867216
0.946936
0.95036
0.959246
0.950048
0.869239
0.865363
0.948321
0.960415
0.954195
0.948322
0.844356
0.945441
0.974827
0.975138
0.97016
0.97294
0.946904
0.937766
0.96703
0.966451
0.973562
0.969947
0.938631
0.848185
0.944525
0.953486
0.954564
0.94504
0.851026
0.938462
0.969884
0.973035
0.966441
0.967026
0.937745
0.937745
0.967026
0.966441
0.973035
0.969884
0.938462
0.851026
0.94504
0.954564
0.970838
0.978522
0.930989
0.972311
0.98852
0.981887
0.997854
0.994208
0.987186
0.937842
0.967085
0.966443
0.975835
0.970465
0.939381
0.854922
0.946499
0.960329
0.954196
0.948322
0.844357
0.945441
0.974827
0.975138
0.97016
0.97294
0.946904
0.938431
0.967371
0.967845
0.973567
0.970002
0.938754
0.848282
0.944592
0.953495
0.95787
0.945943
0.852747
0.939073
0.970333
0.974916
0.966452
0.967087
0.937836
0.945511
0.975062
0.972855
0.978032
0.978115
0.947823
0.869981
0.958181
0.962695
0.954631
0.945413
0.851025
0.940847
0.970846
0.973265
0.970923
0.969643
0.943604
0.937745
0.967027
0.966452
0.973072
0.969888
0.938478
0.851022
0.945041
0.95457
0.954858
0.945093
0.851066
0.938467
0.969904
0.973169
0.966452
0.967029
0.937744
0.941023
0.970714
0.971386
0.97364
0.971746
0.939767
0.854235
0.94817
0.955746
0.954559
0.945018
0.851002
0.938448
0.969869
0.973031
0.966339
0.966987
0.93773
0.938409
0.967367
0.967845
0.97304
0.969939
0.938585
0.851127
0.945109
0.954571
0.954571
0.945109
0.851127
0.938585
0.969939
0.97304
0.967845
0.967367
0.938409
0.93773
0.966987
0.966339
0.973031
0.969869
0.938448
0.851002
0.945018
0.954559
0.945754
0.941297
0.836854
0.946402
0.97199
0.974534
0.970175
0.969901
0.945814
0.938521
0.966839
0.9664
0.973284
0.969446
0.940694
0.826838
0.937724
0.943487
0.953486
0.944525
0.848185
0.938631
0.969947
0.973562
0.966451
0.96703
0.937766
0.946904
0.97294
0.97016
0.975138
0.974827
0.945441
0.844356
0.948322
0.954195
0.943487
0.937724
0.826838
0.940694
0.969446
0.973284
0.9664
0.966839
0.938521
0.945814
0.969901
0.970175
0.974534
0.97199
0.946402
0.836854
0.941297
0.945754
0.978472
0.957807
0.882147
0.958733
0.978886
0.989168
0.971257
0.972291
0.945883
0.999468
0.999763
0.99943
0.996251
0.999106
0.998007
0.993689
0.997959
0.992261
0.954564
0.94504
0.851026
0.938462
0.969884
0.973035
0.966441
0.967026
0.937745
0.937745
0.967026
0.966441
0.973035
0.969884
0.938462
0.851026
0.94504
0.954564
0.992261
0.997959
0.993689
0.998007
0.999106
0.996251
0.99943
0.999763
0.999468
0.945883
0.972291
0.971257
0.989168
0.978886
0.958733
0.882147
0.957807
0.978472
0.954565
0.945041
0.85103
0.938463
0.969884
0.973036
0.966452
0.967027
0.937744
0.938409
0.967368
0.967845
0.973041
0.969939
0.938585
0.851126
0.945109
0.954572
0.960329
0.946499
0.854922
0.939381
0.970465
0.975835
0.966443
0.967085
0.937842
0.987186
0.994208
0.997854
0.981887
0.98852
0.972311
0.930989
0.978522
0.970838
0.954572
0.945108
0.851126
0.938585
0.969939
0.973041
0.967841
0.967367
0.938409
0.937744
0.967027
0.966452
0.973036
0.969884
0.938463
0.85103
0.945041
0.954565
0.96387
0.961679
0.877096
0.948466
0.979379
0.978486
0.973686
0.97733
0.946031
0.93787
0.96711
0.966458
0.975066
0.970389
0.939156
0.852888
0.946033
0.958178
0.943126
0.93749
0.826541
0.938429
0.968242
0.971057
0.9677
0.966736
0.938316
0.946871
0.972722
0.970123
0.973256
0.974021
0.945303
0.834401
0.944949
0.946404
0.958178
0.946033
0.852888
0.939156
0.970389
0.975066
0.966458
0.96711
0.93787
0.946031
0.97733
0.973686
0.978486
0.979379
0.948466
0.877096
0.961679
0.96387
0.954857
0.945092
0.851064
0.938466
0.969903
0.973168
0.966444
0.967027
0.937741
0.941023
0.970714
0.971386
0.97364
0.971746
0.939767
0.854235
0.94817
0.955745
0.962695
0.958181
0.869981
0.947823
0.978115
0.978032
0.972855
0.975062
0.945511
0.937836
0.967087
0.966452
0.974916
0.970333
0.939073
0.852747
0.945943
0.95787
0.955745
0.94817
0.854235
0.939767
0.971746
0.97364
0.971386
0.970714
0.941023
0.937741
0.967027
0.966444
0.973168
0.969903
0.938466
0.851064
0.945092
0.954857
0.96387
0.961683
0.87709
0.948589
0.979414
0.97849
0.974537
0.977545
0.946681
0.937871
0.967111
0.966461
0.975066
0.97039
0.939156
0.852889
0.946034
0.958178
0.95457
0.945041
0.851022
0.938478
0.969888
0.973072
0.966452
0.967027
0.937745
0.943604
0.969643
0.970923
0.973265
0.970846
0.940847
0.851025
0.945413
0.954631
0.958178
0.946034
0.852889
0.939156
0.97039
0.975066
0.966461
0.967111
0.937871
0.946034
0.977329
0.973676
0.978486
0.979379
0.948466
0.877089
0.961677
0.96387
0.857866
0.856662
0.626984
0.607615
0.860594
0.859803
0.939879
0.915576
0.719564
0.941333
0.981883
0.965189
0.955746
0.94817
0.854235
0.939767
0.971746
0.97364
0.971386
0.970714
0.941023
0.937744
0.967029
0.966452
0.973169
0.969904
0.938467
0.851066
0.945093
0.954858
0.965189
0.981883
0.941333
0.719564
0.915576
0.939879
0.859803
0.860594
0.607615
0.626984
0.856662
0.857866
0.95458
0.945043
0.851033
0.938463
0.969884
0.973039
0.966452
0.967027
0.937744
0.938149
0.968165
0.969945
0.973074
0.970139
0.938533
0.852273
0.945776
0.954694
0.943481
0.937723
0.826838
0.940679
0.969443
0.973249
0.9664
0.966839
0.938519
0.940064
0.96763
0.966623
0.974318
0.971116
0.944041
0.836819
0.941086
0.945709
0.95458
0.945042
0.851032
0.938462
0.969883
0.973039
0.966446
0.967025
0.937742
0.938149
0.968165
0.969945
0.973074
0.970139
0.938533
0.852273
0.945776
0.954694
0.954195
0.948322
0.844356
0.945441
0.974827
0.975138
0.97016
0.97294
0.946904
0.937766
0.96703
0.966451
0.973562
0.969947
0.938631
0.848185
0.944525
0.953486
0.829728
0.923857
0.867907
0.989487
0.967598
0.927146
0.996788
0.989095
0.996699
0.958178
0.946034
0.852889
0.939156
0.97039
0.975066
0.966461
0.967111
0.937871
0.946031
0.97733
0.973681
0.978486
0.979379
0.948466
0.877095
0.961679
0.96387
0.954631
0.945413
0.851025
0.940847
0.970846
0.973265
0.970923
0.969643
0.943604
0.937745
0.967025
0.966439
0.973072
0.969887
0.938478
0.851018
0.94504
0.954569
0.957276
0.982216
0.957649
0.983542
0.99109
0.977573
0.937967
0.965639
0.966074
0.969633
0.966641
0.938782
0.83087
0.935176
0.94142
0.94142
0.935176
0.83087
0.938782
0.966641
0.969633
0.966074
0.965639
0.937967
0.977573
0.99109
0.983542
0.957649
0.982216
0.957276
0.963873
0.961679
0.877096
0.948467
0.97938
0.9785
0.973686
0.97733
0.946031
0.940442
0.96855
0.969509
0.975163
0.97086
0.94005
0.852912
0.946167
0.958204
0.954694
0.945776
0.852273
0.938533
0.970139
0.973074
0.969945
0.968165
0.938149
0.937744
0.967027
0.966452
0.973039
0.969884
0.938463
0.851033
0.945043
0.95458
0.958204
0.946167
0.852912
0.94005
0.97086
0.975163
0.969509
0.96855
0.940442
0.946031
0.97733
0.973686
0.9785
0.97938
0.948467
0.877096
0.961679
0.963873
0.954555
0.945037
0.851024
0.938471
0.969883
0.973057
0.966482
0.967029
0.937758
0.943371
0.969428
0.970614
0.97322
0.970731
0.940706
0.850806
0.945233
0.954573
0.945709
0.941086
0.836819
0.944041
0.971116
0.974318
0.966623
0.96763
0.940064
0.938519
0.966839
0.9664
0.973249
0.969443
0.940679
0.826838
0.937723
0.943481
0.954573
0.945233
0.850806
0.940706
0.970731
0.97322
0.970614
0.969428
0.943371
0.937758
0.967029
0.966482
0.973057
0.969883
0.938471
0.851024
0.945037
0.954555
0.96387
0.961679
0.877096
0.948466
0.979379
0.978486
0.973686
0.97733
0.946031
0.937871
0.967111
0.966461
0.975066
0.97039
0.939156
0.852889
0.946034
0.958178
0.954694
0.945776
0.852273
0.938533
0.970139
0.973074
0.969945
0.968165
0.938149
0.937742
0.967025
0.966446
0.973039
0.969883
0.938462
0.851032
0.945042
0.95458
0.958178
0.946034
0.852889
0.939156
0.97039
0.975066
0.966461
0.967111
0.937871
0.946031
0.97733
0.973686
0.978486
0.979379
0.948466
0.877096
0.961679
0.96387
0.95458
0.945043
0.851033
0.938463
0.969884
0.973039
0.966452
0.967027
0.937744
0.938149
0.968165
0.969945
0.973074
0.970139
0.938533
0.852273
0.945776
0.954694
0.953486
0.944525
0.848185
0.938631
0.969947
0.973562
0.966451
0.96703
0.937766
0.946904
0.972937
0.970137
0.975138
0.974827
0.945441
0.844352
0.948321
0.954195
0.954694
0.945776
0.852273
0.938533
0.970139
0.973074
0.969945
0.968165
0.938149
0.937744
0.967027
0.966452
0.973039
0.969884
0.938463
0.851033
0.945043
0.95458
0.996699
0.989095
0.996788
0.927146
0.967598
0.989487
0.867907
0.923857
0.829728
0.953637
0.947867
0.845055
0.938636
0.97247
0.973855
0.976758
0.971803
0.941494
0.937668
0.966973
0.966428
0.973107
0.969799
0.938299
0.848123
0.944404
0.953241
0.953241
0.944404
0.848123
0.938299
0.969799
0.973107
0.966428
0.966973
0.937668
0.941494
0.971803
0.976758
0.973855
0.97247
0.938636
0.845055
0.947867
0.953637
0.944986
0.941245
0.837958
0.938522
0.969197
0.97128
0.969902
0.967907
0.93813
0.946435
0.971055
0.972068
0.971708
0.971279
0.94448
0.828171
0.938921
0.943168
0.963293
0.960809
0.876918
0.940941
0.976298
0.976312
0.975299
0.97575
0.942301
0.937752
0.967076
0.966457
0.974206
0.970175
0.93852
0.852883
0.945988
0.95797
0.943635
0.93846
0.828073
0.940767
0.969702
0.973327
0.969893
0.967977
0.938926
0.946059
0.970942
0.973197
0.974576
0.972231
0.946452
0.8381
0.942031
0.945901
0.862088
0.869884
0.625683
0.62697
0.85661
0.858167
0.856105
0.85613
0.626608
0.626982
0.856617
0.856179
0.94854
0.939012
0.83011
0.940704
0.969765
0.974712
0.966397
0.966876
0.938503
0.957159
0.984196
0.989985
0.9788
0.980949
0.949873
0.903254
0.969193
0.959814
0.872443
0.897637
0.708367
0.608171
0.861505
0.863208
0.954569
0.94504
0.851018
0.938478
0.969887
0.973072
0.966439
0.967025
0.937745
0.943604
0.969643
0.970923
0.973265
0.970846
0.940847
0.851025
0.945413
0.954631
0.863208
0.861505
0.608171
0.708367
0.897637
0.872443
0.959814
0.969193
0.903254
0.949873
0.980949
0.9788
0.989985
0.984196
0.957159
0.938503
0.966876
0.966397
0.974712
0.969765
0.940704
0.83011
0.939012
0.94854
0.856179
0.856617
0.626982
0.626608
0.85613
0.856105
0.858167
0.85661
0.62697
0.625683
0.869884
0.862088
0.987279
0.97028
0.905033
0.995414
0.998728
0.996517
0.996517
0.998728
0.995414
0.905033
0.97028
0.987279
0.924501
0.828871
0.702879
0.973641
0.924561
0.967048
0.831085
0.869606
0.953232
0.99653
0.988678
0.967038
0.988685
0.994644
0.998514
0.977052
0.986578
0.973054
0.988681
0.994642
0.986522
0.99947
0.998517
0.996541
0.989065
0.996541
0.998588
0.998588
0.996541
0.989065
0.996541
0.998517
0.99947
0.986522
0.994642
0.988681
0.973054
0.986578
0.977052
0.998514
0.994644
0.988685
0.967038
0.988678
0.99653
0.953232
0.869606
0.831084
0.967048
0.924561
0.973641
0.70288
0.828871
0.924502
0.979787
0.94208
0.876537
0.876537
0.94208
0.979787
0.937
0.802382
0.802101
0.936565
0.801399
0.801267
0.801684
0.801378
0.936568
0.936568
0.801378
0.801684
0.801267
0.801399
0.936565
0.802101
0.802382
0.937
0.807868
0.803473
0.937477
0.80249
0.802497
0.937103
0.936954
0.80227
0.802448
0.802448
0.80227
0.936954
0.937103
0.802497
0.80249
0.937477
0.803473
0.807868
0.935642
0.9363
0.800081
0.936486
0.936271
0.799112
0.799112
0.936271
0.936486
0.800081
0.9363
0.935642
0.955787
0.869692
0.823957
0.823957
0.869692
0.955787
0.802499
0.802473
0.937083
0.802097
0.801698
0.936709
0.936709
0.801698
0.802097
0.937083
0.802473
0.802499
0.937127
0.802594
0.802496
0.937073
0.802447
0.802354
0.80151
0.801892
0.936766
0.936766
0.801892
0.80151
0.802354
0.802447
0.937073
0.802496
0.802594
0.937127
0.882586
0.806493
0.938263
0.938263
0.806493
0.882586
0.927908
0.788127
0.787882
0.787882
0.788127
0.927908
0.936506
0.801257
0.801297
0.801297
0.801257
0.936506
0.92146
0.775578
0.782501
0.685817
0.748588
0.906311
0.906311
0.748588
0.685817
0.782501
0.775578
0.92146
0.769426
0.85155
0.942946
0.942946
0.85155
0.769426
0.801059
0.936457
0.936496
0.936496
0.936457
0.801059
0.0901836
0.107653
0.0901836
0.108676
0.0793624
0.108785
1
1
1
1
1
1
0.103955
1
0.103955
1
1
1
0.103955
1
0.108726
1
1
1
1
0.108756
1
1
1
1
1
1
1
1
1
0.0901836
1
1
0.107652
1
1
0.0901836
1
0.108564
1
1
1
1
1
0.107652
1
1
1
1
1
1
1
1
1
1
0.0793624
1
1
0.10856
1
1
1
0.0793623
1
1
1
1
0.108756
1
1
1
1
1
0.0899534
1
1
0.103924
0.999999
1
1
1
1
1
1
1
1
0.108564
0.994639
0.993693
0.107653
0.993729
0.993729
0.106863
0.986399
0.103725
0.994639
0.993936
0.993568
0.108793
0.995989
0.993689
0.993689
0.996804
1
1
1
1
1
1
1
1
1
0.123924
0.993932
0.993658
0.108564
0.994639
0.993693
0.0775398
0.993932
0.996029
0.107653
0.993729
0.993729
0.994532
0.248299
0.233856
0.108927
1
1
1
1
1
1
0.106863
0.986399
0.10879
0.993932
0.993689
1
1
0.103725
0.994639
0.993936
0.0793624
0.993664
0.995989
1
1
1
0.993568
0.108694
0.996804
0.993576
1
0.108789
0.995989
0.993689
0.072026
0.993689
0.996232
0.993689
0.996804
1
1
1
0.662288
0.0718204
1
1
0.662288
0.0718204
1
1
0.123924
0.993932
0.993658
0.0775398
0.993932
0.996029
0.994532
0.248299
0.233856
0.108927
1
1
1
1
1
1
0.10879
0.993932
0.993689
1
1
0.0793624
0.993664
0.995989
0.108694
0.996804
0.993576
1
0.0775398
0.993689
0.996029
1
1
1
1
1
1
1
1
1
1
1
1
1
1
1
1
1
1
1
1
1
1
1
1
1
1
1
1
1
1
1
0.108756
0.994639
0.993689
0.103955
0.993728
0.993932
0.108442
0.994639
0.992666
0.999981
0.991555
0.0901457
0.993693
0.994639
0.998758
0.10879
0.996808
0.993689
0.0793623
0.993628
0.995989
1
1
1
1
0.261822
0.993947
1
0.998878
1
1
1
1
0.108756
0.994639
0.993689
0.995989
0.996808
0.103955
0.993728
0.993932
0.994432
0.108848
0.0729014
0.993689
0.652903
0.999026
0.995617
0.995745
1
0.250765
0.236185
0.998944
1
1
0.999235
0.99927
1
1
1
1
1
1
1
0.108442
0.994639
0.992666
0.999981
0.991555
0.108756
0.995989
0.993689
0.999998
1
0.0901457
0.993693
0.994639
0.993689
0.994639
0.998758
0.108397
0.992893
0.999999
0.99812
1
1
1
1
1
0.108756
0.995989
0.993689
0.072026
0.994643
0.995588
0.0793623
0.993628
0.995989
0.99298
0.997938
1
1
0.106784
0.987022
0.999981
0.991546
0.87761
0.10851
0.993433
0.084744
0.667204
0.997525
1
1
0.999998
1
1
0.999577
0.87761
0.10851
0.993433
0.084744
0.667204
0.997525
0.106784
0.987022
0.999981
0.991546
1
0.999577
1
1
0.999998
1
0.261822
0.993947
1
0.998878
1
1
1
1
0.995989
0.996808
0.0729014
0.993689
0.652903
0.994432
0.108848
0.999026
0.995617
0.995745
0.250765
0.236185
1
0.998944
1
1
0.999235
0.99927
1
1
1
1
1
1
1
0.108756
0.995989
0.993689
0.999998
1
0.0901836
0.993689
0.994639
0.108397
0.992893
0.999999
0.99812
1
1
1
1
1
0.0853862
0.996029
0.994882
0.99298
0.997938
1
1
1
1
1
1
1
1
1
1
1
1
1
1
1
1
1
1
1
1
1
1
1
1
1
1
1
1
1
1
1
1
1
1
1
1
1
1
1
1
1
1
1
1
1
1
0.0793624
0.619124
0.661511
0.108789
0.610964
0.6105
0.777907
0.143238
0.182469
0.0793536
0.619124
0.661511
0.102483
0.610312
0.603046
0.107653
0.661511
0.610964
1
1
1
1
1
1
1
1
1
1
1
1
1
1
1
1
1
1
1
1
1
0.108765
0.612759
0.610491
1
1
1
0.0793624
0.619124
0.661511
0.612759
0.699067
1
1
1
1
1
1
0.108789
0.610964
0.6105
1
1
1
0.777907
0.143238
0.182469
0.107272
0.108756
0.612759
0.610508
1
1
1
1
1
1
1
1
1
0.0793536
0.619124
0.661511
0.103955
0.610441
0.612758
1
1
1
0.102483
0.610312
0.603046
0.698993
0.612758
0.107653
0.661511
0.610964
0.103955
0.610508
0.61276
1
1
1
1
1
1
0.107653
0.610501
0.610964
0.108765
0.612759
0.610491
1
1
1
0.612759
0.699067
0.108756
0.612759
0.610508
1
1
1
1
1
1
0.103955
0.610441
0.612758
0.698993
0.612758
1
1
1
1
1
1
1
1
1
1
1
1
1
1
1
1
1
1
1
1
1
1
1
1
1
1
1
1
1
1
1
1
1
1
1
1
1
1
1
1
1
1
1
1
1
1
1
1
1
1
1
1
1
1
1
1
1
0.499889
0.800348
0.804217
0.804101
0.130285
0.108564
0.619124
0.610573
0.610961
0.661511
0.108566
0.619124
0.610574
0.708166
0.103517
0.98938
0.99645
0.996508
0.798745
0.800085
0.999853
0.965056
0.999283
0.0901836
0.610573
0.619124
0.103955
0.699067
0.612759
1
1
1
1
1
1
1
1
1
1
1
1
1
1
1
1
1
1
1
1
0.998876
1
0.998821
1
1
1
0.108564
0.619124
0.610573
0.0890469
0.661511
0.619589
0.0793623
0.610961
0.661511
0.108423
0.610561
0.610097
0.998834
0.997629
0.658231
1
1
1
0.999603
1
1
0.708166
0.103517
0.108566
0.619124
0.610574
0.98938
0.99645
0.996508
0.798745
0.800085
0.999853
0.965056
0.999283
0.0901836
0.661511
0.619124
1
0.999435
0.999446
0.999983
1
1
1
1
1
0.999895
0.0901836
0.610573
0.619124
0.108756
0.610508
0.610508
0.0735259
0.446653
0.997576
0.900792
1
1
0.999587
1
0.0901836
0.661519
0.619124
0.0899533
0.619198
0.619207
0.10856
0.610916
0.610574
0.612427
0.627171
0.882664
0.999999
0.997919
0.999245
1
1
1
1
1
1
0.999887
1
0.804217
0.129059
0.804101
0.130285
0.882664
0.999999
0.997919
0.999245
1
1
1
1
1
1
0.999887
1
0.499889
0.124711
0.800348
0.998876
1
0.998821
1
1
1
0.0890469
0.661511
0.619589
0.108423
0.610561
0.610097
0.998834
0.997629
0.658231
1
1
1
0.999603
1
1
0.0901836
0.661511
0.619124
1
0.999435
0.999446
0.999983
1
1
1
1
1
0.999895
0.108756
0.610508
0.610508
0.0735259
0.446653
0.997576
0.900792
1
1
0.999587
1
0.0775397
0.661975
0.661984
1
1
1
1
1
1
1
1
1
1
1
1
1
1
1
1
1
1
1
1
1
1
1
1
1
1
1
1
1
1
1
1
1
1
1
1
1
1
1
1
1
1
1
1
1
1
1
1
1
1
1
1
1
1
1
1
1
1
1
1
1
1
0.0874439
0.525283
0.653315
0.603556
0.0901836
0.610573
0.619124
0.108789
0.610964
0.6105
0.0337321
0.608562
0.39604
0.800316
0.130303
0.804461
0.124698
0.890285
0.217835
0.222739
0.179514
0.209038
0.959712
0.0901457
0.612833
0.619133
0.0865487
0.57331
0.887429
0.724753
0.108564
0.610499
0.610573
1
1
1
1
1
1
1
1
1
1
1
1
1
1
1
1
1
1
1
1
0.108865
0.610769
0.610456
0.0901836
0.610573
0.619124
0.0775398
0.661976
0.661975
0.108789
0.610964
0.6105
0.170728
0.15383
0.100451
0.602493
0.956851
0.209836
0.19318
0.778387
0.613421
0.106788
0.61132
1
1
1
1
1
1
1
1
0.800316
0.130303
0.804461
0.124698
0.0337321
0.608562
0.39604
0.890285
0.217835
0.222739
0.179514
0.209038
0.959712
0.10879
0.6105
0.6105
1
1
1
1
1
1
0.0901457
0.612833
0.619133
0.0901834
0.661511
0.619124
0.0865487
0.57331
0.887429
0.724753
0.107651
0.610351
0.61096
1
1
1
1
0.108564
0.6105
0.610573
0.0901835
0.663817
0.619133
0.103955
0.698993
0.612759
0.554318
0.447404
1
1
0.0874439
0.525283
0.653315
0.603556
1
1
1
1
0.554318
0.447404
1
1
1
1
1
1
0.108865
0.610769
0.610456
0.0775398
0.661976
0.661975
0.170728
0.15383
0.100451
0.602493
0.956851
0.209836
0.19318
0.778387
0.613421
0.106788
0.61132
1
1
1
1
1
1
1
1
0.10879
0.6105
0.6105
1
1
1
1
1
1
0.661511
0.619124
0.107651
0.610351
0.61096
1
1
1
1
1
1
1
1
1
1
1
1
1
1
1
1
1
1
1
1
1
1
1
1
1
1
1
1
1
1
1
1
1
1
1
1
1
1
1
1
1
1
1
1
1
1
0.661512
0.0900419
0.619164
0.0792452
0.619164
0.108373
0.610615
0.090042
0.610615
0.090042
0.619164
0.108373
0.61055
0.108565
0.61055
0.108565
0.610541
0.107466
0.611006
0.108597
0.610541
0.107466
0.611006
0.108597
0.661512
0.107465
0.611003
0.0792452
0.698959
0.612801
0.143751
0.183992
0.180192
0.210825
0.218674
0.224696
0.396746
0.106682
0.608617
0.0336972
0.798378
0.799949
0.996458
0.996404
0.483864
0.486794
0.221091
0.226097
0.610616
0.619164
0.108375
0.610553
0.108253
0.610307
0.10857
0.661513
0.090042
0.619164
0.0792365
0.619173
0.103551
0.612875
0.0900043
0.619164
0.108373
0.610615
0.090042
0.661512
0.0900043
0.619173
0.0792453
0.724953
0.887613
0.603103
0.108486
0.610356
0.102316
0.573421
0.0864225
0.937949
0.893426
0.968286
0.999261
0.611006
0.0792452
0.661512
0.107466
0.610615
0.108597
0.610541
0.108373
0.619164
0.0788614
0.661585
0.090042
0.612801
0.108565
0.61055
0.10378
0.611006
0.108593
0.610542
0.107466
0.612801
0.698959
0.10378
0.610615
0.610961
0.611006
0.0792452
0.661512
0.107466
0.803277
0.103391
0.707472
0.130028
0.997739
0.899012
0.656182
0.788288
0.108756
0.610508
0.610508
0.612759
0.698993
0.108761
0.61026
0.610512
0.779492
0.130284
0.804204
0.123682
0.811088
0.878534
0.97795
0.220249
0.22413
0.960816
0.483681
0.485866
0.92992
0.88049
0.0793624
0.619133
0.661511
0.999264
0.968274
0.893249
0.937877
0.107653
0.6105
0.610964
1
1
1
1
1
1
1
1
1
1
1
1
1
1
1
1
1
1
0.612852
0.803644
1
0.999999
1
1
1
1
0.108756
0.610508
0.610508
0.0991171
0.699075
0.615019
0.612759
0.698993
0.0848188
0.571445
0.878658
0.722982
0.613323
0.101791
0.60494
0.107168
0.440637
0.608777
0.999848
0.796871
0.794143
0.989598
0.961542
0.498088
0.488181
0.978652
0.999245
0.96548
0.883729
0.931697
0.999983
0.999999
0.999999
1
1
1
1
1
1
1
1
1
0.999887
1
1
1
0.779492
0.130284
0.804204
0.123682
0.811088
0.878534
0.108761
0.61026
0.610512
0.97795
0.220249
0.22413
0.960816
0.483681
0.485866
0.92992
0.88049
0.103955
0.610508
0.612759
1
1
1
1
1
1
1
1
1
1
0.0793624
0.619133
0.661511
0.108564
0.619124
0.610573
0.999264
0.968274
0.893249
0.937877
0.086074
0.610037
0.570946
0.662628
0.552353
0.668077
0.795731
0.999887
1
1
1
1
1
1
1
0.103955
0.610508
0.612759
0.079296
0.627751
0.66161
0.107653
0.661511
0.610964
0.46365
0.620714
0.552478
0.997811
0.892505
0.624528
0.769954
1
1
1
1
0.999655
1
1
1
0.892367
0.986512
0.999989
0.996318
0.610531
0.10378
0.612801
0.610471
0.100849
0.600956
0.872723
0.704623
0.0826236
0.556805
1
1
0.999999
1
1
1
1
1
0.698959
0.10378
0.612801
0.661512
0.107461
0.611007
0.0792452
0.619164
0.0792453
0.661512
0.0900419
0.612801
0.108336
0.610623
0.10378
0.248722
0.235324
0.194317
0.21018
0.611319
0.0336607
0.411994
0.154736
0.170983
0.251189
0.237679
0.488856
0.49805
0.995571
0.995694
0.793969
0.796477
0.610143
0.10837
0.610602
0.108234
0.608826
0.0728137
0.440977
0.106986
0.613152
0.10885
0.613329
0.570973
0.10849
0.612994
0.793503
0.899459
1
1
1
1
1
1
1
1
1
1
1
1
0.999224
0.999257
0.999999
0.999999
1
1
0.61055
0.10378
0.612801
0.108565
0.610541
0.108598
0.610541
0.108598
0.619164
0.0792452
0.661512
0.090042
0.612801
0.108565
0.61055
0.10378
0.803277
0.103391
0.707472
0.130028
0.997739
0.899012
0.656182
0.788288
1
1
1
1
1
1
1
1
1
1
0.999435
0.999425
1
1
1
1
0.999629
1
1
1
0.612799
0.108535
0.610483
0.10378
0.619163
0.0792452
0.661512
0.0900417
0.61055
0.108565
0.61055
0.108565
0.610615
0.619164
0.108373
0.900793
0.997563
0.795973
0.668653
0.6128
0.698959
0.611001
0.108504
0.610394
0.107465
0.446991
0.0734342
0.552837
0.663207
0.57106
0.108208
0.610082
0.0859512
1
1
1
1
1
1
1
0.999886
1
0.999584
1
1
1
1
1
1
0.612801
0.108565
0.61055
0.10378
0.619165
0.0774299
0.661977
0.0900419
0.661595
0.0889099
0.619629
0.0788613
0.699041
0.0852608
0.621424
0.770488
0.625628
0.892587
0.997797
0.553399
0.621813
0.627378
0.103748
0.612476
0.464358
1
1
1
0.999652
1
1
1
1
0.892367
0.986512
0.999989
0.996318
0.610531
0.10378
0.612801
0.108558
0.610471
0.600956
0.108531
0.872723
0.704623
0.0826236
0.556805
1
1
0.999999
1
1
1
1
1
0.661512
0.619164
0.0792452
0.619164
0.108373
0.610615
0.090042
0.610615
0.090042
0.619164
0.108373
0.61055
0.108565
0.61055
0.108565
0.698959
0.10378
0.612801
0.661512
0.107461
0.611007
0.0792452
0.619164
0.0792453
0.661512
0.0900419
0.612801
0.108336
0.610623
0.10378
0.613152
0.10885
0.613329
0.570973
0.10849
0.612994
0.793503
0.899459
0.610541
0.107466
0.611006
0.108597
0.610541
0.107466
0.611006
0.108597
0.661512
0.107465
0.611003
0.0792452
0.698959
0.10378
0.612801
0.248722
0.235324
0.194317
0.21018
0.611319
0.0336607
0.411994
0.154736
0.170983
0.251189
0.237679
0.488856
0.49805
0.995571
0.995694
0.793969
0.796477
0.610143
0.10837
0.610602
0.108234
0.608826
0.0728137
0.440977
0.106986
1
1
1
1
1
1
1
1
1
1
1
1
1
1
0.999224
0.999257
0.999999
0.999999
0.143751
0.183992
0.180192
0.210825
0.218674
0.224696
0.396746
0.106682
0.608617
0.0336972
0.799949
0.798378
0.996458
0.996404
0.486794
0.483864
0.221091
0.226097
0.610616
0.619164
0.108375
0.610553
0.108253
0.610307
0.10857
0.61055
0.103908
0.613055
0.108565
0.610541
0.108598
0.610541
0.108598
0.619164
0.661512
0.090042
0.612801
0.108565
0.61055
0.10378
0.999629
1
1
1
1
1
1
1
1
1
1
1
1
1
0.999435
0.999425
1
1
1
1
0.786353
0.0904832
0.620835
0.759239
0.0990863
0.615315
0.619164
0.108373
0.610615
0.090042
0.661513
0.088933
0.619659
0.0792452
0.612799
0.108535
0.610483
0.619163
0.0792452
0.661512
0.0900417
0.61055
0.108565
0.61055
0.108565
0.610615
0.619164
0.108373
0.724953
0.887613
0.603103
0.108486
0.610356
0.102316
0.573421
0.0864225
0.937949
0.893426
0.968286
0.999261
0.900793
0.997563
0.795973
0.668653
0.6128
0.698959
0.10378
0.611001
0.108504
0.610394
0.107465
0.446991
0.0734342
0.552837
0.663207
0.57106
0.108208
0.610082
0.0859512
1
1
1
1
1
1
1
0.999886
1
0.999584
1
1
1
1
1
1
0.611006
0.0792452
0.661512
0.107466
0.610615
0.108597
0.610541
0.108373
0.619164
0.0788614
0.661585
0.090042
0.612801
0.108565
0.61055
0.10378
0.612801
0.108565
0.61055
0.10378
0.619165
0.0774299
0.661977
0.0900419
0.661595
0.0889099
0.619629
0.0788613
0.699041
0.0852608
0.621424
0.611006
0.108593
0.610542
0.107466
0.612801
0.698959
0.10378
0.610615
0.107465
0.610961
0.10837
0.611006
0.0792452
0.661512
0.107466
0.770488
0.625628
0.892587
0.997797
0.553399
0.621813
0.627378
0.103748
0.612476
0.464358
1
1
1
0.999652
1
1
1
1
0.612852
0.803644
1
0.999999
1
1
1
1
0.0991171
0.699075
0.615019
0.107168
0.440637
0.608777
0.0848188
0.571445
0.878658
0.722982
0.613323
0.101791
0.60494
0.796871
0.794143
0.999848
0.989598
0.961542
0.498088
0.488181
0.978652
0.999245
0.96548
0.883729
0.931697
0.999999
0.999999
0.999983
1
1
1
1
1
1
1
1
1
0.999887
1
1
1
0.103955
0.610508
0.612759
1
1
1
1
1
1
1
1
1
1
0.108564
0.619124
0.610573
0.086074
0.610037
0.570946
0.662628
0.552353
0.668077
0.795731
0.999887
1
1
1
1
1
1
1
0.46365
0.620714
0.552478
0.997811
0.892505
0.624528
0.769954
1
1
1
1
0.999655
1
1
1
1
1
1
1
1
1
1
1
1
1
1
1
1
1
1
1
1
1
1
1
1
1
1
1
1
1
1
1
1
1
1
1
1
1
1
1
1
1
1
1
1
1
1
1
1
1
1
1
1
1
1
1
1
1
1
1
1
1
1
1
1
1
1
1
1
1
1
1
1
1
1
1
1
1
1
1
1
1
1
1
1
1
1
1
1
1
1
1
1
1
1
1
1
1
1
1
1
1
1
1
0.274316
0.289336
0.108564
0.298655
0.300098
0.0793624
0.274316
0.289336
0.108365
0.300229
0.29963
0.289336
0.274316
0.107653
0.610501
0.610964
0.107653
0.293074
0.298655
0.274316
0.289336
0.0901836
0.293074
0.274315
0.108564
0.298655
0.300098
0.107653
0.293074
0.298655
0.0793624
0.274316
0.289336
0.108555
0.300341
0.300079
0.108365
0.300229
0.29963
0.0793622
0.34809
0.289336
0.289336
0.274316
0.108564
0.300407
0.300098
0.108756
0.300453
0.300407
0.107653
0.293074
0.298655
0.0901836
0.293074
0.274315
0.107653
0.293074
0.298655
0.108555
0.300341
0.300079
0.0793622
0.34809
0.289336
0.103955
0.610508
0.612759
0.89178
0.999981
0.998011
0.997972
0.103955
0.274316
0.293074
0.286251
0.244582
0.298653
0.293073
0.274316
0.293074
0.999015
0.999999
0.997802
0.268526
0.107653
0.300098
0.298655
0.244582
0.244581
0.292436
0.0793623
0.347923
0.289324
0.286288
0.277455
0.10856
0.610916
0.610574
0.26176
0.998743
1
0.999298
0.26859
1
1
1
1
0.344374
0.286251
0.103955
0.274316
0.293074
0.244582
0.244581
0.289334
0.34806
0.277455
0.277433
0.103955
0.298653
0.293073
0.293167
0.10874
0.300089
0.300369
0.293144
0.103955
0.274316
0.293074
0.999015
0.999999
0.997802
0.268526
0.277433
0.289336
0.34809
0.285969
1
1
1
1
1
1
0.244582
0.107653
0.300098
0.298655
0.244581
0.293161
0.108789
0.300408
0.30046
0.277455
0.292436
0.29312
0.286288
0.289263
0.348086
0.277455
0.277484
0.102814
0.273947
0.291261
0.244581
0.26176
0.108563
0.298641
0.300093
0.998743
1
0.999298
0.26859
0.0900375
0.29295
0.273512
0.999775
0.999264
0.961538
0.291879
1
1
1
0.999896
1
1
1
1
1
1
1
0.999998
0.999692
1
0.89178
0.999981
0.998011
0.997972
1
1
1
1
1
0.999998
0.999692
1
0.344374
0.289334
0.34806
0.277455
0.10874
0.300089
0.300369
0.289336
0.34809
0.277433
0.285969
1
1
1
1
1
1
0.108789
0.300408
0.30046
0.293161
0.277455
0.29312
0.0853862
0.287299
0.266978
0.277484
0.244581
0.612427
0.627171
0.999775
0.999264
0.961538
0.291879
1
1
1
0.999896
1
1
1
1
1
1
1
1
1
1
1
1
0.0892963
0.0916522
0.107653
0.300098
0.298655
0.108564
0.298655
0.300098
0.100774
0.296717
0.284471
0.794472
0.602908
0.495489
0.106511
0.292704
0.296842
0.202431
0.0902793
0.619841
0.260409
0.256073
0.296973
0.10879
0.300466
0.30046
0.103955
0.698993
0.612759
1
1
1
1
1
1
1
1
1
1
1
1
1
1
1
1
1
1
1
1
1
0.112035
0.324856
0.305953
0.107653
0.300098
0.298655
0.0853862
0.287298
0.266978
0.108564
0.298655
0.300098
0.0504737
0.0866104
0.0335893
0.624284
0.229562
0.244273
0.301206
0.108885
1
1
1
1
1
1
0.100774
0.296717
0.284471
0.794472
0.602908
0.495489
0.108794
0.30046
0.300467
1
1
1
1
1
1
0.106511
0.292704
0.296842
0.289336
0.34809
0.202422
0.0902791
0.619841
0.260408
0.256073
0.108733
0.300267
0.300356
1
1
1
1
1
1
0.108789
0.30046
0.30046
0.281534
0.347461
0.34809
0.289336
1
1
1
1
1
1
0.2117
0.0875728
0.0892963
0.0916522
0.2117
0.0875728
0.112035
0.324856
0.305953
0.0853862
0.287298
0.266978
0.0504737
0.0866104
0.0335893
0.624284
0.229562
0.244273
0.301206
0.108885
1
1
1
1
1
1
0.108794
0.30046
0.300467
1
1
1
1
1
1
0.289336
0.34809
0.108733
0.300267
0.300356
1
1
1
1
1
1
0.0901836
0.661975
0.619125
1
1
1
1
1
1
1
1
1
1
1
1
1
1
1
1
1
1
1
1
1
1
1
1
1
1
1
1
1
1
1
1
1
1
1
1
1
1
1
1
1
1
1
1
1
1
1
0.496451
0.986423
0.60408
0.794578
0.573513
0.991246
0.612889
0.9168
0.761207
0.991572
0.995995
0.609408
0.764435
0.992136
0.615426
0.995739
0.88986
0.999981
0.998112
0.997892
0.290384
0.296966
0.284491
0.108789
0.300408
0.30046
0.28476
0.261762
0.0901836
0.293074
0.274316
0.108757
0.299797
0.300396
0.278485
0.997906
0.99811
0.889775
0.608235
0.995988
0.760635
0.286268
0.0793536
0.274256
0.289327
0.26176
0.277484
0.0896293
0.0917478
0.257767
0.263264
0.296247
0.989151
0.995243
0.9794
0.645904
0.263027
0.26938
0.977205
0.977034
0.270023
0.276484
0.108756
0.30046
0.300408
0.210904
0.244454
0.107653
0.661511
0.610964
0.268525
0.285969
1
1
1
1
1
1
1
1
1
1
1
1
1
1
1
1
1
1
1
1
1
1
1
1
1
0.291787
0.390242
0.466814
0.205403
0.28476
0.108789
0.300408
0.30046
0.261762
0.277455
0.0789766
0.347893
0.288891
0.244581
0.210941
0.293074
0.274316
0.268451
0.257824
0.301056
0.108485
0.085674
0.210951
0.255316
0.544748
0.988138
0.795052
0.997765
0.980673
0.98042
0.629272
0.242034
0.257085
0.994912
0.260156
0.25102
0.999645
0.999904
0.999898
1
1
1
1
1
0.999059
1
0.278485
0.108757
0.299797
0.300396
0.997906
0.99811
0.889775
0.608235
0.995988
0.760635
0.286268
0.210901
0.108564
0.300408
0.300098
0.244456
0.99968
1
1
1
1
1
0.26176
0.0793536
0.274256
0.289327
0.277484
0.292838
0.274316
0.293074
0.268578
0.0896293
0.0917478
0.257767
0.263264
0.989151
0.995243
0.9794
0.645904
0.263027
0.26938
0.977205
0.977034
0.270023
0.276484
0.293136
0.107149
0.299703
0.297361
0.290326
0.999955
0.99914
0.999881
1
1
1
1
1
1
1
0.999847
0.999842
1
1
0.210904
0.108564
0.300408
0.300098
0.244454
0.244581
0.072026
0.248823
0.281534
0.277455
0.268525
0.289336
0.274316
0.285969
0.802683
0.862248
0.758037
0.999495
0.865607
0.921758
1
1
1
1
1
1
0.297025
0.100472
0.626784
0.800159
0.516718
0.998042
0.997748
0.892985
0.631813
0.995842
0.772677
0.795145
0.653486
0.988151
0.545235
0.300418
0.108882
0.254205
0.101775
1
1
1
1
1
1
0.99964
1
1
1
1
1
1
1
1
1
1
1
1
1
1
1
1
1
1
1
1
1
1
1
1
1
1
0.999998
0.999677
1
0.296966
0.284491
0.961584
0.999999
0.999775
0.999261
0.921928
0.997941
0.999495
0.865977
0.758354
0.992989
0.802774
0.862621
1
1
1
0.999895
1
1
1
1
1
1
1
1
1
1
1
1
0.300418
0.108882
0.254205
0.101775
0.297025
0.100472
0.626784
0.800159
0.516718
0.998042
0.997748
0.892985
0.631813
0.995842
0.772677
0.795145
0.653486
0.988151
0.545235
1
1
1
1
1
1
0.99964
1
1
1
1
1
0.496451
0.986423
0.60408
0.794578
0.573513
0.991246
0.9168
0.612889
0.761207
0.991572
0.995995
0.609408
0.764435
0.992136
0.995739
0.615426
0.88986
0.999981
0.998112
0.997892
1
1
1
1
1
1
1
1
1
1
1
1
1
1
1
1
1
1
1
1
1
0.999998
0.999677
1
0.290384
0.961584
0.999999
0.999775
0.999261
0.921928
0.997941
0.999495
0.865977
0.758354
0.992989
0.802774
0.862621
1
1
1
0.999895
1
1
1
1
1
1
1
1
1
1
1
1
0.440224
0.390242
0.466814
0.291787
0.205403
0.0789766
0.347893
0.288891
0.244581
0.085674
0.210951
0.255316
0.544748
0.988138
0.795052
0.257824
0.301056
0.108485
0.980673
0.98042
0.997765
0.629272
0.242034
0.257085
0.994912
0.260156
0.999904
0.999898
0.999645
1
1
1
1
1
0.999059
1
0.108564
0.300408
0.300098
0.210901
0.244456
0.99968
1
1
1
1
1
0.103955
0.274316
0.293074
0.292838
0.268578
0.107149
0.299703
0.297361
0.293136
0.290326
0.999955
0.99914
0.999881
1
1
1
1
1
1
1
0.999847
0.999842
1
1
0.621384
0.69914
0.244581
0.277455
0.802683
0.862248
0.758037
0.999495
0.865607
0.921758
1
1
1
1
1
1
1
1
1
1
1
1
1
1
1
1
1
1
1
1
1
1
1
1
1
1
1
1
1
1
1
1
1
1
1
1
1
1
1
1
1
1
1
1
1
1
1
1
1
1
1
1
1
1
1
1
1
1
1
1
1
1
1
1
1
1
1
1
1
1
1
1
1
1
1
1
1
1
1
1
1
1
1
1
1
1
1
1
1
1
1
0.289336
0.34809
0.108756
0.30046
0.300408
0.0629985
0.0355548
0.497464
0.129046
0.0965688
0.342214
0.0933642
0.289327
0.34809
0.107125
0.28849
0.297289
0.103955
0.298655
0.293074
1
1
1
1
1
1
1
1
1
1
1
1
1
1
1
1
1
1
1
1
1
1
1
1
1
1
1
1
1
1
1
1
1
1
1
1
0.108565
0.300415
0.300098
0.289336
0.34809
0.0793623
0.347923
0.289324
0.108756
0.30046
0.300408
0.0629985
0.0355548
0.497464
0.129046
0.0965688
0.342214
0.108564
0.300408
0.300098
1
1
1
1
1
1
0.289327
0.34809
0.107651
0.293072
0.298649
0.107125
0.28849
0.297289
0.293073
0.274315
0.103955
0.298655
0.293074
0.107653
0.293074
0.298655
0.108564
0.298655
0.300098
0.300415
0.300098
0.0793623
0.347923
0.289324
0.108564
0.300408
0.300098
1
1
1
1
1
1
0.107651
0.293072
0.298649
0.293073
0.274315
1
1
1
1
1
1
1
1
1
1
1
1
1
1
1
1
1
1
1
1
1
1
1
1
1
1
1
1
1
1
1
1
1
1
1
1
1
1
1
1
1
1
1
1
1
1
1
1
1
1
1
1
1
1
1
1
1
1
1
1
1
1
1
1
1
1
1
1
1
1
1
1
1
1
1
1
1
1
1
1
1
1
1
1
1
1
1
1
1
1
1
1
1
1
1
1
1
1
1
1
1
1
1
1
1
1
1
1
0.371771
0.261911
0.378315
0.130087
0.379798
0.130303
0.107653
0.300098
0.298655
0.291174
0.277484
0.0901835
0.289336
0.274316
0.300101
0.298656
0.200287
0.321134
0.0876292
0.983023
0.982803
0.99799
0.89124
0.935082
0.934458
0.995726
0.797973
0.284763
0.103955
0.274316
0.293074
0.277484
0.277455
0.290263
0.0901836
0.293074
0.274315
0.268451
0.244581
0.261762
0.284776
1
1
1
1
1
1
1
1
1
1
1
1
1
1
1
1
1
1
1
1
1
1
1
1
1
1
1
1
1
1
1
1
1
1
1
1
1
1
1
1
1
1
1
1
1
1
1
1
1
1
1
1
1
1
1
1
1
1
1
1
1
1
1
1
1
1
1
1
1
1
1
1
1
1
1
1
1
1
1
1
1
1
1
1
1
1
1
1
1
1
1
1
1
1
1
1
1
1
1
1
1
1
1
1
1
1
1
1
1
1
1
1
1
1
1
1
1
1
1
1
1
1
1
1
1
1
1
1
1
1
1
1
1
1
0.284771
0.291174
0.107653
0.300098
0.298655
0.277484
0.277455
0.0789767
0.272509
0.288903
0.244581
0.244454
0.289336
0.274316
0.29312
0.108709
0.299764
0.300299
0.898857
0.999984
0.998565
0.993419
0.789906
0.997024
0.293051
1
1
1
1
1
1
1
0.999999
1
1
1
1
0.200287
0.321134
0.0876292
0.107653
0.300101
0.298656
0.983023
0.982803
0.99799
0.89124
0.935082
0.934458
0.995726
0.797973
0.284763
0.244454
0.274316
0.289336
0.268524
0.999696
0.999934
0.999932
1
0.999994
0.999994
1
1
0.99926
0.999999
0.277484
0.103955
0.274316
0.293074
0.277455
0.293171
0.108789
0.300408
0.30046
0.244583
0.290263
0.293167
0.213292
0.088429
0.0898318
0.268451
0.0793624
0.274316
0.289336
0.244581
0.244582
0.102814
0.273944
0.291261
0.277455
0.261762
0.108721
0.300092
0.300351
0.284776
0.0791282
0.310494
0.283469
0.287329
0.658812
0.79015
0.993426
0.997026
0.997616
0.898853
0.998565
0.999984
1
1
1
1
0.9996
1
1
0.999999
1
1
1
1
1
1
1
1
0.378315
0.130087
0.379798
0.130303
0.658812
0.79015
0.993426
0.997026
0.997616
0.898853
0.998565
0.999984
1
1
1
1
0.9996
1
1
0.999999
1
1
1
1
1
1
1
1
0.371771
0.107322
0.261911
0.284771
0.0789767
0.272509
0.288903
0.244581
0.108709
0.299764
0.300299
0.898857
0.999984
0.998565
0.993419
0.789906
0.997024
1
1
1
1
1
1
1
0.999999
1
1
1
1
0.0793624
0.274316
0.289336
0.244454
0.268524
0.999696
0.999934
0.999932
1
0.999994
0.999994
1
1
0.99926
0.999999
0.108789
0.300408
0.30046
0.293171
0.244583
0.213292
0.088429
0.293167
0.0898318
0.0853861
0.287287
0.266978
0.244582
0.277455
0.287329
1
1
1
1
1
1
1
1
1
1
1
1
1
1
1
1
1
1
1
1
1
1
1
1
1
1
1
1
1
1
1
1
1
1
1
1
1
1
1
1
1
1
1
1
1
1
1
1
1
1
1
1
1
1
1
1
1
1
1
1
1
1
1
1
1
1
1
1
1
1
1
1
1
1
1
1
1
1
1
1
1
1
1
1
1
1
1
1
1
1
1
1
1
1
1
1
1
1
1
1
1
1
1
1
1
1
1
1
1
1
1
1
1
1
1
1
1
1
1
1
1
1
1
1
1
1
1
1
1
1
1
1
1
1
1
1
1
1
1
1
1
1
1
1
1
1
1
1
1
1
1
1
1
1
1
1
1
1
1
1
1
1
1
1
1
1
1
1
1
1
1
1
1
1
1
1
1
1
1
1
1
1
1
1
1
1
1
1
1
1
1
1
1
1
1
1
1
1
1
1
1
1
1
1
1
1
1
1
1
1
1
1
1
1
1
1
1
1
1
1
1
1
1
1
1
1
1
1
1
1
1
1
1
1
1
1
1
1
1
1
1
1
1
1
1
1
1
1
1
1
1
1
1
1
1
1
1
1
1
1
1
1
1
1
1
1
1
1
1
1
1
1
1
1
1
1
1
1
1
1
1
1
1
1
1
1
1
1
1
1
1
1
1
1
1
1
1
1
1
1
1
1
1
1
1
1
1
1
1
1
1
1
1
1
1
1
1
1
1
1
1
1
1
1
1
1
1
1
1
1
1
1
1
1
1
1
1
1
1
1
1
1
1
1
1
1
1
1
1
1
1
1
1
1
1
1
1
1
1
1
1
1
1
1
1
1
1
1
1
1
1
1
1
1
1
1
1
1
1
1
1
1
1
1
1
1
1
1
1
1
1
1
1
1
1
1
0.261143
0.0486509
0.103955
0.274316
0.293074
0.108756
0.30046
0.300408
0.0817267
0.141785
0.243621
0.379832
0.130088
0.371746
0.221912
0.213643
0.609685
0.570626
0.219052
0.202559
0.103725
0.274256
0.292704
0.0742672
0.257476
0.215784
0.3161
0.178811
0.122253
0.267976
0.58867
0.219805
0.244552
0.296863
0.108756
0.300098
0.300408
1
1
1
1
1
1
1
1
1
1
1
1
1
0.109358
0.300577
0.301423
0.274316
0.293074
0.0853862
0.287299
0.266978
0.108756
0.30046
0.300408
0.103226
0.116948
0.410506
0.0813512
0.284244
0.217895
0.233402
0.514836
0.108516
0.297033
1
1
1
1
1
1
0.379832
0.130088
0.371746
0.129058
0.0817267
0.141785
0.243621
0.221912
0.213643
0.609685
0.570626
0.219052
0.202559
0.108794
0.30046
0.300467
1
1
1
1
1
1
0.103725
0.274256
0.292704
0.274315
0.289336
0.0742672
0.257476
0.215784
0.316093
0.17881
0.122253
0.588669
0.219804
0.244552
0.108558
0.298651
0.300084
1
1
1
1
1
1
0.108756
0.300098
0.300408
0.0793621
0.274313
0.289291
0.0901836
0.293074
0.274316
0.261143
0.0486509
0.109358
0.300577
0.301423
0.0853862
0.287299
0.266978
0.103226
0.116948
0.410506
0.0813512
0.284244
0.217895
0.233402
0.514836
0.108516
0.297033
1
1
1
1
1
1
0.108794
0.30046
0.300467
1
1
1
1
1
1
0.274315
0.289336
0.108558
0.298651
0.300084
1
1
1
1
1
1
1
1
1
1
1
1
1
1
1
1
1
1
1
1
1
1
1
1
1
1
1
1
1
1
1
0.274061
0.0792452
0.289104
0.299784
0.107466
0.274061
0.274061
0.10378
0.299784
0.107466
0.300092
0.108597
0.300092
0.108597
0.298345
0.108373
0.300144
0.108565
0.298345
0.108373
0.300144
0.108565
0.298343
0.10378
0.289104
0.29278
0.347849
0.0792452
0.130099
0.0968684
0.0635056
0.0356471
0.203336
0.220957
0.214466
0.223856
0.29642
0.100615
0.14184
0.0816204
0.934807
0.934147
0.982873
0.982657
0.250021
0.25409
0.227339
0.231954
0.274061
0.10378
0.299787
0.107467
0.299487
0.108566
0.3001
0.108603
0.274061
0.0792453
0.289095
0.292411
0.106329
0.274001
0.103551
0.299784
0.107466
0.274061
0.10378
0.274001
0.0792365
0.289104
0.260836
0.220152
0.299915
0.108176
0.288213
0.106942
0.268291
0.179067
0.257269
0.074171
0.263454
0.503773
0.995193
0.79569
0.289104
0.090042
0.298345
0.10378
0.300144
0.108597
0.299784
0.108565
0.288673
0.274061
0.0792452
0.300092
0.108373
0.29278
0.107466
0.300137
0.108565
0.298345
0.108373
0.347849
0.0792453
0.29278
0.090042
0.298333
0.108372
0.299778
0.10853
0.289104
0.298345
0.10378
0.320806
0.123643
0.379447
0.128881
0.296934
0.293859
0.108789
0.300408
0.30046
0.268573
0.26176
0.0793624
0.34809
0.289336
0.108795
0.300415
0.300467
0.379796
0.130027
0.366432
0.128886
0.250465
0.231269
0.240046
0.612213
0.229979
0.226509
0.762565
0.252203
0.249264
0.252094
0.498893
0.268593
0.289336
0.34809
0.26176
0.244582
0.214258
0.121872
0.124779
0.211532
0.246426
0.251386
0.293844
0.961283
0.796093
0.928526
0.678334
0.503814
0.289977
0.923728
0.923705
0.289658
0.296243
0.108564
0.298655
0.300098
0.210941
0.277433
0.284752
0.268526
1
1
1
1
1
1
1
1
1
1
1
1
1
1
1
1
1
1
1
1
0.979335
0.979106
0.928039
0.927178
0.254038
0.262698
0.275027
0.283071
0.291352
0.496901
0.504292
0.499976
0.605652
0.681754
0.536231
0.477805
0.993361
0.996485
0.984288
0.972493
0.852437
0.945608
0.378979
0.381437
1
1
1
1
1
1
0.999986
0.9994
0.999923
0.999999
1
0.999993
0.108288
0.105924
0.145134
0.124887
0.261876
0.240231
0.253811
0.227833
0.24922
0.377946
0.375854
0.999882
0.999881
0.999988
0.999988
1
1
1
1
1
1
1
1
1
1
1
1
1
1
1
1
1
1
1
1
1
1
1
1
1
1
1
1
1
1
1
1
1
1
1
1
0.268573
0.108789
0.300408
0.30046
0.26176
0.244581
0.0890468
0.285681
0.272508
0.277455
0.210904
0.0793624
0.34809
0.289336
0.286288
0.176983
0.0719365
0.25441
0.218061
0.107037
0.287759
0.102299
0.297417
0.288165
0.930141
0.930261
0.892548
0.263211
0.278346
0.771181
0.79166
0.498997
0.282033
0.999991
0.99999
1
1
1
1
1
1
0.999999
1
0.379796
0.130027
0.366432
0.128886
0.250465
0.231269
0.240046
0.108795
0.300415
0.300467
0.612213
0.229979
0.226509
0.762565
0.252203
0.249264
0.252094
0.498893
0.268593
0.210901
0.107653
0.293074
0.298655
0.277473
1
1
1
1
1
1
1
1
1
1
0.26176
0.289336
0.34809
0.244582
0.29312
0.107653
0.300098
0.298655
0.284731
0.214258
0.121872
0.124779
0.246426
0.251386
0.961283
0.796093
0.928526
0.678334
0.503814
0.289977
0.923728
0.923705
0.289658
0.296243
0.293166
0.102384
0.256337
0.28832
0.281805
0.999996
0.999999
0.999988
1
1
1
1
1
1
1
0.999983
0.999983
1
1
0.210941
0.107653
0.293074
0.298655
0.277433
0.277455
0.289218
0.347457
0.244581
0.284752
0.298655
0.293074
0.268526
0.979737
0.979957
0.995459
0.928273
0.929324
0.795797
0.247128
0.260617
0.254725
0.268447
0.281218
0.49883
0.260861
0.151464
0.0632605
0.0416674
0.354467
0.316465
0.184359
0.170473
0.130012
0.116377
0.500139
0.322314
0.107017
0.341543
0.0931602
0.611348
0.225457
0.227785
0.614571
0.224604
0.225336
0.613614
0.602845
0.211437
0.202691
0.596697
0.221666
0.218724
0.574095
0.379041
0.129945
0.379274
0.129733
0.377766
0.124382
0.371141
0.98982
0.996282
0.996198
0.989556
0.982299
0.982056
0.997917
0.962036
0.961847
0.797962
0.798042
0.933485
0.933092
0.891207
0.625878
0.22685
0.229784
0.634847
0.232654
0.23602
0.616143
0.660331
0.669323
0.485891
0.488146
0.254612
0.258372
0.764264
0.102675
0.10783
0.121295
0.144267
0.202144
0.261923
0.103347
0.320721
0.0875725
0.233731
0.251701
0.2531
0.221796
0.247172
0.233601
0.378888
0.129928
0.379241
0.129679
0.376871
0.123368
0.365769
0.128543
0.999892
0.999891
0.999196
0.999989
0.999989
0.999999
1
1
1
1
1
1
1
1
1
1
1
1
1
1
1
1
1
1
1
1
1
1
1
1
1
1
1
1
1
1
1
1
1
1
0.999964
0.999396
0.999377
0.99996
0.999926
0.999923
0.99968
0.999997
0.999997
1
1
0.999993
0.999993
1
1
1
1
1
1
1
1
1
1
1
1
1
1
1
1
1
1
1
1
1
1
1
1
1
1
1
0.931651
0.266673
0.981264
0.999912
0.29278
0.300073
0.28479
0.106652
0.300009
0.108199
0.193779
0.24358
0.349881
0.357568
0.15454
0.24652
0.03447
0.107867
0.10584
0.0553523
0.376952
0.378099
0.364589
0.375845
1
1
1
0.999992
1
1
1
1
0.29278
0.090042
0.347849
0.0792453
0.298338
0.10378
0.289104
0.0900419
0.289104
0.274061
0.0792452
0.299724
0.108336
0.292779
0.107461
0.230977
0.244689
0.219203
0.233797
0.0814442
0.144857
0.050752
0.086681
0.103823
0.117083
0.257498
0.243542
0.27871
0.264656
0.98028
0.980528
0.929963
0.929876
0.299775
0.108548
0.299454
0.108519
0.210904
0.0855541
0.297118
0.102134
0.108927
0.301062
0.10704
0.300403
1
1
1
1
1
1
1
1
1
1
1
1
0.999896
0.999902
0.99999
0.999991
0.29278
0.107466
0.300092
0.108373
0.300144
0.108602
0.300144
0.108602
0.289104
0.274061
0.0792453
0.300092
0.108373
0.29278
0.107466
0.320806
0.123643
0.379447
0.128881
1
1
1
1
1
1
1
1
0.999994
0.999994
0.999932
0.999931
1
1
1
1
0.300026
0.108365
0.292778
0.107464
0.289104
0.27406
0.0792451
0.300092
0.108597
0.300092
0.108597
0.274061
0.299784
0.107466
0.347849
0.292779
0.0900418
0.299954
0.108542
0.298342
0.108368
0.213241
0.299393
0.106966
0.256135
0.102217
0.296934
0.293859
1
1
1
1
1
1
0.999127
0.999999
0.300091
0.108373
0.292779
0.107466
0.287074
0.27406
0.0792452
0.27226
0.0989585
0.288661
0.0889099
0.266745
0.0852608
0.347652
0.0774299
0.4883
0.48681
0.670278
0.256483
0.63592
0.230583
0.228804
0.234614
0.797667
0.797823
0.961797
0.933206
0.989516
0.99615
0.996229
0.982145
0.597729
0.203365
0.213211
0.223557
0.615652
0.228582
0.227401
0.226535
0.292658
0.310403
0.0790073
0.341677
0.124394
0.371165
0.107066
0.322728
0.262012
0.0932364
0.171006
0.18587
0.316841
0.131055
0.151585
0.0637627
0.102586
0.107409
0.0873868
0.0704002
0.20182
0.261304
0.0535474
0.37904
0.128719
0.377766
0.129733
0.379274
0.129929
0.379243
0.129945
0.365675
0.10322
0.320383
0.123328
0.376863
0.12968
0.378891
0.128537
1
1
1
1
1
1
1
1
0.999997
1
1
0.999993
0.99996
0.999365
0.999384
0.999924
1
1
1
1
1
1
1
1
1
1
1
1
1
1
1
1
0.107867
0.10584
0.0553523
0.376952
0.378099
0.364589
0.375845
0.931651
0.266673
0.981264
0.999912
0.29278
0.300073
0.108374
0.28479
0.106652
0.300009
0.193779
0.24358
0.349881
0.357568
0.15454
0.24652
1
1
1
0.999992
1
1
1
1
0.274061
0.289104
0.299784
0.107466
0.274061
0.10378
0.274061
0.10378
0.299784
0.107466
0.300092
0.108597
0.300092
0.108597
0.29278
0.090042
0.347849
0.0792453
0.298338
0.10378
0.289104
0.0900419
0.289104
0.274061
0.0792452
0.299724
0.108336
0.292779
0.107461
0.108927
0.301062
0.10704
0.300403
0.298345
0.108373
0.300144
0.108565
0.298345
0.108373
0.300144
0.108565
0.298343
0.10378
0.289104
0.0900418
0.29278
0.347849
0.0792452
0.230977
0.244689
0.219203
0.233797
0.0814442
0.144857
0.050752
0.086681
0.103823
0.117083
0.257498
0.243542
0.27871
0.264656
0.98028
0.980528
0.929963
0.929876
0.299775
0.108548
0.299454
0.108519
0.210904
0.0855541
0.297118
0.102134
1
1
1
1
1
1
1
1
1
1
1
1
0.999896
0.999902
0.99999
0.999991
0.130099
0.0968684
0.0635056
0.0356471
0.203336
0.220957
0.214466
0.223856
0.29642
0.100615
0.14184
0.0816204
0.934807
0.934147
0.982873
0.982657
0.250021
0.25409
0.227339
0.231954
0.274061
0.299787
0.107467
0.299487
0.108566
0.3001
0.108603
0.293221
0.107489
0.300093
0.108376
0.300144
0.108602
0.300144
0.108602
0.289104
0.274061
0.0792453
0.300092
0.108373
0.29278
0.107466
1
1
1
1
1
1
1
1
0.999994
0.999994
0.999932
0.999931
1
1
1
1
0.276094
0.079913
0.395839
0.28585
0.0893511
0.383224
0.0795291
0.299784
0.107466
0.274061
0.10378
0.272333
0.0788666
0.289102
0.300026
0.108365
0.292778
0.107464
0.289104
0.27406
0.0792451
0.300092
0.108597
0.300092
0.108597
0.274061
0.299784
0.107466
0.260836
0.220152
0.299915
0.108176
0.288213
0.106942
0.268291
0.179067
0.257269
0.074171
0.263454
0.503773
0.995193
0.79569
0.347849
0.292779
0.0900418
0.299954
0.108542
0.298342
0.108368
0.213241
0.299393
0.106966
0.256135
0.102217
1
1
1
1
1
1
0.999127
0.999999
0.289104
0.090042
0.298345
0.300144
0.108597
0.299784
0.108565
0.288673
0.274061
0.0792452
0.300092
0.108373
0.29278
0.107466
0.300091
0.108373
0.292779
0.107466
0.287074
0.27406
0.0792452
0.27226
0.0989585
0.288661
0.0889099
0.266745
0.0852608
0.347652
0.0774299
0.102586
0.107409
0.0873868
0.0704002
0.20182
0.261304
0.0535474
0.37904
0.377766
0.129733
0.379274
0.129929
0.379243
0.129945
0.365675
0.10322
0.320383
0.123328
0.376863
0.12968
0.378891
0.128537
0.300137
0.108565
0.298345
0.108373
0.347849
0.0792453
0.29278
0.090042
0.298333
0.108372
0.299778
0.10853
0.289104
0.0900419
0.298345
0.4883
0.48681
0.670278
0.256483
0.63592
0.230583
0.228804
0.234614
0.797667
0.797823
0.961797
0.933206
0.989516
0.99615
0.996229
0.982145
0.597729
0.203365
0.213211
0.223557
0.615652
0.228582
0.227401
0.226535
0.341677
0.124394
0.371165
0.107066
0.322728
0.262012
0.0932364
0.292658
0.310403
0.171006
0.18587
0.316841
0.131055
0.151585
0.0637627
1
1
1
1
1
1
1
1
0.999997
1
1
0.999993
0.99996
0.999365
0.999384
0.999924
1
1
1
1
1
1
1
1
1
1
1
1
1
1
1
1
0.979335
0.979106
0.928039
0.927178
0.254038
0.262698
0.275027
0.283071
0.496901
0.504292
0.499976
0.605652
0.681754
0.536231
0.477805
0.993361
0.996485
0.984288
0.972493
0.852437
0.945608
0.378979
0.381437
0.291352
1
1
1
1
1
1
0.999986
0.9994
0.999923
0.999999
1
0.999993
0.108288
0.105924
0.145134
0.124887
0.261876
0.240231
0.253811
0.227833
0.24922
0.377946
0.375854
0.999882
0.999881
0.999988
0.999988
1
1
1
1
1
1
1
1
1
1
1
1
1
1
1
1
1
1
1
1
1
1
1
1
1
1
1
1
1
1
1
1
1
1
1
1
0.0890468
0.285681
0.272508
0.277455
0.102299
0.297417
0.288165
0.176983
0.0719365
0.25441
0.218061
0.107037
0.287759
0.930141
0.930261
0.892548
0.263211
0.278346
0.771181
0.79166
0.498997
0.999991
0.99999
1
1
1
1
1
1
0.999999
1
0.107653
0.293074
0.298655
0.210901
0.277473
1
1
1
1
1
1
1
1
1
1
0.107653
0.300098
0.298655
0.29312
0.284731
0.102384
0.256337
0.28832
0.293166
0.281805
0.999996
0.999999
0.999988
1
1
1
1
1
1
1
0.999983
0.999983
1
1
0.277455
0.244581
0.979737
0.979957
0.995459
0.928273
0.929324
0.795797
0.247128
0.260617
0.254725
0.268447
0.281218
0.49883
0.260861
0.151464
0.0632605
0.0416674
0.354467
0.316465
0.184359
0.170473
0.130012
0.116377
0.500139
0.322314
0.107017
0.341543
0.0931602
0.611348
0.225457
0.227785
0.614571
0.224604
0.225336
0.613614
0.602845
0.211437
0.202691
0.596697
0.221666
0.218724
0.574095
0.379041
0.129945
0.379274
0.129733
0.377766
0.371141
0.128718
0.98982
0.996282
0.996198
0.989556
0.982299
0.982056
0.997917
0.962036
0.961847
0.797962
0.798042
0.933485
0.933092
0.891207
0.625878
0.22685
0.229784
0.634847
0.232654
0.23602
0.616143
0.660331
0.669323
0.485891
0.488146
0.254612
0.258372
0.764264
0.102675
0.10783
0.121295
0.144267
0.202144
0.261923
0.103347
0.320721
0.0875725
0.233731
0.251701
0.2531
0.221796
0.247172
0.233601
0.378888
0.129928
0.379241
0.129679
0.376871
0.123368
0.365769
0.128543
0.999892
0.999891
0.999196
0.999989
0.999989
0.999999
1
1
1
1
1
1
1
1
1
1
1
1
1
1
1
1
1
1
1
1
1
1
1
1
1
1
1
1
1
1
1
1
1
1
0.999964
0.999396
0.999377
0.99996
0.999926
0.999923
0.99968
0.999997
0.999997
1
1
0.999993
0.999993
1
1
1
1
1
1
1
1
1
1
1
1
1
1
1
1
1
1
1
1
1
1
1
1
1
1
1
1
1
1
1
1
1
1
1
1
1
1
1
1
1
1
1
1
1
1
1
1
1
1
1
1
1
1
1
1
1
1
1
1
1
1
1
1
1
1
1
1
1
1
1
1
1
1
1
1
1
1
1
1
1
1
1
1
1
1
1
1
1
1
1
1
1
1
1
1
1
1
1
1
1
1
1
1
1
1
1
1
1
1
1
1
1
1
1
1
1
1
1
1
1
1
1
1
1
1
1
1
1
1
1
1
1
1
1
1
1
1
1
1
1
1
1
1
1
1
1
1
1
1
1
1
1
1
1
1
1
1
1
1
1
1
1
1
1
1
1
1
1
1
1
1
1
1
1
1
1
1
1
1
1
1
1
1
1
1
1
1
1
1
1
1
1
1
1
1
1
1
1
1
1
1
1
1
1
1
1
1
1
1
1
1
1
1
1
1
1
1
1
1
1
1
1
1
1
1
1
1
1
1
1
1
1
1
1
1
1
0.108756
0.300453
0.300407
0.108564
0.300407
0.300098
0.277433
0.293167
0.108563
0.298641
0.300093
0.244581
0.293144
0.29295
0.273512
0.0793624
0.34809
0.289336
0.296973
0.287299
0.347923
0.289336
0.274316
0.296247
0.0853861
0.266978
0.266978
0.210941
0.268451
0.277455
0.25102
0.267973
0.296863
0.211532
0.293844
0.108564
0.298655
0.300098
0.107653
0.293074
0.298655
0.244454
0.29312
0.108721
0.300092
0.300351
0.277455
0.293051
0.310494
0.0791282
0.283469
0.0901836
0.293074
0.274316
0.0793623
0.274315
0.289324
0.298655
0.293074
0.347756
0.0775397
0.287287
0.210904
0.286288
0.244581
0.282033
1
1
1
1
1
1
1
1
1
1
1
1
1
1
1
1
1
1
1
1
1
1
1
1
1
1
1
1
1
1
0.999015
1
0.998835
0.999015
1
0.998835
0.99884
1
0.99884
0.99884
1
0.998876
0.999015
1
0.998876
0.998835
1
0.999015
0.999298
1
0.998835
0.999474
1
0.998835
0.998835
1
0.999473
0.998876
1
0.999304
0.999298
1
0.999474
0.998876
1
0.998835
0.999298
1
0.998835
0.998826
1
0.999298
0.998835
1
0.999015
0.999473
1
0.998755
1
1
1
0.998835
1
0.999339
0.999015
1
0.999195
1
1
1
1
1
1
1
1
1
1
1
1
1
1
1
1
1
1
1
1
1
1
1
1
1
1
1
1
1
1
1
1
1
1
1
1
1
1
1
1
1
1
1
1
1
1
1
1
1
1
1
1
1
1
1
1
1
1
1
1
1
1
1
1
1
1
1
1
1
1
1
1
1
1
1
1
1
1
1
1
1
1
1
1
1
1
1
1
1
1
1
1
1
1
1
1
1
1
1
1
1
1
1
1
1
1
1
1
1
1
1
1
1
1
1
1
1
1
1
1
1
1
1
1
1
1
1
1
1
1
1
1
1
1
1
1
1
1
1
1
1
1
1
1
1
1
1
0.999999
0.999726
0.999979
1
1
1
1
1
1
1
1
1
1
1
1
1
1
1
1
1
1
1
1
1
1
0.999986
0.999867
0.992657
1
1
1
1
1
1
1
1
1
0.999979
1
1
1
1
1
1
1
1
1
1
1
1
1
1
1
1
1
1
1
1
1
1
1
1
1
1
1
1
1
1
1
1
1
1
1
1
1
0.999999
0.999817
1
1
1
1
1
1
1
1
1
1
1
1
1
1
1
1
1
1
0.999999
1
1
1
1
1
1
1
1
1
0.999983
1
1
1
1
1
1
1
1
1
1
0.999874
0.999988
0.999982
0.999875
1
1
1
1
0.999998
1
1
1
0.999999
0.999726
0.999979
1
1
1
1
1
1
1
1
1
1
1
1
1
1
1
1
1
0.999874
0.999988
0.999982
0.999875
1
1
1
1
0.999998
1
1
1
1
1
1
1
1
1
1
1
1
1
1
1
1
1
1
1
1
1
1
1
1
1
1
1
1
1
1
0.939021
0.986767
0.967752
0.957413
0.256692
0.814479
0.995989
0.842057
0.799536
0.994639
0.814479
0.800242
0.993689
0.799408
0.800242
0.993689
0.799408
0.967012
0.955931
0.93721
0.916733
0.999011
0.922634
0.991115
0.814479
0.995989
0.842058
0.803608
0.994639
0.814494
0.798998
0.967678
0.780453
0.842057
0.993729
0.800242
0.799407
0.993693
0.799536
0.799409
0.993729
0.800242
0.861266
0.993932
0.803479
1
1
1
1
1
1
1
1
1
1
1
1
1
1
1
1
1
1
1
1
1
1
1
1
1
1
1
1
1
1
1
1
1
1
1
1
1
0.803479
0.993684
0.799386
0.799829
0.993674
0.799313
0.814479
0.995989
0.842057
0.799536
0.994639
0.814479
0.803479
0.996808
0.861395
0.842894
0.996029
0.842893
0.800242
0.993689
0.799408
0.800242
0.993689
0.799408
0.986913
0.805456
0.800149
1
1
1
1
1
1
0.967012
0.955931
0.93721
0.916733
0.999011
0.922634
0.991115
0.803479
0.993689
0.799421
0.799408
0.993689
0.799408
1
1
1
1
1
1
1
1
1
1
1
1
1
1
0.814479
0.995989
0.842058
0.803608
0.994639
0.814494
0.799279
0.993932
0.803476
0.842057
0.994638
0.814479
1
1
1
1
1
1
1
1
1
0.798998
0.967678
0.780453
0.861266
0.993932
0.803477
0.79908
0.993728
0.800233
1
1
1
0.842057
0.993729
0.800242
0.799408
0.993693
0.799536
0.799421
0.993932
0.80348
0.84614
0.994639
0.814494
0.799409
0.993729
0.800242
0.861266
0.993932
0.803479
1
1
1
1
1
1
1
1
1
0.256624
0.651398
1
1
1
1
0.939021
0.986767
0.967752
0.957413
1
1
1
1
1
1
1
1
0.256692
1
1
0.256624
0.651398
1
1
1
1
1
1
1
1
1
1
1
1
1
1
0.803479
0.993684
0.799386
0.799829
0.993674
0.799313
0.803479
0.996808
0.861395
0.842894
0.996029
0.842893
0.986913
0.805456
0.800149
1
1
1
1
1
1
0.803479
0.993689
0.799421
0.799408
0.993689
0.799408
1
1
1
1
1
1
1
1
1
1
1
1
1
1
0.799279
0.993932
0.803476
0.842057
0.994638
0.814479
0.861266
0.993932
0.803477
0.79908
0.993728
0.800233
1
1
1
0.799421
0.993932
0.803479
0.842893
0.994639
0.814481
1
1
1
1
1
1
1
1
1
1
1
1
1
1
1
1
1
1
1
1
1
1
1
1
1
1
1
1
1
1
1
1
1
1
1
1
1
1
1
1
1
1
1
1
1
1
1
1
1
1
1
1
1
1
1
0.81455
0.993699
0.994643
0.799612
0.842102
0.994643
0.995992
0.814551
0.799498
0.993695
0.993695
0.799498
0.799612
0.994643
0.993699
0.81455
0.799484
0.993735
0.993695
0.800319
0.799484
0.993735
0.993695
0.800319
0.86129
0.993938
0.996806
0.803555
0.842102
0.993734
0.995992
0.800312
0.799506
0.992676
0.993696
0.798872
0.799615
0.994643
0.993699
0.814551
0.814565
0.993942
0.994644
0.803685
0.842104
0.994643
0.995992
0.81455
0.842102
0.994644
0.995992
0.814565
0.81455
0.993699
0.994643
0.799612
0.780566
0.993575
0.967721
0.799079
0.941011
0.999115
0.992659
1
0.999986
0.999867
0.985508
0.998759
0.973284
0.999965
0.965072
0.799612
0.993695
0.993699
0.799484
0.800319
0.995992
0.993735
0.842102
0.803555
0.993695
0.993938
0.799498
0.814551
0.995996
0.994643
0.842232
0.803555
0.996806
0.993938
0.86129
0.800319
0.993695
0.993735
0.799485
0.800319
0.995992
0.993735
0.842102
0.799613
0.993635
0.993699
0.800215
0.922406
0.997866
0.998926
0.921892
0.921358
0.87743
0.81021
0.99812
0.965091
0.991798
0.993074
0.962583
0.99911
0.999981
0.999866
0.999844
0.2689
0.977323
0.814479
0.993693
0.799536
0.799421
0.993689
0.799421
0.800236
0.995989
0.842057
0.803479
0.996804
0.861266
0.814479
0.993694
0.799539
0.798782
0.99369
0.799429
0.893022
0.998927
0.922396
0.967933
0.939108
0.999849
0.999867
0.999121
0.997981
1
0.999997
0.999981
0.96123
0.992871
0.963837
0.995668
0.999856
0.992003
0.999991
0.99911
0.991364
1
0.99998
0.999862
0.982559
0.999779
0.969138
0.99995
0.965151
0.799536
0.994639
0.814479
0.814494
0.995989
0.842057
0.999965
0.973249
0.985496
0.861395
0.993932
0.803479
0.799408
0.993729
0.800242
0.800132
0.993693
0.799537
0.842057
0.993729
0.800243
1
1
1
1
1
1
1
1
1
1
1
1
1
1
1
1
1
0.988864
0.661734
0.975122
0.994846
0.978283
1
1
1
0.999064
0.999845
0.999873
0.632981
0.999949
1
1
1
1
1
1
1
1
1
1
1
1
1
1
1
0.814479
0.993693
0.799536
0.799421
0.993689
0.799421
0.842058
0.994679
0.815315
0.86141
0.994175
0.807551
0.800236
0.995989
0.842057
0.803479
0.996804
0.861266
0.964311
0.805238
0.78393
0.79951
0.992864
0.798449
0.641484
0.876998
0.860318
0.99999
0.991429
0.995777
0.999997
0.999981
0.998014
0.969123
0.99995
0.982914
0.99998
0.999857
0.991456
0.864476
1
1
1
1
0.999998
1
1
1
1
1
1
1
1
1
1
1
0.999983
1
0.939108
0.893022
0.998927
0.922396
0.967933
0.814479
0.993694
0.799539
0.798782
0.99369
0.799429
0.997981
1
0.999997
0.999981
0.999849
0.999867
0.999121
0.96123
0.992871
0.963837
0.995668
0.999856
0.992003
0.999991
0.99911
0.991364
1
0.99998
0.999862
0.965151
0.982559
0.999779
0.969138
0.99995
0.842057
0.994639
0.814479
0.799421
0.993932
0.803479
1
1
0.999998
1
0.999983
1
0.999999
1
1
1
1
1
1
1
1
1
1
1
1
1
1
1
1
1
0.999999
1
1
0.999984
1
1
1
1
1
1
0.799536
0.994639
0.814479
0.814494
0.995989
0.842057
0.799421
0.993689
0.799421
0.814479
0.993693
0.799536
0.999965
0.973249
0.985496
0.798325
0.882079
0.721315
0.999261
0.99983
0.966912
0.887789
0.999625
0.934718
1
1
1
1
1
1
1
1
1
0.999888
1
1
1
1
1
0.842072
0.994639
0.814479
0.799421
0.993932
0.803479
0.814609
0.994643
0.814624
0.829555
0.995993
0.842205
0.800132
0.993693
0.799537
0.842057
0.993729
0.800243
0.993695
0.974107
0.987946
0.971002
0.998948
0.992386
0.993535
0.968235
1
1
1
1
1
1
1
1
0.799324
0.962889
0.993596
0.775676
0.799458
0.993938
0.803555
0.993684
0.632327
0.870954
0.853825
0.645084
0.661089
0.876713
0.88242
0.650818
0.988891
0.999227
0.996242
0.997534
1
1
1
1
1
1
1
1
1
1
1
1
0.999949
0.999885
0.999988
0.999586
0.842102
0.993735
0.995992
0.80032
0.86129
0.993938
0.803555
0.996806
0.803555
0.993699
0.993938
0.799627
0.81455
0.995992
0.842102
0.994643
0.957341
0.969221
0.999863
0.999848
0.962046
0.992693
0.798534
0.993695
0.799587
0.992872
0.99361
0.722289
0.804438
0.994433
0.804759
0.805251
0.663111
0.651601
0.86423
0.880722
0.676863
0.258942
0.989016
0.994956
1
1
1
1
0.999983
1
1
1
1
1
0.999947
0.999071
0.799484
0.993695
0.993695
0.799484
0.799498
0.993938
0.803555
0.993695
0.803555
0.993695
0.993938
0.799498
0.81455
0.995992
0.842102
0.994643
0.922406
0.997866
0.921892
0.998926
0.921358
0.87743
0.81021
0.99812
0.965091
0.991798
0.993074
0.962583
0.99911
0.999981
0.999866
0.999844
1
1
1
1
0.999999
0.999998
1
0.999982
0.81455
0.995992
0.994643
0.842102
0.803552
0.99367
0.799357
0.993937
0.799612
0.994643
0.993699
0.81455
0.799498
0.993695
0.799498
0.993695
0.934793
0.998122
0.999626
0.887973
0.966925
0.999999
0.99983
0.999259
0.80031
0.993582
0.993734
0.799161
0.803553
0.996806
0.86129
0.993938
0.721518
0.9929
0.882269
0.79841
0.2689
0.977323
1
1
1
1
1
1
1
1
1
1
0.999999
1
1
1
0.999983
1
1
1
1
1
1
1
1
1
1
1
0.999888
1
1
1
1
1
1
1
1
1
1
0.999849
0.814552
0.996032
0.994643
0.842939
0.803555
0.993695
0.799498
0.993938
0.861435
0.994887
0.996811
0.818623
0.842247
0.994684
0.815387
0.995997
0.9682
0.992933
0.9738
0.987344
0.999874
0.999999
0.999988
0.999982
0.993686
0.997952
0.998969
0.992421
1
1
1
1
1
1
1
1
1
1
1
0.999998
1
1
1
1
0.632327
0.870954
0.853825
0.645084
0.661089
0.876713
0.88242
0.650818
0.988891
0.999227
0.996242
0.997534
0.799324
0.962889
0.993596
0.775676
0.799458
0.993938
0.993684
0.803555
1
1
1
1
1
1
1
1
1
1
1
1
0.999949
0.999885
0.999988
0.999586
0.81455
0.993699
0.994643
0.799612
0.842102
0.994643
0.814551
0.995992
0.799498
0.993695
0.993695
0.799498
0.799612
0.994643
0.993699
0.81455
0.842102
0.993735
0.995992
0.80032
0.86129
0.993938
0.996806
0.803555
0.803555
0.993699
0.993938
0.799627
0.81455
0.995992
0.842102
0.994643
0.663111
0.651601
0.86423
0.880722
0.99361
0.722289
0.804438
0.994433
0.804759
0.805251
0.258942
0.676863
0.989016
0.994956
0.799484
0.993735
0.993695
0.800319
0.799484
0.993735
0.800319
0.993695
0.86129
0.993938
0.996806
0.803555
0.842102
0.993734
0.995992
0.800312
0.957341
0.969221
0.999863
0.999848
0.962046
0.992693
0.798534
0.993695
0.799587
0.992872
1
1
0.999947
0.999071
1
1
1
1
0.999983
1
1
1
0.799506
0.992676
0.993696
0.798872
0.799615
0.994643
0.993699
0.814551
0.799484
0.993695
0.993695
0.799484
0.799498
0.993946
0.993695
0.803959
0.803555
0.993695
0.993938
0.799498
0.81455
0.995992
0.842102
0.994643
1
1
1
1
0.999999
0.999998
1
0.999982
0.90038
0.994189
0.998166
0.808031
0.91767
0.994716
0.817192
0.998858
0.842104
0.994684
0.995992
0.815433
0.814551
0.993699
0.994643
0.799612
0.81455
0.995992
0.994643
0.842102
0.803552
0.99367
0.993937
0.799357
0.799612
0.994643
0.993699
0.81455
0.799498
0.993695
0.799498
0.993695
0.941011
0.780566
0.993575
0.799079
0.967721
0.999115
0.992659
1
0.999986
0.999867
0.965072
0.985508
0.998759
0.999965
0.973284
0.934793
0.998122
0.999626
0.887973
0.966925
0.999999
0.99983
0.999259
0.80031
0.993582
0.993734
0.799161
0.803553
0.996806
0.993938
0.86129
0.721518
0.9929
0.882269
0.79841
1
0.999849
1
1
1
1
1
1
1
1
1
1
0.999999
1
1
1
0.999983
1
1
1
1
1
1
1
1
1
1
1
0.999888
1
1
1
1
1
1
1
1
1
0.799612
0.993695
0.993699
0.799484
0.800319
0.995992
0.842102
0.993735
0.803555
0.993695
0.993938
0.799498
0.814551
0.995996
0.994643
0.842232
0.814552
0.996032
0.994643
0.842939
0.803555
0.993695
0.993938
0.799498
0.861435
0.994887
0.996811
0.818623
0.842247
0.994684
0.815387
0.995997
0.9682
0.992933
0.9738
0.987344
0.999874
0.999999
0.999988
0.999982
0.993686
0.997952
0.998969
0.992421
0.803555
0.996806
0.993938
0.86129
0.800319
0.993695
0.799485
0.993735
0.800319
0.995992
0.993735
0.842102
0.799613
0.993635
0.993699
0.800215
1
1
1
1
1
1
1
1
1
1
1
0.999998
1
1
1
1
0.988864
0.661734
0.975122
0.994846
0.978283
1
1
1
0.999064
0.999845
0.999873
0.632981
0.999949
1
1
1
1
1
1
1
1
1
1
1
1
1
1
1
0.842058
0.994679
0.815315
0.86141
0.994175
0.807551
0.79951
0.992864
0.798449
0.641484
0.876998
0.860318
0.964311
0.805238
0.78393
0.991429
0.99999
0.995777
0.999997
0.999981
0.998014
0.969123
0.99995
0.982914
0.99998
0.999857
0.991456
1
1
1
1
0.999998
1
1
1
1
1
1
1
1
1
1
1
0.999983
1
0.842057
0.994639
0.814479
0.799421
0.993932
0.803479
0.999983
1
0.999999
1
1
0.999998
1
1
1
1
1
1
1
1
1
1
1
1
1
1
1
1
1
1
0.999999
1
1
0.999984
1
1
1
1
1
1
0.799421
0.993689
0.799421
0.814479
0.993693
0.799536
0.798325
0.882079
0.721315
0.999261
0.99983
0.966912
0.887789
0.999625
0.934718
1
1
1
1
1
1
1
1
1
0.999888
1
1
1
1
1
0.842893
0.996029
0.842908
0.818552
0.996812
0.861525
0.993695
0.974107
0.987946
0.971002
0.998948
0.992386
0.993535
0.968235
1
1
1
1
1
1
1
1
1
1
1
1
1
1
1
1
1
1
1
1
1
1
1
1
1
1
1
1
1
1
1
1
1
1
1
1
1
1
1
1
1
1
1
1
1
1
1
1
1
1
1
1
1
1
1
1
1
1
1
1
1
1
1
1
1
1
1
1
1
1
1
1
1
1
1
1
1
1
1
1
1
1
1
1
1
1
1
1
1
1
1
1
1
1
1
1
1
1
1
1
1
1
1
1
1
1
1
1
1
1
1
1
1
1
1
1
1
1
1
1
1
1
1
1
1
1
1
1
1
1
1
1
1
1
1
1
1
1
1
1
1
1
1
1
1
1
1
1
1
1
1
1
1
1
1
1
1
1
1
0.434134
0.661511
0.451683
0.451683
0.698993
0.472769
0.441004
0.610573
0.441536
0.441672
0.610508
0.441653
0.694458
0.585905
0.434134
0.661511
0.451683
0.451681
0.698993
0.472768
0.441554
0.609961
0.441267
0.436009
0.608653
0.440166
0.451683
0.619124
0.434134
0.441004
0.612759
0.43912
1
1
1
1
1
1
1
1
1
1
1
1
1
1
1
1
1
1
1
1
1
1
1
1
1
1
1
1
1
1
1
1
1
1
1
1
1
1
1
1
1
1
1
1
1
1
1
1
1
1
1
1
1
1
1
1
1
1
1
1
1
1
1
1
1
1
1
1
1
1
1
1
1
1
1
1
1
1
1
1
1
1
1
1
1
1
1
1
1
0.43912
0.610963
0.441003
0.441652
0.610568
0.441535
1
1
1
1
1
1
1
1
1
0.434134
0.661511
0.451683
0.451683
0.698993
0.472769
0.43912
0.619125
0.434133
0.472684
0.66152
0.451675
1
1
1
1
1
1
1
1
1
1
1
1
1
1
1
1
1
1
0.441004
0.610573
0.441536
0.441672
0.610508
0.441653
1
1
1
1
1
1
1
1
1
0.694458
0.585905
0.43912
0.610964
0.441004
0.441653
0.610573
0.441536
1
1
1
1
1
1
1
1
1
1
1
1
1
0.434134
0.661511
0.451683
0.451681
0.698993
0.472768
0.441617
0.610551
0.441525
0.43912
0.610958
0.441001
1
1
1
1
1
1
1
1
1
0.441554
0.609961
0.441267
0.436009
0.608653
0.440166
0.472769
0.661511
0.451683
0.43912
0.619124
0.434134
0.451683
0.619124
0.434134
0.441004
0.612759
0.43912
0.441653
0.610573
0.441536
0.43912
0.610964
0.441004
1
1
1
1
1
1
1
1
1
1
1
1
1
1
1
1
1
1
0.44167
0.610508
0.441653
0.441004
0.610573
0.441536
0.43912
0.610963
0.441003
0.441652
0.610568
0.441535
1
1
1
1
1
1
1
1
1
0.43912
0.619125
0.434133
0.472684
0.66152
0.451675
0.43912
0.610964
0.441004
0.441653
0.610573
0.441536
1
1
1
1
0.441617
0.610551
0.441525
0.43912
0.610958
0.441001
0.472769
0.661511
0.451683
0.43912
0.619124
0.434134
1
1
1
1
1
1
1
1
1
1
1
1
1
1
1
1
1
1
1
1
1
1
1
1
1
1
1
1
1
1
1
1
1
1
1
1
1
1
1
1
1
1
1
1
1
1
1
1
1
1
1
1
1
1
1
1
1
1
1
1
1
1
1
1
1
1
1
1
1
1
1
1
1
1
1
1
1
1
1
1
1
1
1
1
1
1
1
1
1
1
1
1
1
1
1
1
1
1
1
1
1
1
1
1
1
1
1
1
1
1
1
1
1
1
1
1
1
1
1
1
1
1
1
1
1
1
1
1
1
1
1
1
1
1
1
1
1
1
1
1
1
1
1
1
1
1
1
1
1
1
1
1
1
1
1
1
1
1
1
1
1
1
1
1
1
1
1
1
1
1
1
1
1
1
1
1
1
1
1
1
1
1
1
1
1
1
1
1
1
1
1
1
1
1
1
1
1
1
1
1
1
1
1
1
1
1
1
1
1
1
1
1
1
1
1
1
1
1
1
1
1
1
1
1
1
1
1
1
1
1
1
1
1
1
1
1
1
1
1
1
1
1
1
1
1
1
1
1
1
1
1
1
1
1
1
1
1
1
1
1
1
1
1
1
1
1
1
1
1
1
1
1
1
1
1
1
1
1
1
1
1
1
1
1
1
1
1
1
1
1
1
1
1
0.695652
0.354998
0.77824
0.608267
0.804462
0.612235
0.804497
0.612007
0.998717
0.999777
0.999376
0.999949
0.999284
0.964796
0.999786
0.999999
0.879385
0.998988
0.929288
0.999523
0.434134
0.612759
0.43912
0.441536
0.610964
0.441004
0.436593
0.43826
0.424915
0.447408
0.441002
0.612758
0.43912
0.451683
0.619124
0.434134
0.434134
0.612759
0.43912
0.441537
0.610965
0.441004
0.52669
0.537385
0.959466
0.996378
0.999125
0.999299
0.899388
0.987127
0.996465
0.997728
0.43185
0.449427
0.441536
0.610964
0.441004
0.434134
0.612759
0.43912
0.424915
0.447408
0.424913
0.447401
0.438662
0.43764
0.472684
0.66152
0.451675
0.43912
0.619125
0.434133
0.4366
0.431759
0.447401
0.424913
0.429481
0.429483
0.431877
0.449432
1
1
1
1
1
1
1
1
1
1
1
1
1
1
1
1
1
1
1
1
1
1
1
1
1
1
1
1
1
1
1
1
1
1
1
1
1
1
1
1
1
1
1
1
1
1
1
1
1
1
1
1
1
1
1
1
1
1
1
1
1
1
1
1
1
1
1
1
1
1
1
1
1
1
1
1
1
1
1
1
1
1
1
1
1
1
1
1
1
1
1
1
1
1
1
1
1
1
1
1
1
1
1
1
1
1
1
1
1
1
1
1
1
1
1
1
1
1
1
1
1
1
1
1
1
1
1
1
1
1
1
1
1
1
1
1
1
1
1
1
1
1
1
1
1
1
1
1
1
1
1
1
1
1
1
1
1
1
1
1
1
1
1
1
1
1
1
1
1
1
1
1
1
1
1
1
1
1
1
1
1
1
1
1
1
1
1
1
1
1
1
1
1
1
1
1
1
1
1
1
1
1
1
1
1
1
1
1
1
1
1
1
1
1
1
1
1
1
1
1
1
1
0.470361
0.449429
0.998834
0.999999
0.999999
1
1
1
0.998831
0.999999
0.999999
1
1
1
1
1
1
1
1
1
0.436593
0.43826
0.434134
0.612759
0.43912
0.441536
0.610964
0.441004
0.424915
0.447408
0.424913
0.447401
0.451682
0.699001
0.472753
0.433464
0.661584
0.451551
0.447401
0.424913
0.447387
0.424804
0.441002
0.612758
0.43912
0.451683
0.619124
0.434134
0.439011
0.438993
0.996333
0.891857
0.44153
0.610469
0.441632
0.441342
0.610382
0.441592
0.998071
0.999999
0.999596
0.989282
0.99926
0.996419
0.668549
0.88262
0.888225
0.439
0.438958
0.999988
1
1
1
1
1
1
1
1
1
1
0.999951
0.99989
0.999989
1
1
1
1
1
1
1
1
0.52669
0.537385
0.434134
0.612759
0.43912
0.441537
0.610965
0.441004
0.959466
0.996378
0.999125
0.999299
0.899388
0.987127
0.996465
0.997728
0.43185
0.449427
0.447387
0.424804
0.451683
0.698993
0.472769
0.434134
0.661511
0.451683
0.436485
0.431848
1
1
0.999999
0.999905
1
1
1
1
1
0.999999
0.99999
0.999626
0.424915
0.447408
0.441536
0.610964
0.441004
0.434134
0.612759
0.43912
0.424913
0.447401
0.439006
0.439012
0.441653
0.6105
0.441672
0.441653
0.6105
0.441672
0.447401
0.424915
0.438662
0.43764
0.962262
0.965724
0.987087
0.900067
0.977623
0.924677
0.438993
0.439011
0.396924
0.602831
0.555181
0.43329
0.315619
0.174706
0.119565
0.985785
0.989653
0.996404
0.960582
0.995436
0.989215
0.979924
0.796496
0.962945
0.929415
0.316296
0.572183
0.450147
0.411048
0.122039
0.999995
1
0.999999
1
0.999854
0.999984
1
1
1
1
1
1
1
1
1
1
0.999999
1
1
1
0.999189
0.999948
0.99989
0.999996
0.999999
0.999989
1
1
1
1
1
1
0.4366
0.431759
0.451662
0.698994
0.472767
0.434134
0.661511
0.451683
0.447401
0.424913
0.447408
0.424915
0.433995
0.613224
0.438449
0.433993
0.613225
0.438449
0.424913
0.447401
0.429481
0.429483
0.440991
0.610565
0.441532
0.441534
0.610515
0.441631
0.431877
0.449432
0.439028
0.616982
0.433476
0.426953
0.644158
0.441587
0.438366
0.435719
0.972224
0.996787
0.99876
0.999994
1
1
1
1
0.998877
0.99883
0.999999
0.999999
0.999999
0.999185
0.999999
1
1
1
1
1
1
1
1
1
1
1
1
1
1
1
1
1
1
1
1
1
1
1
1
1
1
1
1
1
1
1
1
1
0.999817
1
1
0.999999
0.998836
0.998073
0.999596
0.999999
0.998158
0.931081
0.999527
0.99973
1
0.999979
0.998943
0.999388
0.999949
0.965221
0.999999
0.999787
0.6684
0.678407
0.891641
0.886233
0.997431
0.988753
0.996336
0.999227
1
1
1
1
1
1
1
1
1
1
1
1
1
1
1
1
1
1
1
1
1
1
1
1
1
1
1
1
1
1
1
1
1
1
1
1
1
1
1
1
1
1
1
1
1
1
1
1
1
1
1
1
0.999555
0.999943
0.999988
0.999882
0.804462
0.612235
0.804497
0.612007
0.998717
0.999376
0.999777
0.999949
0.999284
0.964796
0.999786
0.999999
0.879385
0.998988
0.929288
0.999523
1
1
1
1
1
1
1
1
1
1
1
1
0.999896
1
1
1
1
1
1
1
1
1
1
1
0.397355
0.414131
0.555845
0.287833
0.44165
0.613557
0.613641
0.441589
0.972224
0.996787
0.99876
0.999994
1
1
1
1
0.999999
0.999185
0.999999
1
0.998877
0.99883
0.999999
0.999999
1
1
1
1
1
1
1
1
1
1
1
1
1
1
1
1
1
1
1
1
1
1
1
1
1
1
1
1
1
1
1
1
0.6684
0.678407
0.891641
0.886233
0.997431
0.988753
0.996336
0.999227
0.998158
0.931081
0.999527
0.99973
1
0.999979
0.998943
0.999388
0.999949
0.965221
0.999999
0.999787
0.999817
1
1
0.999999
0.998836
0.998073
0.999596
0.999999
1
1
1
1
1
1
1
1
1
1
1
1
1
1
1
1
1
1
1
1
1
1
1
1
0.999555
0.999943
0.999988
0.999882
1
1
1
1
1
1
1
1
1
1
1
1
1
1
1
1
1
1
1
1
1
1
1
1
1
1
1
1
0.695652
0.354998
0.77824
0.608267
1
1
1
1
1
1
1
1
1
1
1
1
0.999896
1
1
1
1
1
1
1
1
1
1
1
0.44165
0.613557
0.613641
0.441589
0.397355
0.414131
0.555845
0.287833
0.470361
0.449429
0.998834
0.999999
0.999999
1
1
1
0.998831
0.999999
0.999999
1
1
1
1
1
1
1
1
1
0.451682
0.699001
0.472753
0.433464
0.661584
0.451551
0.447401
0.424913
0.996333
0.891857
0.44153
0.610469
0.441632
0.441342
0.610382
0.441592
0.998071
0.999999
0.999596
0.989282
0.99926
0.996419
0.668549
0.88262
0.888225
0.864476
0.999988
1
1
1
1
1
1
1
1
1
1
0.999951
0.99989
0.999989
1
1
1
1
1
1
1
1
0.451683
0.698993
0.472769
0.434134
0.661511
0.451683
0.447387
0.424804
0.436485
0.431848
1
1
0.999999
0.999905
1
1
1
1
1
0.999999
0.99999
0.999626
0.441653
0.6105
0.441672
0.441653
0.6105
0.441672
0.439006
0.439012
0.447401
0.424915
0.962262
0.965724
0.987087
0.900067
0.977623
0.924677
0.396924
0.602831
0.555181
0.43329
0.315619
0.174706
0.119565
0.438993
0.439011
0.985785
0.989653
0.996404
0.960582
0.995436
0.989215
0.979924
0.796496
0.962945
0.929415
0.316296
0.572183
0.450147
0.411048
0.122039
0.999995
1
0.999999
1
0.999854
0.999984
1
1
1
1
1
1
1
1
1
1
0.999999
1
1
1
0.999189
0.999948
0.99989
0.999996
0.999999
0.999989
1
1
1
1
1
1
0.451067
0.621384
0.431594
0.451058
0.621385
0.431593
0.447408
0.424915
0.424913
0.447401
0.438366
0.435719
1
1
1
1
1
1
1
1
1
1
1
1
1
1
1
1
1
1
1
1
1
1
1
1
1
1
1
1
1
1
1
1
1
1
1
1
1
1
1
1
1
1
1
1
1
1
1
1
1
1
1
1
1
1
1
1
1
1
1
1
1
1
1
1
1
1
1
1
1
1
1
1
1
1
1
1
1
1
1
1
1
1
1
1
1
1
1
1
1
1
1
1
1
1
1
1
1
1
1
1
1
1
1
1
1
1
1
1
1
1
1
1
1
1
1
1
1
1
1
1
1
1
1
1
1
1
1
1
1
1
1
1
1
1
1
1
1
1
1
1
1
1
1
1
1
1
1
1
1
1
1
1
1
1
1
1
1
1
1
1
1
1
1
1
1
1
1
1
1
1
1
1
1
1
1
1
1
1
1
1
1
1
1
1
1
1
1
1
1
1
1
1
1
1
1
1
1
1
1
1
1
1
1
1
1
1
1
1
1
1
1
1
1
1
1
1
1
1
1
1
1
1
1
1
1
1
1
1
1
1
1
1
1
1
1
1
1
1
1
1
1
1
1
1
1
1
1
1
1
1
1
1
1
1
1
1
1
1
1
1
1
1
1
1
1
1
1
1
1
1
1
1
1
1
1
1
1
1
1
1
1
1
1
1
1
1
1
1
1
1
1
1
1
1
1
1
1
1
1
1
1
1
1
1
1
1
1
1
1
1
1
1
1
1
1
1
1
1
1
1
1
1
1
1
1
1
1
1
1
1
1
1
1
1
1
1
1
1
1
1
1
1
1
1
1
1
1
1
1
1
1
1
1
1
1
1
1
1
1
1
1
1
1
1
1
1
1
1
1
1
1
1
1
1
1
1
1
1
1
1
1
1
1
1
1
1
1
1
1
1
1
1
1
1
1
1
1
1
1
1
1
1
1
1
1
1
1
1
1
1
1
1
1
1
1
1
1
1
1
1
1
1
1
1
1
1
1
1
1
1
1
1
1
1
1
1
1
1
1
1
1
1
1
1
1
1
1
1
1
1
1
1
1
1
1
1
1
1
1
1
1
1
1
1
1
1
1
1
1
1
1
1
1
1
1
1
1
1
1
1
1
1
1
1
1
1
1
1
1
1
1
1
1
1
1
1
1
1
1
1
1
1
1
1
1
1
1
1
1
1
1
1
1
1
1
1
1
1
1
1
1
1
1
1
1
1
1
1
1
1
1
1
1
1
1
1
1
1
1
1
1
1
1
1
1
1
1
1
1
1
1
1
1
1
1
1
1
1
1
1
1
1
1
1
1
1
1
1
1
1
1
1
1
1
1
1
1
1
1
1
1
1
1
1
1
1
1
1
1
1
1
1
1
1
1
1
1
1
1
1
1
1
1
1
1
1
1
1
1
1
1
1
1
1
1
1
1
1
1
1
1
1
1
1
1
1
1
1
1
1
1
1
1
1
1
1
1
1
1
1
1
1
1
1
1
1
1
1
1
1
1
1
1
1
1
1
1
1
1
1
1
1
1
1
1
1
0.199419
0.388374
0.649932
0.249258
0.230218
0.638221
0.431612
0.60962
0.601133
0.437378
0.449493
0.619893
0.66175
0.431976
0.431349
0.661824
0.620363
0.449371
0.66999
0.890465
0.873352
0.682148
0.245413
0.438801
0.611139
0.610825
0.439059
0.121391
0.470402
0.661749
0.698738
0.449494
0.439007
0.61138
0.61138
0.439007
0.441536
0.610964
0.441004
0.434134
0.612759
0.43912
0.441004
0.610573
0.441536
0.441672
0.610508
0.441653
0.439856
0.599873
0.433699
0.277393
0.549135
0.395221
0.804119
0.608246
0.804508
0.612364
0.795761
0.939505
0.955674
0.853994
0.438981
0.611429
0.440332
0.434112
0.612833
0.438981
0.413882
0.452879
0.319772
0.411953
0.844319
0.672752
0.870101
0.660649
0.5602
0.822803
0.628169
0.800361
0.440907
0.440852
0.441675
0.6105
0.441673
0.441536
0.610508
0.441653
1
1
1
1
1
1
1
1
1
1
1
1
1
1
1
1
1
1
1
1
1
1
1
1
1
1
1
1
1
1
1
1
1
1
1
1
1
1
1
1
1
1
1
1
0.450933
0.610399
0.443919
0.441714
0.610409
0.442067
0.441536
0.610964
0.441004
0.434134
0.612759
0.43912
0.451065
0.621384
0.431594
0.451067
0.621384
0.431594
0.441004
0.610573
0.441536
0.441672
0.610508
0.441653
0.554305
0.433795
0.856619
0.939597
0.888906
0.701966
0.442281
0.613431
0.613164
0.440247
1
1
1
1
1
1
1
1
0.804119
0.608246
0.804508
0.612364
0.439856
0.599873
0.433699
0.277393
0.549135
0.395221
0.795761
0.939505
0.955674
0.853994
0.441673
0.610499
0.441675
0.441673
0.610499
0.441675
1
1
1
1
0.438981
0.611429
0.440332
0.434112
0.612833
0.438981
0.451683
0.698993
0.472769
0.434134
0.661511
0.451683
0.413882
0.452878
0.319771
0.41195
0.844319
0.672752
0.870101
0.660649
0.5602
0.822803
0.628168
0.800361
0.440907
0.440852
0.441575
0.610457
0.441625
0.441002
0.610557
0.441528
1
1
1
1
1
1
1
1
1
1
1
1
1
1
1
1
0.441672
0.6105
0.441672
0.441536
0.610508
0.441653
0.449537
0.69952
0.472504
0.434132
0.661601
0.451663
0.472769
0.661511
0.451683
0.43912
0.619124
0.434134
0.470402
0.661749
0.698738
0.449494
0.438449
0.602206
0.609608
0.435923
0.436743
0.619893
0.431976
0.613564
0.438527
0.613564
0.611766
0.436743
0.470309
0.662221
0.698822
0.448916
0.424901
0.635823
0.634751
0.40861
0.429577
0.622161
0.429577
0.622161
0.436743
0.611766
0.613564
0.438527
0.620748
0.217077
0.315143
0.176185
1
1
1
1
0.199419
0.388374
0.649932
0.249258
0.230218
0.638221
0.431612
0.60962
0.601133
0.437378
0.438525
0.613564
0.611766
0.436743
0.431976
0.661749
0.619893
0.449494
1
1
1
1
1
1
1
1
0.449486
0.619894
0.431975
0.661758
0.448917
0.698815
0.66222
0.470325
0.439148
0.61124
0.611277
0.439128
0.439027
0.611766
0.611371
0.438527
0.66999
0.890465
0.873352
0.682148
0.245413
0.438801
0.611139
0.439059
0.610825
0.121391
0.439135
0.611371
0.611304
0.439027
0.439135
0.611178
0.611256
0.439078
1
1
1
1
1
1
1
1
1
1
0.436743
0.611766
0.438527
0.613564
0.431976
0.613564
0.619893
0.436743
0.436614
0.619902
0.613639
0.431956
0.4704
0.661758
0.698739
0.449474
0.470402
0.66175
0.449492
0.698739
0.439007
0.61138
0.61138
0.439007
0.470402
0.661749
0.449494
0.698738
0.438449
0.602206
0.609608
0.435923
0.620748
0.217077
0.315143
0.176185
1
1
1
1
0.438525
0.613564
0.436743
0.611766
0.431976
0.661749
0.619893
0.449494
1
1
1
1
1
1
1
1
0.439148
0.61124
0.439128
0.611277
0.439027
0.611766
0.611371
0.438527
1
1
1
1
1
1
1
1
1
1
0.436743
0.619893
0.431976
0.613564
0.439616
0.611295
0.611295
0.441584
0.450933
0.610399
0.443919
0.441714
0.610409
0.442067
0.451065
0.621384
0.431594
0.451067
0.621384
0.431594
0.554305
0.433795
0.856619
0.939597
0.888906
0.701966
0.442281
0.613431
0.613164
0.440247
1
1
1
1
1
1
1
1
0.441673
0.610499
0.441675
0.441673
0.610499
0.441675
1
1
1
1
0.451683
0.698993
0.472769
0.434134
0.661511
0.451683
0.441575
0.610457
0.441625
0.441002
0.610557
0.441528
1
1
1
1
1
1
1
1
1
1
1
1
1
1
1
1
1
1
1
1
1
1
1
1
1
1
1
1
1
1
1
1
1
1
1
1
1
1
1
1
1
1
1
1
1
1
1
1
1
1
1
1
1
1
1
1
1
1
1
1
1
1
1
1
1
1
1
1
1
1
1
1
1
1
1
1
1
1
1
1
1
1
1
1
0.698959
0.451546
0.661512
0.434021
0.612801
0.434021
0.611006
0.441412
0.611006
0.441412
0.612801
0.434021
0.610541
0.441529
0.610541
0.441529
0.61055
0.441548
0.610615
0.440881
0.61055
0.441548
0.610615
0.440881
0.619164
0.451546
0.6128
0.44088
0.661512
0.472604
0.619164
0.439001
0.549374
0.277756
0.59995
0.43974
0.611006
0.441414
0.612801
0.434021
0.61055
0.441532
0.610536
0.441235
0.698959
0.451544
0.661512
0.434021
0.612875
0.433999
0.611471
0.438863
0.612801
0.434021
0.611006
0.441412
0.698959
0.451546
0.661513
0.433999
0.823014
0.560683
0.870296
0.673329
0.608702
0.435899
0.610006
0.441431
0.437164
0.412417
0.453216
0.413821
0.802075
0.911571
0.898781
0.678917
0.902866
0.987896
0.99653
0.997508
0.612801
0.440881
0.619164
0.451546
0.61055
0.441412
0.610541
0.441548
0.661513
0.434021
0.698967
0.451414
0.611006
0.439001
0.610615
0.441529
0.610615
0.440881
0.61055
0.441546
0.619164
0.439001
0.661512
0.472604
0.610557
0.44141
0.610608
0.44087
0.612801
0.440881
0.619164
0.451546
0.431976
0.613564
0.619893
0.436743
0.436731
0.611622
0.438272
0.613601
0.798988
0.611744
0.779332
0.536886
0.989597
0.995763
0.798075
0.963187
0.250878
0.665761
0.498335
0.697606
0.439115
0.611371
0.611314
0.439025
0.449493
0.698747
0.470387
0.66175
0.440904
0.440886
0.434876
0.439424
0.697543
0.896167
0.68768
0.901352
0.288593
0.923929
0.988652
0.999231
0.996453
0.997328
0.431982
0.613565
0.619903
0.436752
0.436743
0.611766
0.438525
0.613564
0.441653
0.6105
0.441672
0.441653
0.6105
0.441672
0.449421
0.431867
0.429483
0.429481
0.43912
0.619124
0.434134
0.472769
0.661511
0.451683
0.441356
0.610492
0.44164
0.441656
0.610507
0.441674
0.798978
0.594794
0.803251
0.612228
0.605273
0.858041
0.874178
0.655326
0.431496
0.394857
0.967645
0.915898
0.962567
0.855774
0.789477
0.899412
0.885291
0.658204
0.436603
0.431879
0.434112
0.661511
0.451681
0.451683
0.698993
0.472768
0.429481
0.429481
0.447408
0.424915
0.3221
0.317049
0.659482
0.670513
0.637702
0.628462
0.440563
0.439414
0.997521
0.996536
0.989153
0.996178
0.985795
0.987904
0.902861
0.963272
0.870297
0.678343
0.898615
0.688531
0.885832
0.911435
0.801831
0.71906
0.988628
0.988749
0.962549
0.962128
0.6849
0.698047
0.727323
0.714585
0.441673
0.610508
0.441653
0.441004
0.610573
0.441536
0.431958
0.431972
0.424804
0.447387
0.431849
0.449419
0.436485
0.43185
1
1
1
1
1
1
1
1
1
1
1
1
1
1
1
1
1
1
1
1
1
1
1
0.962701
0.961393
0.989223
0.705083
0.693743
0.674193
0.438318
0.438311
0.611432
0.469521
0.620467
0.489897
0.975841
0.920988
0.816783
0.928935
0.994381
0.612596
0.612291
1
1
1
1
1
0.999999
0.999985
0.999999
0.999987
0.999989
0.391581
0.322221
0.646551
0.599539
0.658497
0.608858
0.611575
0.999996
0.999996
0.99995
1
1
1
1
1
1
1
1
1
1
1
1
1
1
1
1
1
1
1
1
1
1
1
1
1
1
1
1
1
0.449421
0.431867
0.441653
0.6105
0.441672
0.441653
0.6105
0.441672
0.429483
0.429481
0.447401
0.424913
0.472669
0.661593
0.451542
0.436566
0.61959
0.433463
0.424913
0.447401
0.431972
0.431958
0.43912
0.619124
0.434134
0.472769
0.661511
0.451683
0.431759
0.4366
0.44862
0.41122
0.664256
0.863142
0.818713
0.555852
0.44221
0.612981
0.611487
0.435969
0.311618
0.568656
0.410856
0.440251
0.602589
0.435868
0.999259
0.999113
0.996396
0.960356
0.861694
0.963922
0.968845
0.919067
0.997513
0.996366
0.89985
0.98705
0.669196
0.888981
0.902564
0.794686
0.409726
0.433627
0.999896
0.999999
1
1
1
1
1
1
1
1
1
1
1
1
1
1
0.999574
0.999988
0.999999
1
1
1
1
1
0.798978
0.594794
0.803251
0.612228
0.605273
0.858041
0.874178
0.655326
0.431496
0.394857
0.441356
0.610492
0.44164
0.441656
0.610507
0.441674
0.967645
0.915898
0.962567
0.855774
0.789477
0.899412
0.885291
0.658204
0.436603
0.431879
0.431956
0.431956
0.441653
0.610573
0.441536
0.43912
0.610964
0.441004
0.424806
0.447403
1
1
1
1
1
1
1
1
1
1
1
1
0.429481
0.429481
0.434112
0.661511
0.451681
0.451683
0.698993
0.472768
0.447408
0.424915
0.438885
0.438993
0.434134
0.612759
0.43912
0.441536
0.610964
0.441004
0.431868
0.449414
0.3221
0.317049
0.659482
0.670513
0.637702
0.628462
0.440563
0.439414
0.997521
0.996536
0.989153
0.996178
0.987904
0.902861
0.963272
0.985795
0.870297
0.678343
0.898615
0.688531
0.911435
0.801831
0.71906
0.885832
0.988628
0.988749
0.962549
0.962128
0.6849
0.698047
0.727323
0.714585
0.711718
0.932393
0.796085
0.903689
0.270214
0.290329
0.438993
0.439008
0.441309
0.608728
0.440214
0.412326
0.60283
0.435939
0.798452
0.779083
0.703414
0.889534
0.254255
0.650888
0.250081
0.214746
0.619139
0.238895
0.441304
0.611586
0.439666
0.613402
0.884624
0.978816
0.919796
0.96912
0.256793
0.678329
0.263127
0.500907
0.709627
0.284062
0.62526
0.724335
0.558224
0.82021
0.257236
0.245692
0.437683
0.433613
0.440114
0.605278
0.435498
0.611764
0.99957
0.999988
0.999945
0.99999
0.999999
0.999999
1
0.999995
1
1
1
1
1
1
1
1
1
1
1
1
1
1
1
1
0.999937
0.999942
0.999994
0.999995
1
1
1
1
1
1
1
1
1
1
1
1
1
1
1
1
1
1
1
1
1
1
1
1
1
1
1
1
1
1
1
1
1
1
1
1
0.431958
0.431972
0.441653
0.610573
0.441536
0.43912
0.610964
0.441004
0.424804
0.447387
0.424913
0.447401
0.426799
0.663817
0.449537
0.451642
0.69952
0.472502
0.447401
0.424913
0.431849
0.449419
0.451683
0.619124
0.434134
0.441004
0.612759
0.43912
0.436485
0.43185
0.962918
0.965163
0.899454
0.987086
0.702559
0.930457
0.900396
0.791077
0.507775
0.778318
0.695487
0.5856
0.839123
0.890835
0.939956
0.797189
0.611912
0.800637
0.804404
0.608065
0.98571
0.989413
0.996372
0.95958
0.879196
0.978099
0.967921
0.916551
0.390552
0.709169
0.52929
0.537507
0.643669
0.812387
0.859339
0.608569
0.608981
0.779928
0.79931
0.594585
0.999996
1
0.999999
1
1
1
1
1
1
1
1
1
1
1
1
1
0.999999
1
1
1
1
1
1
1
1
1
1
1
1
1
1
1
0.925753
0.681866
0.962077
0.963184
0.999893
0.999956
0.989395
0.999258
0.610609
0.441517
0.611005
0.439001
0.61019
0.441479
0.60861
0.433943
0.645144
0.850612
0.518379
0.802105
0.490453
0.565093
0.414023
0.400046
0.252618
0.598914
0.710553
0.806985
0.531894
0.248068
0.322028
0.564186
0.414184
0.432651
0.144542
0.261479
0.693171
0.927919
0.89691
0.784164
0.281915
0.961425
0.96376
0.986497
0.895831
0.979448
0.928234
0.612219
0.612278
0.608862
0.594246
1
1
1
1
0.999996
1
1
1
1
1
1
1
1
1
1
1
1
1
1
1
1
1
1
1
1
1
1
1
1
1
1
1
1
1
0.999996
1
0.999999
1
0.999884
0.999988
0.661512
0.472604
0.619164
0.439001
0.619164
0.451546
0.612801
0.440879
0.661512
0.434021
0.698959
0.451546
0.611007
0.439001
0.610623
0.44139
0.436115
0.619969
0.614034
0.431847
0.449494
0.619893
0.431976
0.661749
0.470309
0.661766
0.449465
0.698796
0.408548
0.621089
0.391398
0.635889
0.440242
0.602588
0.554976
0.28683
0.610426
0.441221
0.610511
0.441407
0.602646
0.440134
0.568772
0.311749
0.439156
0.611293
0.611295
0.439155
0.439135
0.611371
0.439027
0.611305
0.44191
0.613425
0.613421
0.442213
0.410915
0.604887
0.611497
0.441915
0.439141
0.611288
0.439152
0.611272
0.409769
0.44648
0.313639
0.570825
0.707386
0.498446
0.962355
0.791772
1
1
0.999995
0.999999
0.610615
0.441529
0.611006
0.439001
0.610541
0.441548
0.610541
0.441548
0.661512
0.434021
0.698959
0.451546
0.611006
0.439001
0.610615
0.441529
0.798988
0.611744
0.779332
0.536886
0.431976
0.613564
0.619893
0.436743
0.436731
0.611622
0.438272
0.613601
0.989597
0.995763
0.798075
0.963187
0.250878
0.665761
0.498335
0.697606
0.439007
0.611766
0.438525
0.61138
0.449494
0.698738
0.470402
0.661749
0.999269
0.999956
0.999999
0.999996
1
1
1
1
0.611
0.439001
0.610593
0.441493
0.661512
0.434021
0.698959
0.451546
0.610541
0.441529
0.610541
0.441529
0.611006
0.441412
0.612801
0.434021
0.439133
0.611371
0.611305
0.439027
0.431975
0.661758
0.449486
0.619894
0.436743
0.611766
0.438527
0.613564
0.431976
0.613564
0.436743
0.619893
0.796098
0.962888
0.989179
0.995388
0.500868
0.710109
0.678886
0.257218
0.619164
0.439001
0.661512
0.472604
0.610598
0.440879
0.610499
0.441452
0.174962
0.315747
0.215091
0.619691
0.651462
0.25468
0.602887
0.412268
0.608777
0.441187
0.440904
0.440886
0.434876
0.439424
0.697543
0.896167
0.68768
0.901352
0.288593
0.923929
0.988652
0.999231
0.996453
0.997328
0.256856
0.672077
0.66027
0.261145
0.437817
0.610901
0.438839
0.609647
0.977737
0.997382
0.988701
0.994685
0.26984
0.677477
0.263683
0.687418
0.440119
0.613241
0.441312
0.611776
1
1
1
1
1
1
1
1
1
1
1
1
0.999999
1
0.999988
0.999567
0.999995
0.999999
0.999948
0.999177
1
1
1
1
1
1
1
1
1
1
1
1
1
1
1
1
1
0.999984
0.999937
0.999879
0.999521
0.999987
1
1
1
1
1
1
1
1
0.999856
0.99954
0.999001
0.99994
1
1
1
1
0.611006
0.439001
0.610615
0.441529
0.661521
0.43402
0.699033
0.450931
0.61963
0.451405
0.615061
0.433352
0.661978
0.472505
0.621424
0.431486
0.438527
0.613564
0.611766
0.436743
0.439027
0.611766
0.438527
0.611371
0.449494
0.619893
0.431976
0.661749
0.436115
0.619968
0.431847
0.614034
0.644218
0.426972
0.617037
0.438912
0.508551
0.502542
0.696667
0.356092
0.431982
0.613565
0.619903
0.436752
0.436743
0.611766
0.438525
0.613564
0.438497
0.611559
0.438484
0.609632
0.612246
0.80447
0.804702
0.612124
0.608985
0.803565
0.799318
0.611641
0.252618
0.598914
0.710553
0.806985
0.531894
0.248068
0.322028
0.564186
0.414184
0.432651
0.144542
0.261479
0.693171
0.927919
0.89691
0.784164
0.281915
0.961425
0.96376
0.986497
0.895831
0.979448
0.928234
0.612219
0.612278
0.608862
0.594246
0.925753
0.681866
0.962077
0.963184
0.999893
0.999956
0.989395
0.999258
0.610609
0.441517
0.611005
0.439001
0.61019
0.441479
0.60861
0.433943
0.645144
0.850612
0.518379
0.802105
0.490453
0.565093
0.414023
0.400046
1
1
1
1
1
1
1
1
1
1
1
1
1
1
1
1
1
1
0.999996
1
0.999999
1
0.999884
0.999988
1
1
1
1
0.999996
1
1
1
1
1
1
1
1
1
1
1
0.698959
0.451546
0.661512
0.434021
0.612801
0.434021
0.611006
0.441412
0.611006
0.441412
0.612801
0.434021
0.610541
0.441529
0.610541
0.441529
0.661512
0.472604
0.619164
0.439001
0.619164
0.451546
0.612801
0.440879
0.661512
0.434021
0.698959
0.451546
0.611007
0.439001
0.610623
0.44139
0.439141
0.611288
0.439152
0.611272
0.409769
0.44648
0.313639
0.570825
0.44191
0.613425
0.613421
0.442213
0.410915
0.604887
0.611497
0.441915
0.707386
0.498446
0.962355
0.791772
0.61055
0.441548
0.610615
0.440881
0.61055
0.441548
0.610615
0.440881
0.619164
0.451546
0.6128
0.44088
0.661512
0.472604
0.619164
0.439001
0.440242
0.602588
0.554976
0.28683
0.610426
0.441221
0.610511
0.441407
0.602646
0.440134
0.568772
0.311749
1
1
0.999995
0.999999
0.439007
0.611766
0.438525
0.61138
0.449494
0.698738
0.470402
0.661749
0.549374
0.277756
0.59995
0.43974
0.611006
0.441414
0.612801
0.434021
0.61055
0.441532
0.610536
0.441235
0.610617
0.44153
0.611036
0.439315
0.610541
0.441548
0.610541
0.441548
0.661512
0.434021
0.698959
0.451546
0.611006
0.439001
0.610615
0.441529
0.999269
0.999956
0.999999
0.999996
1
1
1
1
0.436743
0.611766
0.438527
0.613564
0.431976
0.613564
0.436743
0.619893
0.759231
0.546317
0.679532
0.435612
0.679606
0.524428
0.621301
0.436765
0.612801
0.434021
0.611006
0.441412
0.698967
0.451545
0.661588
0.433402
0.611
0.439001
0.610593
0.441493
0.661512
0.434021
0.698959
0.451546
0.610541
0.441529
0.610541
0.441529
0.611006
0.441412
0.612801
0.434021
0.256856
0.672077
0.66027
0.261145
0.437817
0.610901
0.438839
0.609647
0.977737
0.997382
0.988701
0.994685
0.26984
0.677477
0.263683
0.687418
0.440119
0.613241
0.441312
0.611776
0.823014
0.560683
0.870296
0.673329
0.608702
0.435899
0.610006
0.441431
0.437164
0.412417
0.453216
0.413821
0.802075
0.911571
0.898781
0.678917
0.902866
0.987896
0.99653
0.997508
0.796098
0.962888
0.989179
0.995388
0.500868
0.710109
0.678886
0.257218
0.619164
0.439001
0.661512
0.472604
0.610598
0.440879
0.610499
0.441452
0.174962
0.315747
0.215091
0.619691
0.651462
0.25468
0.602887
0.412268
0.608777
0.441187
1
1
1
1
1
0.999984
0.999937
0.999879
0.999521
0.999987
1
1
1
1
1
1
1
1
0.999856
0.99954
0.999001
0.99994
1
1
1
1
1
1
1
1
1
1
1
1
1
1
1
1
0.999999
1
0.999988
0.999567
0.999995
0.999999
0.999948
0.999177
1
1
1
1
1
1
1
1
1
1
1
1
0.497959
0.611295
0.488899
0.611295
0.468017
0.611295
0.44888
0.611295
0.612801
0.440881
0.619164
0.451546
0.61055
0.441412
0.610541
0.441548
0.661513
0.434021
0.698967
0.451414
0.611006
0.439001
0.610615
0.441529
0.611006
0.439001
0.610615
0.441529
0.661521
0.43402
0.699033
0.450931
0.61963
0.451405
0.615061
0.433352
0.661978
0.472505
0.621424
0.431486
0.438497
0.611559
0.438484
0.609632
0.612246
0.80447
0.804702
0.612124
0.608985
0.803565
0.799318
0.611641
0.610615
0.440881
0.61055
0.441546
0.619164
0.439001
0.661512
0.472604
0.610557
0.44141
0.610608
0.44087
0.612801
0.440881
0.619164
0.451546
0.508551
0.502542
0.696667
0.356092
0.644218
0.426972
0.617037
0.438912
0.962701
0.961393
0.989223
0.705083
0.693743
0.674193
0.611432
0.469521
0.620467
0.489897
0.975841
0.920988
0.816783
0.928935
0.994381
0.612596
0.612291
0.438318
0.438311
1
1
1
1
1
0.999999
0.999985
0.999999
0.999987
0.999989
0.391581
0.322221
0.646551
0.599539
0.658497
0.608858
0.611575
0.999996
0.999996
0.99995
1
1
1
1
1
1
1
1
1
1
1
1
1
1
1
1
1
1
1
1
1
1
1
1
1
1
1
1
1
0.472669
0.661593
0.451542
0.436566
0.61959
0.433463
0.424913
0.447401
0.311618
0.568656
0.410856
0.440251
0.602589
0.435868
0.44862
0.41122
0.664256
0.863142
0.818713
0.555852
0.44221
0.612981
0.611487
0.435969
0.999259
0.999113
0.960356
0.996396
0.861694
0.963922
0.968845
0.919067
0.997513
0.996366
0.89985
0.98705
0.669196
0.888981
0.902564
0.794686
0.999896
0.999999
1
1
1
1
1
1
1
1
1
1
1
1
1
1
0.999574
0.999988
0.999999
1
1
1
1
1
0.441653
0.610573
0.441536
0.43912
0.610964
0.441004
0.431956
0.431956
0.424806
0.447403
1
1
1
1
1
1
1
1
1
1
1
1
0.434134
0.612759
0.43912
0.441536
0.610964
0.441004
0.438885
0.438993
0.431868
0.449414
0.711718
0.932393
0.796085
0.903689
0.270214
0.290329
0.441309
0.608728
0.440214
0.412326
0.60283
0.435939
0.798452
0.779083
0.703414
0.889534
0.254255
0.650888
0.250081
0.214746
0.619139
0.238895
0.441304
0.611586
0.439666
0.613402
0.438993
0.439008
0.884624
0.978816
0.919796
0.96912
0.256793
0.678329
0.263127
0.500907
0.709627
0.284062
0.62526
0.724335
0.558224
0.82021
0.257236
0.245692
0.440114
0.605278
0.435498
0.611764
0.437683
0.433613
0.99957
0.999988
0.999945
0.99999
0.999999
1
0.999995
0.999999
1
1
1
1
1
1
1
1
1
1
1
1
1
1
1
1
0.999937
0.999942
0.999994
0.999995
1
1
1
1
1
1
1
1
1
1
1
1
1
1
1
1
1
1
1
1
1
1
1
1
1
1
1
1
1
1
1
1
1
1
1
1
0.424913
0.447401
0.447401
0.424913
0.962918
0.965163
0.899454
0.987086
0.702559
0.930457
0.900396
0.791077
0.507775
0.778318
0.695487
0.5856
0.839123
0.890835
0.939956
0.797189
0.611912
0.800637
0.804404
0.608065
0.98571
0.989413
0.95958
0.996372
0.879196
0.978099
0.967921
0.916551
0.390552
0.709169
0.52929
0.537507
0.643669
0.812387
0.859339
0.608569
0.608981
0.779928
0.79931
0.594585
0.999996
1
0.999999
1
1
1
1
1
1
1
1
1
1
1
1
1
0.999999
1
1
1
1
1
1
1
1
1
1
1
1
1
1
1
1
1
1
1
1
1
1
1
1
1
1
1
1
1
1
1
1
1
1
1
1
1
1
1
1
1
1
1
1
1
1
1
1
1
1
1
1
1
1
1
1
1
1
1
1
1
1
1
1
1
1
1
1
1
1
1
1
1
1
1
1
1
1
1
1
1
1
1
1
1
1
1
1
1
1
1
1
1
1
1
1
1
1
1
1
1
1
1
1
1
1
1
1
1
1
1
1
1
1
1
1
1
1
1
1
1
1
1
1
1
1
1
1
1
1
1
1
1
1
1
1
1
1
1
1
1
1
1
1
1
1
1
1
1
1
1
1
1
1
1
1
1
1
1
1
1
1
1
1
1
1
1
1
1
1
1
1
1
1
1
1
1
1
1
1
1
1
1
1
1
1
1
1
1
1
1
1
1
1
1
1
1
1
1
1
1
1
1
1
1
1
1
1
1
1
1
1
1
1
1
1
1
1
1
1
1
1
1
1
1
1
1
1
1
1
1
1
1
1
1
1
1
1
1
1
0.44167
0.610508
0.441653
0.441004
0.610573
0.441536
0.441653
0.610573
0.441536
0.43912
0.610964
0.441004
0.997805
0.99944
0.998836
0.999999
1
1
1
1
0.999016
0.998837
0.999999
0.999999
0.999999
0.999752
1
1
0.962464
0.959837
0.999865
0.999853
0.989513
0.999367
0.990008
0.999297
0.999299
0.998842
0.999999
0.999999
1
0.999979
1
1
0.998745
0.998837
0.999948
0.999999
1
1
1
1
0.447387
0.424804
0.439011
0.438993
0.998835
0.999999
0.999999
0.999752
1
1
0.998835
0.99944
0.999999
0.440991
0.610565
0.441532
0.441534
0.610515
0.441631
0.999948
0.998835
0.999999
1
1
1
0.998841
0.999999
0.999999
1
1
1
1
1
1
1
1
0.998835
0.999999
0.999999
0.999752
1
1
0.998835
0.99944
0.999999
1
1
1
1
1
1
1
1
1
1
1
1
1
1
1
1
1
1
0.999948
0.998835
0.999999
1
1
1
0.998841
0.999999
0.999999
0.999146
0.999436
0.996641
0.999935
0.998267
0.999434
0.996273
0.999852
0.999156
0.986106
0.990388
0.996628
0.999999
1
1
1
1
1
1
1
1
1
1
1
0.99999
0.999983
0.999999
1
1
1
0.999999
1
1
1
1
1
1
1
1
1
1
1
1
1
1
1
1
1
1
1
1
1
1
1
1
1
1
1
1
1
0.999997
1
0.999983
1
0.999966
0.999904
1
1
1
1
1
1
1
1
1
1
1
1
1
1
1
1
1
1
0.893281
0.961519
0.985863
0.960909
1
0.999996
0.999999
1
1
1
1
1
0.997805
0.99944
0.998836
0.999999
1
1
1
1
0.999016
0.998837
0.999999
0.999999
0.999999
0.999752
1
1
0.962464
0.959837
0.999865
0.999853
0.989513
0.999367
0.990008
0.999297
1
1
1
1
1
1
1
1
1
1
1
1
1
1
1
1
1
1
1
1
1
1
1
1
0.999997
1
0.999983
1
0.999966
0.999904
1
1
1
1
1
1
1
1
1
1
1
1
1
1
1
1
1
1
0.893281
0.961519
0.985863
0.960909
1
0.999996
0.999999
1
1
1
1
1
0.999299
0.998842
0.999999
0.999999
1
0.999979
1
1
0.998745
0.998837
0.999948
0.999999
1
1
1
1
0.424913
0.447401
0.439
0.438958
1
1
1
1
1
1
1
1
1
1
1
1
1
1
1
1
1
1
0.999146
0.999436
0.996641
0.439028
0.616982
0.433476
0.426953
0.644158
0.441587
0.999935
0.998267
0.999434
0.996273
0.999852
0.999156
0.986106
0.990388
0.996628
0.999999
1
1
1
1
1
1
1
1
1
1
1
0.99999
0.999983
0.999999
1
1
1
0.999999
1
1
1
1
1
1
1
1
1
1
1
1
1
1
1
1
1
1
1
1
1
1
1
1
1
1
1
1
1
1
1
1
1
1
1
1
1
1
1
1
1
1
1
1
1
0.618872
0.607031
0.840144
0.85651
0.796477
0.775524
0.886728
0.913294
0.772917
0.91184
0.884358
0.591307
0.85052
0.834021
0.693535
0.560062
0.78838
0.472769
0.661511
0.451683
0.43912
0.619124
0.434134
1
1
1
1
1
1
1
1
1
1
1
1
1
1
1
1
1
1
1
1
1
1
1
1
1
1
1
1
1
1
1
1
1
1
1
1
1
1
1
1
1
1
1
1
1
1
1
1
1
1
1
1
1
1
1
1
1
1
1
1
1
1
0.772917
0.91184
0.884358
0.591307
0.85052
0.834021
0.693535
0.560062
0.78838
1
1
1
1
1
1
1
1
1
1
1
1
1
1
1
1
1
1
1
1
1
1
1
1
1
1
1
1
1
1
1
1
1
1
1
1
0.618872
0.607031
0.840144
0.85651
0.796477
0.775524
0.886728
0.913294
1
1
1
1
1
1
1
1
1
1
1
1
1
1
1
1
1
1
1
1
1
1
1
1
1
1
1
1
1
1
1
1
1
1
1
1
1
1
1
1
1
1
1
1
1
1
1
1
1
1
1
1
1
1
1
1
1
1
1
1
1
1
1
1
1
1
1
1
1
1
1
1
1
1
1
1
1
1
1
1
1
1
1
1
1
1
1
1
1
1
1
1
1
1
1
1
1
1
1
1
1
1
1
1
1
1
1
1
1
1
1
1
1
1
0.451067
0.699067
0.472684
0.434133
0.66152
0.451675
1
1
1
1
1
1
1
1
1
1
1
1
1
1
1
1
1
1
1
1
1
1
1
1
1
1
1
1
1
1
1
1
1
1
1
1
1
1
1
1
1
1
1
1
1
1
1
1
1
1
1
1
1
1
1
1
1
1
1
1
1
1
1
1
1
1
1
1
1
1
1
1
1
1
1
1
1
1
1
1
1
1
1
1
1
1
1
1
1
1
1
1
0.561163
0.693922
0.956033
0.967057
0.592463
0.850937
0.773079
0.911921
0.602175
0.797237
0.960287
0.986826
0.610643
0.855704
0.890729
0.969226
0.655552
0.916905
0.992885
0.961324
0.978809
0.994026
0.620091
0.856554
0.659925
0.916859
0.961392
0.99258
0.625237
0.857482
0.978266
0.993644
0.961575
0.959584
0.999867
0.999849
0.989688
0.99939
0.989697
0.999267
0.84565
0.890608
0.801538
0.996444
0.996186
0.985874
0.8717
0.96982
0.887084
0.624203
0.634553
0.868033
0.862027
0.969933
0.99608
0.994177
0.979366
0.996442
0.998138
0.999392
0.989861
0.997698
0.989165
0.996129
0.999233
0.840429
0.886843
0.794864
0.989737
0.999269
0.996218
0.99939
0.989676
0.996427
0.961627
0.959534
0.98562
0.618945
0.856144
0.862423
0.994015
0.978768
0.968904
0.654527
0.916715
0.879376
0.996125
0.996443
0.985617
0.969982
0.868295
0.884342
0.451683
0.619124
0.434134
0.441004
0.612759
0.43912
1
1
1
1
1
1
1
1
1
1
1
1
1
1
1
1
1
1
1
1
1
1
1
1
1
1
1
1
1
1
1
1
1
1
1
1
1
1
1
1
1
1
1
1
1
1
1
1
1
1
1
1
1
1
1
1
1
1
0.610405
0.717957
0.814257
0.964419
0.968434
0.945302
0.779153
0.91281
0.891791
0.946596
0.818661
0.893714
0.840429
0.886843
0.794864
0.989737
0.999269
0.996218
0.99939
0.989676
0.996427
0.961627
0.959534
0.98562
0.618945
0.856144
0.862423
0.994015
0.978768
0.968904
0.654527
0.916715
0.879376
0.996125
0.996443
0.985617
0.969982
0.868295
0.884342
0.999964
0.999899
0.99999
1
1
1
0.999997
1
0.999999
1
1
1
1
1
1
1
1
1
1
1
1
1
1
1
0.999989
1
0.999999
1
1
1
0.994712
0.967882
0.97236
0.809329
0.919929
0.921199
0.853342
0.961072
0.948112
0.815224
0.825769
0.908559
0.999219
0.99635
0.99457
0.871187
0.964643
0.966781
0.887094
0.980418
0.971412
0.913608
0.941585
0.8889
1
1
1
1
1
1
1
1
1
1
1
1
1
1
1
1
1
1
1
1
1
1
1
1
0.999273
0.999983
0.99985
0.999899
0.960222
0.978603
0.918412
0.989608
0.844295
0.958206
0.857701
0.943236
1
1
1
1
1
1
1
1
1
1
1
1
1
1
1
1
0.615357
0.858045
0.778634
0.916422
0.583684
0.702934
0.999369
0.989719
0.98939
0.999258
0.961666
0.960684
0.641735
0.863145
0.993817
0.978935
0.674713
0.919899
0.779268
0.912878
0.642062
0.877196
0.968467
0.964466
0.718165
0.610961
0.946522
0.988389
0.969036
0.9653
0.55325
0.620129
0.721846
0.818403
1
1
1
1
1
1
1
1
1
1
1
1
0.999958
0.999896
1
1
0.999997
1
1
1
1
1
1
1
0.624203
0.634553
0.868033
0.862027
0.969933
0.99608
0.994177
0.979366
0.996442
0.998138
0.999392
0.989861
0.997698
0.989165
0.996129
0.999233
1
1
1
1
1
1
1
1
1
1
1
1
1
1
1
1
1
1
1
1
1
1
1
1
1
1
1
1
1
1
1
1
1
1
1
1
1
1
1
1
0.999997
1
0.999983
1
0.999964
0.999898
1
1
1
1
1
1
1
1
1
1
1
1
1
1
0.999632
0.999957
0.999989
0.999891
0.774448
0.677846
0.885883
0.920621
0.519679
0.704374
0.587057
0.799631
1
1
1
1
1
1
0.999989
1
0.999999
1
1
1
1
1
1
1
1
1
1
1
0.986104
0.990399
0.999988
0.999982
0.998269
0.999935
0.996266
0.999852
0.891754
0.962083
0.985796
0.95995
0.887391
0.980453
0.99895
0.9924
0.996356
0.99922
0.871541
0.964724
0.766122
0.66328
0.880659
0.917503
0.815348
0.826126
0.974134
0.987966
0.809432
0.919991
0.853711
0.961157
0.576957
0.605922
0.798648
0.840734
0.864783
0.848023
0.941503
0.960145
0.801149
0.796555
0.913539
0.919006
0.999436
0.999777
0.999935
0.998291
0.999228
0.996189
0.999146
0.999848
0.870427
0.876262
0.967828
0.965395
0.994706
0.999504
0.999236
0.996428
0.999999
1
1
0.999998
1
1
0.99999
0.999983
1
0.999997
0.999999
1
1
1
1
1
1
1
1
1
1
1
1
1
1
1
1
1
1
1
1
1
1
1
1
1
1
1
1
1
1
1
1
1
1
1
1
1
1
1
1
1
1
1
1
1
1
1
1
1
1
1
1
1
0.999888
0.999989
0.999999
0.999982
1
1
1
1
1
1
1
1
1
1
1
1
0.999273
0.999983
0.99985
0.999899
0.960222
0.978603
0.989608
0.918412
0.844295
0.958206
0.943236
0.857701
1
1
1
1
1
1
1
1
1
1
1
1
1
1
1
1
0.946522
0.988389
0.969036
0.9653
0.55325
0.620129
0.721846
0.818403
0.615357
0.858045
0.778634
0.916422
0.583684
0.702934
0.999369
0.989719
0.98939
0.999258
0.961666
0.960684
0.641735
0.863145
0.993817
0.978935
0.674713
0.919899
0.779268
0.912878
0.642062
0.877196
0.968467
0.964466
0.718165
0.610961
1
1
1
1
1
1
1
1
1
1
1
1
0.999958
0.999896
1
1
0.999997
1
1
1
1
1
1
1
0.561163
0.693922
0.956033
0.967057
0.592463
0.850937
0.773079
0.911921
0.797237
0.602175
0.986826
0.960287
0.890729
0.969226
0.610643
0.855704
0.655552
0.916905
0.992885
0.961324
0.978809
0.994026
0.620091
0.856554
0.659925
0.916859
0.99258
0.961392
0.978266
0.993644
0.625237
0.857482
0.961575
0.959584
0.999867
0.999849
0.989688
0.99939
0.989697
0.999267
1
1
1
1
1
1
1
1
1
1
1
1
0.999632
0.999957
0.999989
0.999891
1
1
1
1
1
1
1
1
1
1
1
1
1
1
1
1
1
1
1
1
1
1
1
1
1
1
1
1
1
1
1
1
1
1
1
1
1
1
1
1
0.999997
1
0.999983
1
0.999964
0.999898
1
1
0.84565
0.890608
0.801538
0.996444
0.996186
0.985874
0.8717
0.96982
0.887084
0.774448
0.677846
0.885883
0.920621
0.519679
0.704374
0.587057
0.799631
1
1
1
1
1
1
0.999989
1
0.999999
1
1
1
1
1
1
1
1
1
1
1
0.864783
0.848023
0.941503
0.960145
0.801149
0.796555
0.913539
0.919006
0.999436
0.999777
0.999935
0.998291
0.999228
0.996189
0.999146
0.999848
0.870427
0.876262
0.967828
0.965395
0.994706
0.999504
0.999236
0.996428
0.891754
0.962083
0.985796
0.95995
0.986104
0.990399
0.999988
0.999982
0.998269
0.999935
0.996266
0.999852
0.766122
0.66328
0.880659
0.917503
0.887391
0.980453
0.99895
0.9924
0.996356
0.99922
0.871541
0.964724
0.576957
0.605922
0.798648
0.840734
0.815348
0.826126
0.974134
0.987966
0.809432
0.919991
0.853711
0.961157
1
1
1
1
1
1
1
1
1
1
1
1
1
1
1
1
0.999888
0.999989
0.999999
0.999982
1
1
1
1
1
1
1
1
1
1
1
1
1
0.999997
0.999999
1
0.999999
1
1
0.999998
1
1
0.99999
0.999983
1
1
1
1
1
1
1
1
1
1
1
1
1
1
1
1
1
1
1
1
1
1
1
1
1
1
1
1
1
1
1
1
1
1
1
1
0.610405
0.717957
0.814257
0.964419
0.968434
0.945302
0.779153
0.91281
0.891791
0.999964
0.999899
0.99999
1
1
1
0.999997
1
0.999999
1
1
1
1
1
1
1
1
1
1
1
1
1
1
1
0.999989
1
0.999999
1
1
1
0.431594
0.621385
0.431593
0.4726
0.661984
0.451058
0.994712
0.967882
0.97236
0.919929
0.809329
0.921199
0.853342
0.961072
0.948112
0.825769
0.815224
0.908559
0.999219
0.99635
0.99457
0.871187
0.964643
0.966781
0.887094
0.980418
0.971412
0.913608
0.941585
0.8889
1
1
1
1
1
1
1
1
1
1
1
1
1
1
1
1
1
1
1
1
1
1
1
1
1
1
1
1
1
1
1
1
1
1
1
1
1
1
1
1
1
1
1
1
1
1
1
1
1
1
1
1
1
1
1
1
1
1
1
1
1
1
1
1
1
1
1
1
1
1
1
1
1
1
1
1
1
1
1
1
1
1
1
1
1
1
1
1
1
1
1
1
1
1
1
1
1
1
1
1
1
1
1
1
1
1
1
1
1
1
1
1
1
1
1
1
1
1
1
1
1
1
1
1
1
1
1
1
1
1
1
1
1
1
1
1
1
1
1
1
1
1
1
1
1
1
1
1
1
1
1
1
1
1
1
1
1
1
1
1
1
1
1
1
1
1
1
1
1
1
1
1
1
1
1
1
1
1
1
1
1
1
1
1
1
1
1
1
1
1
1
1
1
1
1
1
1
1
1
1
1
1
1
1
1
1
1
1
1
1
1
1
1
1
1
1
1
1
1
1
1
1
1
1
1
1
1
1
1
1
1
1
1
1
1
1
1
1
1
1
1
1
1
1
1
1
1
1
1
1
1
1
1
1
1
1
1
1
1
1
1
1
1
1
1
1
1
1
1
1
1
1
1
1
1
1
1
1
1
1
1
1
1
1
1
1
1
1
1
1
1
1
1
1
1
1
1
1
1
1
1
1
1
1
1
1
1
1
1
1
1
1
1
1
1
1
1
1
1
1
1
1
1
1
1
1
1
1
1
1
1
1
1
1
1
1
1
1
1
1
1
1
1
1
1
1
1
1
1
1
0.619893
0.431976
0.436743
0.613564
0.438527
0.613564
0.611766
0.436743
0.431847
0.614034
0.619968
0.436115
0.436743
0.611766
0.613564
0.438527
0.436743
0.611766
0.613564
0.438527
0.431976
0.613564
0.619893
0.436743
1
1
1
1
1
1
1
1
1
1
1
1
1
1
1
1
1
1
1
1
1
1
1
1
1
1
1
1
1
1
1
1
1
1
1
1
1
1
1
1
1
1
1
1
1
1
1
1
1
1
1
1
1
1
1
1
1
1
1
1
1
1
1
1
1
1
1
1
1
1
1
1
1
1
1
1
1
1
1
1
1
1
1
1
1
1
1
1
1
1
1
1
1
1
1
1
1
1
1
1
1
1
1
1
1
1
1
1
1
1
1
1
1
1
1
1
1
1
1
1
1
1
1
1
1
1
1
1
1
1
1
1
1
1
1
1
1
1
1
1
1
1
1
1
1
1
1
1
1
1
1
1
1
1
1
1
1
1
1
1
1
1
1
1
1
1
1
1
1
1
0.431847
0.614034
0.436115
0.619969
0.429575
0.662313
0.622171
0.448901
0.439135
0.611371
0.439027
0.611304
0.611178
0.439078
0.439135
0.611256
1
1
1
1
1
1
1
1
1
1
1
1
1
1
1
1
1
1
1
1
1
1
1
1
1
1
1
1
1
1
1
1
1
1
1
1
1
1
1
1
1
1
1
1
1
1
1
1
1
1
1
1
1
1
1
1
1
1
1
1
1
1
1
1
1
1
1
1
1
1
1
1
1
1
1
1
1
1
1
1
1
1
1
1
1
1
1
1
1
1
1
1
1
1
1
1
1
1
1
1
1
1
1
1
1
1
1
1
1
1
1
1
1
1
1
1
1
1
1
1
1
1
1
1
1
1
1
1
1
1
1
1
1
1
1
1
1
1
1
1
1
1
1
1
1
1
1
1
1
1
1
1
1
1
1
1
1
1
1
1
1
1
1
1
1
1
1
1
1
1
1
1
1
1
1
1
1
1
1
1
1
1
1
1
1
1
1
1
1
1
1
1
1
1
1
1
1
1
1
1
1
1
1
1
1
1
1
1
1
1
1
1
1
1
1
1
1
1
1
1
1
1
1
1
1
1
1
1
1
1
1
1
1
1
1
1
1
1
1
1
1
1
1
1
1
1
1
1
1
1
1
1
1
1
1
1
1
1
1
1
1
1
1
1
1
1
1
1
1
1
1
1
1
1
1
1
1
1
1
1
1
1
1
1
1
1
1
1
1
1
1
1
1
1
1
1
1
1
1
1
1
1
1
1
1
1
1
1
1
1
1
1
1
1
1
1
1
1
1
1
1
1
1
1
1
1
1
1
1
1
1
1
1
1
1
1
1
1
1
1
1
1
1
1
1
1
1
1
1
1
1
1
1
1
1
1
1
1
1
1
1
1
1
1
1
1
1
1
1
1
1
1
1
1
1
1
1
1
1
1
1
1
1
1
1
1
1
1
1
1
1
1
1
1
1
1
1
1
1
1
1
1
1
1
1
1
1
1
1
1
1
1
1
1
1
1
1
1
1
1
1
1
1
1
1
1
1
1
1
1
1
1
1
1
1
1
1
1
1
1
1
1
1
1
1
1
1
1
1
1
1
1
1
1
1
1
1
1
1
1
1
1
1
1
1
1
1
1
1
1
1
1
1
1
1
1
1
1
1
1
1
1
1
1
1
1
1
1
1
1
1
1
1
1
1
1
1
1
1
1
1
1
1
1
1
1
1
1
1
1
1
1
1
1
1
1
1
1
1
1
1
1
1
1
1
1
1
1
1
1
1
1
1
1
1
1
1
1
1
1
1
1
1
1
1
1
1
1
1
1
1
1
1
1
1
1
1
1
1
1
1
1
1
1
1
1
1
1
1
1
1
1
1
1
1
1
1
1
0.611295
0.468017
0.44888
0.611295
0.439027
0.611766
0.438527
0.611371
0.431972
0.431958
0.431759
0.4366
1
1
1
1
1
1
1
1
1
1
1
1
1
1
1
1
1
1
1
1
1
1
1
1
1
1
1
1
1
1
1
1
1
1
1
1
1
1
1
1
1
1
1
1
1
1
1
1
1
1
1
1
1
1
1
1
1
1
1
1
1
1
1
1
1
1
1
1
1
1
1
1
1
1
1
1
1
1
1
1
1
1
1
1
1
1
1
1
1
1
1
1
1
1
1
1
1
1
1
1
1
1
1
1
1
1
1
1
1
1
1
1
1
1
1
1
1
1
1
1
1
1
1
1
1
1
1
1
1
1
1
1
1
1
1
1
1
1
1
1
1
1
1
1
1
1
1
1
1
1
1
1
1
1
1
1
1
1
1
1
1
1
1
1
1
1
1
1
1
1
1
1
1
1
1
1
1
1
1
1
1
1
1
1
1
1
1
1
1
1
1
1
1
1
1
1
1
1
1
1
1
1
1
1
1
1
1
1
1
1
1
1
1
1
1
1
1
1
1
1
1
1
1
1
1
1
1
1
1
1
1
1
1
1
1
1
1
1
1
1
1
1
1
1
1
1
1
1
1
1
1
1
1
1
1
1
1
1
1
1
1
1
1
1
1
1
1
1
1
1
1
1
1
1
1
1
1
1
1
1
1
1
1
1
1
1
1
1
1
1
1
1
1
1
1
1
1
1
1
1
1
1
1
1
1
1
1
1
1
1
1
1
1
1
1
1
1
1
1
1
1
1
1
1
1
1
1
1
1
1
1
1
1
1
1
1
1
1
1
1
1
1
1
1
1
1
1
1
1
1
1
1
1
1
1
1
1
1
1
1
1
1
1
1
1
1
1
1
1
1
1
1
1
1
1
1
1
1
1
1
1
1
1
1
1
1
1
1
1
1
1
1
1
1
1
1
1
1
1
1
1
1
1
1
1
1
1
1
1
1
1
1
1
1
1
1
1
1
1
1
1
1
1
1
1
1
1
1
1
1
1
1
1
1
1
1
1
1
1
1
1
1
1
1
1
1
1
1
1
1
1
1
1
1
1
1
1
1
1
1
1
1
1
1
1
1
1
1
0.987124
0.999221
0.997032
0.905264
0.972915
0.976736
0.962657
0.96565
0.987174
0.999861
0.999891
0.999233
0.991779
0.99952
0.997035
0.969843
0.9947
0.972189
0.700582
0.931744
0.902237
0.995591
0.983564
0.976152
0.999999
0.999999
1
1
1
1
1
1
1
1
1
1
1
1
1
1
1
1
1
1
1
1
1
1
0.999996
1
0.999999
0.999983
1
0.999999
1
1
1
1
1
1
1
1
1
1
1
1
1
1
1
1
1
1
0.669111
0.882811
0.701068
0.931822
0.969884
0.994705
0.983579
0.995595
0.989245
0.999258
0.962598
0.965663
0.991782
0.99952
0.99986
0.999891
0.972871
0.993552
0.970598
0.994798
0.794492
0.709203
0.905082
0.933361
0.899238
0.961903
0.987122
0.966061
0.999221
0.999983
0.999889
0.999856
1
1
1
1
1
1
1
1
0.999951
0.999889
0.999996
1
1
1
0.999983
1
1
1
1
1
1
1
1
1
1
1
1
1
1
1
1
1
1
1
1
1
1
1
1
1
1
1
1
1
1
1
1
1
1
1
1
1
1
1
1
1
1
0.999995
0.999999
1
0.999999
0.999999
0.999982
1
0.972871
0.993552
0.970598
0.994798
0.794492
0.709203
0.905082
0.933361
0.899238
0.961903
0.987122
0.966061
0.999221
0.999983
0.999889
0.999856
0.669111
0.882811
0.701068
0.931822
0.969884
0.994705
0.983579
0.995595
0.989245
0.999258
0.962598
0.965663
0.991782
0.99952
0.99986
0.999891
1
1
1
1
1
1
1
1
1
1
1
1
1
1
1
1
1
1
1
1
1
1
1
1
1
0.999995
0.999999
1
0.999999
0.999999
0.999982
1
1
1
1
1
1
1
1
1
0.999951
0.999889
0.999996
1
1
1
0.999983
1
1
1
1
1
1
1
1
1
1
1
1
1
1
1
1
1
0.447401
0.424913
0.987124
0.999221
0.997032
0.905264
0.972915
0.976736
0.962657
0.96565
0.987174
0.999861
0.999891
0.999233
0.991779
0.99952
0.997035
0.969843
0.9947
0.972189
0.700582
0.931744
0.902237
0.995591
0.983564
0.976152
0.409726
0.433627
0.818661
0.946596
0.893714
0.999999
0.999999
1
1
1
1
1
1
1
1
1
1
1
1
1
1
1
1
1
1
1
1
1
1
0.999996
1
0.999999
0.999983
1
0.999999
1
1
1
1
1
1
1
1
1
1
1
1
1
1
1
1
1
1
1
1
1
1
1
1
1
1
1
1
1
1
1
1
1
1
1
1
1
1
1
1
1
1
1
1
1
1
1
1
1
1
1
1
1
1
1
1
1
1
1
1
1
1
1
1
1
1
1
1
1
1
1
1
1
1
1
1
1
1
1
1
1
1
1
1
1
1
1
1
1
1
1
1
1
1
1
1
1
1
1
1
1
1
1
1
1
1
1
1
1
1
1
1
1
1
1
1
1
1
1
1
1
1
1
1
1
1
1
1
1
1
1
1
1
1
1
1
1
1
1
1
1
1
1
1
1
1
1
1
1
1
1
1
1
1
1
1
1
1
1
1
1
1
1
1
1
1
1
1
1
1
1
1
1
1
1
1
1
1
1
1
1
1
1
1
1
1
1
1
1
1
1
1
1
1
1
1
1
1
1
1
1
1
1
1
1
1
1
1
1
1
1
1
1
1
1
1
1
1
1
1
1
1
1
1
1
1
1
1
1
1
1
1
1
1
1
1
1
1
1
1
1
1
1
1
1
1
1
1
1
1
1
1
1
1
1
1
1
1
1
1
1
1
1
1
1
1
1
1
1
1
1
1
1
1
1
1
1
1
1
1
1
1
1
1
1
1
1
1
1
1
1
1
1
1
1
1
1
1
1
1
1
1
1
1
1
1
1
1
1
1
1
1
1
1
1
1
1
1
1
1
1
1
1
1
1
1
1
1
1
1
1
1
1
1
1
1
1
1
1
1
1
1
1
1
1
1
1
1
1
1
1
1
1
1
1
1
1
1
1
1
1
1
1
1
1
1
1
1
1
1
1
1
1
1
1
1
1
1
1
1
1
1
1
1
1
1
1
1
1
1
1
1
1
1
1
1
1
1
1
1
1
1
1
1
1
1
1
1
1
1
1
1
1
1
1
1
1
1
1
1
1
1
1
1
1
1
1
1
1
1
1
1
1
1
1
1
1
1
1
1
1
1
1
1
1
1
1
1
1
1
1
1
1
1
1
1
1
1
1
1
1
1
1
1
1
1
1
1
1
1
1
1
1
1
1
1
1
1
1
1
1
1
1
1
1
1
1
1
1
1
1
1
1
1
1
1
1
1
1
1
1
1
1
1
1
1
1
1
1
1
1
1
1
1
1
1
1
1
1
1
1
1
1
1
1
1
1
1
1
1
1
1
1
1
1
1
1
1
1
1
1
1
1
1
1
1
1
1
1
1
1
1
1
1
1
1
1
1
1
1
1
1
1
1
1
1
1
1
1
1
1
1
1
1
1
1
1
1
1
1
1
1
1
1
1
1
1
1
1
1
1
1
1
1
1
1
1
1
1
1
1
1
1
1
1
1
1
1
1
1
1
1
1
1
1
1
1
1
1
1
1
1
1
1
1
1
1
1
1
1
1
1
1
1
1
1
1
1
1
1
1
1
1
1
1
1
1
1
1
1
1
1
1
1
1
1
1
1
1
1
1
1
1
1
1
1
1
1
1
1
1
1
1
1
1
1
1
1
1
1
1
1
1
1
1
1
1
1
1
1
1
1
1
1
1
1
1
1
1
1
1
1
1
1
1
1
1
1
1
1
1
1
1
1
1
1
1
1
1
1
1
1
1
1
1
1
1
1
1
1
1
1
1
1
1
1
1
1
1
1
1
1
1
1
1
1
1
1
1
1
1
1
1
1
1
1
1
1
1
1
1
1
1
1
1
1
1
1
1
1
1
1
1
1
1
1
1
1
1
1
1
1
1
1
1
1
1
1
1
1
1
1
1
1
1
1
1
1
1
1
1
1
1
1
1
1
1
1
1
1
1
1
1
1
1
1
1
1
1
1
1
1
1
1
1
1
1
1
1
1
1
1
1
1
1
1
1
1
1
1
1
1
1
1
1
1
1
1
1
1
1
1
1
1
1
1
1
1
1
1
1
1
1
1
1
1
1
1
1
1
1
1
1
1
1
1
1
1
1
1
1
1
1
1
1
1
1
1
1
1
1
1
1
1
1
1
1
1
1
1
1
1
1
1
1
1
1
1
1
1
1
1
1
1
1
1
1
1
1
1
1
1
1
1
1
1
1
1
1
1
1
1
1
1
1
1
1
1
1
1
1
1
1
1
1
1
1
1
1
1
1
1
1
1
1
1
1
1
1
1
1
1
1
1
1
1
1
1
1
1
1
1
1
1
1
1
1
1
1
1
1
1
1
1
1
1
1
1
1
1
1
1
1
1
1
1
1
1
1
1
1
1
1
1
1
1
1
1
1
1
1
1
1
1
1
1
1
1
1
1
1
1
1
1
1
1
1
1
1
1
1
1
1
1
1
1
1
1
1
1
1
1
1
1
1
1
1
1
1
1
1
1
1
1
1
1
1
1
1
1
1
1
1
1
1
1
1
1
1
1
1
1
1
1
1
1
1
1
1
1
1
1
1
1
1
1
1
1
1
1
1
1
1
1
1
1
1
1
1
1
1
1
1
1
1
1
1
1
1
1
1
1
1
1
1
1
1
1
1
1
1
1
1
1
1
1
1
1
1
1
1
1
1
1
1
1
1
1
1
1
1
1
1
1
1
1
1
1
1
1
1
1
1
1
1
1
1
1
1
1
1
1
1
1
1
1
1
1
1
1
1
1
1
1
1
1
1
1
1
1
1
1
1
1
1
1
1
1
1
1
1
1
1
1
1
1
1
1
1
1
1
1
1
1
1
1
1
1
1
1
1
1
1
1
1
1
1
1
1
1
1
1
1
1
1
1
1
1
1
1
1
1
1
1
1
1
1
1
1
1
1
1
1
1
1
1
1
1
1
1
1
1
1
1
1
1
1
1
1
1
1
1
1
1
1
1
1
1
1
1
1
1
1
1
1
1
1
1
1
1
1
1
1
1
1
1
1
1
1
1
1
1
1
1
1
1
1
1
1
1
1
1
1
1
1
1
1
1
1
1
1
1
1
1
1
1
1
1
1
1
1
1
1
1
1
1
1
1
1
1
1
1
1
1
1
1
1
1
1
1
1
1
1
1
1
1
1
1
1
1
1
1
1
1
1
1
1
1
1
1
1
1
1
1
1
1
1
1
1
1
1
1
1
1
1
1
1
1
1
1
1
1
1
1
1
1
1
1
1
1
1
1
1
1
1
1
1
1
1
1
1
1
1
1
1
1
1
1
1
1
1
1
1
1
1
1
1
1
1
1
1
1
1
1
1
1
1
1
1
1
1
1
1
1
1
1
1
1
0.438399
0.611841
0.611841
0.438399
0.449494
0.619893
0.431976
0.661749
0.611293
0.439155
0.439156
0.611295
0.439135
0.611371
0.439027
0.611305
0.431972
0.613574
0.436723
0.619903
0.447462
0.699353
0.470086
0.664079
1
1
1
1
1
1
1
1
1
1
1
1
1
1
1
1
1
1
1
1
1
1
1
1
1
1
1
1
1
1
1
1
1
1
1
1
1
1
1
1
1
1
1
1
1
1
1
1
1
1
1
1
1
1
1
1
1
1
1
1
1
1
1
1
1
1
1
1
1
1
1
1
1
1
1
1
1
1
1
1
1
1
1
1
1
1
1
1
1
1
0.998836
0.998836
0.999999
0.999999
1
1
1
1
0.999016
0.998837
0.999999
0.999999
1
1
1
1
0.998837
0.999016
0.999999
0.999999
1
1
1
1
0.999016
0.999299
0.999999
0.999999
1
1
1
1
0.998877
0.999474
1
0.999999
1
1
1
1
0.998841
0.999299
0.999999
0.999999
1
1
1
1
0.998842
0.998836
0.999999
0.999999
1
1
1
1
0.998842
0.998836
0.999999
0.999999
1
1
1
1
0.999016
0.999299
0.999999
0.999999
1
1
1
1
0.998837
0.999016
0.999999
0.999999
1
1
1
1
0.998877
0.999016
0.999999
0.999999
1
1
1
1
0.999016
0.999299
0.999999
0.999999
1
1
1
1
0.998836
0.998877
0.999999
0.999999
1
1
1
1
0.9993
0.999016
0.999999
0.999999
1
1
1
1
0.998836
0.998837
0.999999
0.999999
1
1
1
1
0.999299
0.998842
0.999999
0.999999
1
1
1
1
0.999474
0.998877
1
0.999999
1
1
1
1
0.998836
0.998842
0.999999
0.999999
1
1
1
1
0.999298
0.999999
0.999999
1
1
1
0.999015
0.999999
0.999999
0.998835
0.999999
0.999999
1
1
1
0.998835
0.999999
0.999999
0.998835
0.999999
0.999999
1
1
1
0.998835
0.999999
0.999999
0.999298
0.999999
0.999999
1
1
1
0.999473
0.999999
1
0.999298
0.999999
0.999999
1
1
1
0.999015
0.999999
0.999999
0.999015
0.999999
0.999999
1
1
1
0.999298
0.999999
0.999999
0.99884
0.999999
0.999999
1
1
1
0.998835
0.999999
0.999999
0.998876
1
0.999999
1
1
1
0.99884
0.999999
0.999999
0.99884
0.999999
0.999999
1
1
1
0.998876
1
0.999999
0.999474
0.999999
1
1
1
1
0.999304
0.999999
0.999999
0.99902
0.999999
0.999999
1
1
1
0.998917
1
0.999999
0.998835
0.999999
0.999999
1
1
1
0.998835
0.999999
0.999999
0.999015
0.999999
0.999999
1
1
1
0.998876
0.999999
0.999999
0.999997
0.998876
0.999999
1
1
1
0.999015
0.999999
0.999999
0.998835
0.999999
0.999999
1
1
1
0.998835
0.999999
0.999999
0.998876
1
0.999999
0.999985
1
1
0.99884
0.999962
0.999999
1
1
1
1
1
1
1
1
1
0.998876
0.999999
0.999999
1
1
1
0.999015
0.999999
0.999999
0.999015
0.999999
0.999999
1
1
1
0.999299
0.999999
0.999999
0.998837
0.998877
0.999999
0.999999
1
1
1
1
0.999299
0.999016
0.999999
0.999999
1
1
1
1
0.998842
0.999299
0.999999
0.999999
1
1
1
1
0.998877
0.999474
1
0.999999
1
1
1
1
0.998836
0.998877
0.999999
0.999999
1
1
1
1
0.999299
0.999016
0.999999
0.999999
1
1
1
1
0.998836
0.998836
0.999999
0.999999
1
1
1
1
0.998877
0.998836
0.999999
0.999999
1
1
1
1
0.999016
0.998837
0.999999
0.999999
1
1
1
1
0.998836
0.998836
0.999999
0.999999
1
1
1
1
0.999299
0.999016
0.999999
0.999999
1
0.999999
1
1
0.998827
0.999997
0.998877
0.999999
1
1
1
1
0.998756
0.999962
0.998841
0.999999
1
1
1
1
0.999474
0.998877
0.999999
1
1
0.999985
1
1
1
1
1
1
1
1
1
1
1
1
1
1
1
1
1
1
1
1
1
1
1
1
1
1
1
1
1
1
1
1
1
1
0.999057
0.999474
1
0.999999
1
1
1
1
0.999021
0.9993
0.999999
0.999999
1
1
1
1
0.999305
0.999016
0.999999
0.999999
1
1
1
1
0.998836
0.998877
0.999999
0.999999
1
1
1
1
0.998836
0.998836
0.999999
0.999999
1
1
1
1
0.999016
0.998837
0.999999
0.999999
1
1
1
1
0.998837
0.999016
0.999999
0.999999
1
1
1
1
0.999016
0.999299
0.999999
0.999999
1
1
1
1
0.998837
0.998877
0.999999
0.999999
1
1
1
1
0.999299
0.999016
0.999999
0.999999
1
1
1
1
0.998842
0.999299
0.999999
0.999999
1
1
1
1
1
1
1
1
0.998877
0.999474
1
0.999999
0.998877
0.999474
1
0.999999
1
1
1
1
0.998841
0.999299
0.999999
0.999999
1
1
1
1
0.998842
0.998836
0.999999
0.999999
1
1
1
1
0.998842
0.998836
0.999999
0.999999
1
1
1
1
0.998836
0.998877
0.999999
0.999999
1
1
1
1
0.999299
0.999016
0.999999
0.999999
1
1
1
1
0.998836
0.998836
0.999999
0.999999
1
1
1
1
1
1
1
1
0.998878
0.998836
0.999999
0.999999
0.999021
0.999299
0.999999
0.999999
1
1
1
1
0.998837
0.999016
0.999999
0.999999
1
1
1
1
0.998918
0.999712
1
0.999999
1
1
1
1
0.999025
0.999845
1
0.999999
1
1
1
1
0.999016
0.998837
0.999999
0.999999
1
1
1
1
0.998836
0.998836
0.999999
0.999999
1
1
1
1
0.999299
0.999016
0.999999
0.999999
1
0.999999
1
1
1
1
1
1
0.998827
0.998877
0.999997
0.999999
0.998756
0.999962
0.998841
0.999999
1
1
1
1
1
0.999985
1
1
0.999474
0.998877
0.999999
1
1
1
1
1
1
1
1
1
1
1
1
1
1
1
1
1
1
1
1
1
1
1
1
1
1
1
1
1
1
1
1
1
0.998836
0.998877
0.999999
0.999999
1
1
1
1
0.9993
0.999016
0.999999
0.999999
1
1
1
1
0.998836
0.998837
0.999999
0.999999
1
1
1
1
0.999299
0.998842
0.999999
0.999999
1
1
1
1
0.999057
0.999474
1
0.999999
1
1
1
1
0.999021
0.9993
0.999999
0.999999
1
1
1
1
0.999305
0.999016
0.999999
0.999999
1
1
1
1
1
1
1
1
0.998836
0.998877
0.999999
0.999999
0.999474
0.998877
1
0.999999
1
1
1
1
0.998836
0.998842
0.999999
0.999999
1
1
1
1
1
1
1
1
1
1
1
1
1
1
1
1
1
1
1
1
1
1
1
1
1
1
1
1
1
1
1
1
1
1
1
1
1
1
1
1
1
1
1
1
1
1
1
1
1
1
1
1
1
1
1
1
1
1
1
1
1
1
1
1
1
1
1
1
1
1
1
1
1
1
1
1
1
1
1
1
1
1
1
1
1
1
1
1
1
1
1
1
1
1
1
1
1
1
1
1
1
1
1
1
1
1
1
1
1
1
1
1
1
1
1
1
1
1
1
1
1
1
1
1
1
1
1
1
1
1
1
1
1
1
1
1
1
1
1
1
1
1
1
1
1
1
1
1
1
1
1
1
1
1
1
1
1
1
1
1
1
1
1
1
1
1
1
1
1
1
1
1
1
1
1
1
1
1
1
1
1
1
1
1
1
1
1
1
1
1
1
1
1
1
1
1
1
1
1
1
1
1
1
1
1
1
1
1
1
1
1
1
1
1
1
1
1
1
1
1
1
1
1
1
1
1
1
1
1
1
1
1
1
1
1
1
1
1
1
1
1
1
1
1
1
1
1
1
1
1
1
1
1
1
1
1
1
1
1
1
1
1
1
1
1
1
1
1
1
1
1
1
1
1
1
1
1
1
1
1
1
1
1
1
1
1
1
1
1
1
1
1
1
1
1
1
1
1
1
1
1
1
1
1
1
1
1
1
1
1
1
1
1
1
1
1
1
1
1
1
1
1
1
1
1
1
1
1
1
1
1
1
1
1
1
1
1
1
1
1
1
1
1
1
1
1
1
1
1
1
1
1
1
1
1
1
1
1
1
1
1
1
1
1
1
1
1
1
1
1
1
1
1
1
1
1
1
1
1
1
1
1
1
1
1
1
1
1
1
1
1
1
1
1
1
1
1
1
1
1
1
1
1
1
1
1
1
1
1
1
1
1
1
1
1
1
1
1
1
1
1
1
1
1
1
1
1
1
1
1
1
1
1
1
1
1
1
1
1
1
1
1
1
1
1
1
1
1
1
1
1
1
1
1
1
1
1
1
1
1
1
1
1
1
1
1
1
1
1
1
1
1
1
1
1
1
1
1
1
1
1
1
1
1
1
1
1
1
1
1
1
1
1
1
1
1
1
1
1
1
1
1
1
1
1
1
1
1
1
1
1
1
1
1
1
1
1
1
1
1
1
1
1
1
1
1
1
1
1
1
1
1
1
1
1
1
1
1
1
1
1
1
1
1
1
1
1
1
1
1
1
1
1
1
1
1
1
1
1
1
1
1
1
1
1
1
1
1
1
1
1
1
1
1
1
1
1
1
1
1
1
1
1
1
1
1
1
1
1
1
1
1
1
1
1
1
1
1
1
1
1
1
1
1
1
1
1
1
1
1
1
1
1
1
1
1
1
1
1
1
1
1
1
1
1
1
1
1
1
1
1
1
1
1
1
1
1
1
1
1
1
1
1
1
1
1
1
1
1
1
1
1
1
1
1
1
1
1
1
1
1
1
1
1
1
1
1
1
1
1
1
1
1
1
1
1
1
1
1
1
1
1
1
1
1
1
1
1
1
1
1
1
1
1
1
1
1
1
1
1
1
1
1
1
1
1
1
1
1
1
1
1
1
1
1
1
1
1
1
1
1
1
1
1
1
1
1
1
1
1
1
1
1
1
1
1
1
1
1
1
1
1
1
1
1
1
1
1
1
1
1
1
1
1
1
1
1
1
1
1
1
1
1
1
1
1
1
1
1
1
1
1
1
1
1
1
1
1
1
1
1
1
1
1
1
1
1
1
1
1
1
1
1
1
1
1
1
1
1
1
1
1
1
1
1
1
1
1
1
1
1
1
1
1
1
1
1
1
1
1
1
1
1
1
1
1
1
1
1
1
1
1
1
1
1
1
1
1
1
1
1
1
1
1
1
1
1
1
1
1
1
1
1
1
1
1
1
1
1
1
1
1
1
1
1
1
1
1
1
1
1
1
1
1
1
1
1
1
1
1
1
1
1
1
1
1
1
1
1
1
1
1
1
1
1
1
1
1
1
1
1
1
1
1
1
1
1
1
1
1
1
1
1
1
1
1
1
1
1
1
1
1
1
1
1
1
1
1
1
1
1
1
1
1
1
1
1
1
1
1
1
1
1
1
1
1
1
1
1
1
1
1
1
1
1
1
1
1
1
1
1
1
1
1
1
1
1
1
1
1
1
1
1
1
1
1
1
1
1
1
1
1
1
1
1
1
1
1
1
1
1
1
1
1
1
1
1
1
1
1
1
1
1
1
1
1
1
1
1
1
1
1
1
1
1
1
1
1
1
1
1
1
1
1
1
1
1
1
1
1
1
1
1
1
1
1
1
1
1
1
1
1
1
1
1
1
1
1
1
1
1
1
1
1
1
1
1
1
1
1
1
1
1
1
1
1
1
1
1
1
1
1
1
1
1
1
1
1
1
1
1
1
1
1
1
1
1
1
1
1
1
1
1
1
1
1
1
1
1
1
1
1
1
1
1
1
1
1
1
1
1
1
1
1
1
1
1
1
1
1
1
1
1
1
1
1
1
1
1
1
1
1
1
1
1
1
1
1
1
1
1
1
1
1
1
1
1
1
1
1
1
1
1
1
1
1
1
1
1
1
1
1
1
1
1
1
1
1
1
1
1
1
1
1
1
1
1
1
1
1
1
1
1
1
1
1
1
1
1
1
1
1
1
1
1
1
1
1
1
1
1
1
1
1
1
1
1
1
1
1
1
1
1
1
1
1
1
1
1
1
1
1
1
1
1
1
1
1
1
1
1
1
1
1
1
1
1
1
1
1
1
1
1
1
1
1
1
1
1
1
1
1
1
1
1
1
1
1
1
1
1
1
1
1
1
1
1
1
1
1
1
1
1
1
1
1
1
1
1
1
1
1
1
1
1
1
1
1
1
1
1
1
1
1
1
1
1
1
1
1
1
1
1
1
1
1
1
1
1
1
1
1
1
1
1
1
1
1
1
1
1
1
1
1
1
1
1
1
1
1
1
1
1
1
1
1
1
1
1
1
1
1
1
1
1
1
1
1
1
1
1
1
1
1
1
1
1
1
1
1
1
1
1
1
1
1
1
1
1
1
1
1
1
1
1
1
1
1
1
1
1
1
1
1
1
1
1
1
1
1
1
1
1
1
1
1
1
1
1
1
1
1
1
1
1
1
1
1
1
1
1
1
1
1
1
1
1
1
0.999999
0.999991
0.999991
1
1
1
1
1
1
1
1
1
1
1
1
0.999999
1
1
1
1
1
1
1
1
1
1
1
1
1
1
1
1
1
1
1
1
1
1
1
1
1
1
1
1
1
1
1
1
1
1
1
1
1
1
1
1
1
1
1
1
1
1
1
1
1
1
1
1
1
1
1
1
1
1
1
1
1
1
1
1
1
1
1
1
1
1
1
1
1
1
1
1
1
1
1
1
1
1
1
1
1
1
1
1
1
1
1
1
1
0.999991
1
1
1
1
1
1
1
1
1
1
1
1
1
1
1
1
1
1
1
1
1
1
1
1
1
1
1
1
1
1
1
1
1
1
1
1
1
1
1
1
1
1
1
1
1
1
1
1
1
1
1
1
1
1
1
1
1
1
1
1
1
1
1
1
1
1
1
1
1
1
1
1
1
1
1
1
1
1
1
1
1
1
1
1
1
1
1
1
1
1
1
1
1
1
1
1
0.978148
0.996053
0.98276
0.994765
0.982737
0.994725
0.977966
0.996049
0.973544
0.993682
0.974273
0.993053
0.974491
0.993795
0.974491
0.993795
0.985617
0.996049
0.982737
0.996847
0.977646
0.995989
0.982508
0.97412
0.993729
0.974279
0.974279
0.993693
0.97412
0.974279
0.993693
0.97412
0.977646
0.995989
0.982508
0.975095
0.993769
0.974462
0.976738
0.973871
0.992919
0.973097
0.982508
0.994639
0.977646
0.974097
0.993689
0.974097
0.974097
0.993689
0.974099
0.985449
0.995989
0.982508
1
1
1
1
1
1
1
1
0.975072
0.993729
0.974279
0.974089
0.99363
0.973949
0.977646
0.995989
0.982508
0.97412
0.993729
0.974279
0.975072
0.994639
0.977646
0.982691
0.994882
0.978621
0.974279
0.993693
0.97412
0.974279
0.993693
0.97412
0.994434
0.976582
1
1
1
1
0.975072
0.993729
0.974279
0.974097
0.993689
0.974097
0.977646
0.995989
0.982508
0.975095
0.993769
0.974462
0.974035
0.993687
0.974101
0.982508
0.996804
0.985449
1
1
1
1
1
1
1
1
1
1
1
1
1
0.976738
0.973871
0.992919
0.973097
0.985449
0.995989
0.982508
0.973904
0.993669
0.974048
1
1
1
1
1
0.982508
0.994639
0.977646
0.974097
0.993689
0.974097
0.974099
0.993693
0.97412
0.983484
0.996844
0.985632
0.974097
0.993689
0.974099
0.985449
0.995989
0.982508
1
1
1
1
1
1
1
1
1
1
1
1
1
0.962162
0.943304
0.968509
0.987761
0.985617
0.996049
0.982737
0.996847
0.974647
0.99403
0.975431
0.99383
0.975431
0.994725
0.977966
0.99403
0.979178
0.995288
0.979721
0.995139
0.985642
0.996089
0.982918
0.996851
0.975431
0.99383
0.974647
0.99403
0.978932
0.994965
0.978932
0.994965
0.977966
0.996049
0.982737
0.994725
0.974647
0.99403
0.975431
0.99383
0.982918
0.996851
0.98564
0.996089
0.982739
0.994725
0.977967
0.996049
0.974489
0.99383
0.974647
0.993794
0.97445
0.993769
0.974413
0.993785
0.973544
0.993682
0.974273
0.993053
0.974426
0.993689
0.974304
0.993774
0.974468
0.993794
0.974489
0.99379
1
1
1
1
1
1
1
1
0.977966
0.99403
0.975431
0.994725
0.975431
0.99383
0.974647
0.99403
0.985617
0.996049
0.982739
0.996847
0.975454
0.994725
0.977968
0.994035
0.974491
0.993795
0.974491
0.993795
0.985617
0.996049
0.982737
0.996847
0.962162
0.943304
0.968509
0.987761
0.985617
0.996049
0.982737
0.996847
0.977966
0.996049
0.982737
0.994725
0.974647
0.99403
0.975431
0.99383
0.974489
0.99383
0.974647
0.993794
0.97445
0.993769
0.974413
0.993785
1
1
1
1
1
1
1
1
0.974466
0.99379
0.974466
0.99379
0.975431
0.994725
0.977966
0.99403
0.975072
0.993729
0.974279
0.974089
0.99363
0.973949
0.975072
0.994639
0.977646
0.982691
0.994882
0.978621
0.994434
0.976582
1
1
1
1
0.975072
0.993729
0.974279
0.974097
0.993689
0.974097
0.974035
0.993687
0.974101
0.982508
0.996804
0.985449
1
1
1
1
0.985449
0.995989
0.982508
0.973904
0.993669
0.974048
1
1
1
1
1
0.974099
0.993693
0.97412
0.982691
0.996808
0.985473
1
1
1
1
1
1
1
1
1
1
1
1
1
1
1
1
0.992864
0.973789
0.975391
0.993948
0.977966
0.99403
0.975431
0.994725
0.982737
0.996847
0.985619
0.996049
0.97447
0.993794
0.974489
0.993791
0.947287
0.976735
0.999991
1
0.999999
1
0.999241
0.998781
0.998204
0.999781
0.975431
0.99383
0.974647
0.99403
0.993946
0.975366
0.977971
0.994722
0.977646
0.993932
0.975072
0.974099
0.993689
0.974097
0.97545
0.98275
0.981483
0.978947
0.974277
0.993932
0.975071
0.975072
0.994639
0.977646
0.977646
0.993932
0.975072
0.973127
0.99359
0.974015
0.977984
0.975411
0.97412
0.993729
0.974279
0.977648
0.995989
0.982509
0.981483
0.978949
0.981484
0.983715
0.975824
0.973566
0.999757
0.999777
0.99817
0.99923
0.999999
0.999063
0.999242
0.999989
0.985473
0.995989
0.98251
0.974097
0.993689
0.974099
0.97545
0.986268
0.983737
0.981506
0.97417
0.993685
0.974109
0.982508
0.994639
0.977646
0.978949
0.977984
0.977987
0.975472
1
1
1
1
0.985626
0.968544
0.97545
0.98275
0.977646
0.993932
0.975072
0.974099
0.993689
0.974097
0.981483
0.978947
0.981484
0.983737
0.982509
0.996804
0.985451
0.985475
0.995993
0.982534
0.983737
0.981484
0.983738
0.986247
0.974277
0.993932
0.975071
0.975072
0.994639
0.977646
0.974483
0.978005
0.993618
0.976437
0.97411
0.993672
0.97406
0.999859
0.998919
1
1
0.998171
0.999785
0.999999
0.999999
0.97446
1
1
1
1
1
1
1
1
1
1
1
1
0.977646
0.993932
0.975072
0.973127
0.99359
0.974015
0.977984
0.975411
0.983738
0.98627
0.982508
0.996804
0.985449
0.974099
0.993693
0.97412
0.975472
0.981504
0.981483
0.978949
0.97412
0.993729
0.974279
0.977648
0.995989
0.982509
0.981484
0.983715
0.974468
0.974507
0.974099
0.993689
0.974097
0.977646
0.993932
0.975072
0.983736
0.977984
0.975824
0.973566
0.999757
0.999777
0.99817
0.99923
0.999999
0.999063
0.999242
0.999989
0.999894
0.995132
0.974486
0.974445
0.97313
0.988449
0.968641
0.999984
0.99999
0.999896
0.99377
0.999176
0.995047
0.969235
1
1
1
1
1
1
1
1
1
1
1
1
1
1
1
1
1
1
1
0.999999
1
1
1
1
1
1
1
0.97545
0.986268
0.98251
0.996804
0.985449
0.974099
0.993693
0.97412
0.983737
0.981506
0.983715
0.981484
0.977669
0.993972
0.975254
0.981195
0.996232
0.983484
0.981484
0.983737
0.978949
0.977984
0.97417
0.993685
0.974109
0.982508
0.994639
0.977646
0.977987
0.975472
0.982737
0.994725
0.977966
0.996049
0.975612
0.994729
0.97799
0.99407
0.979742
0.995081
0.979038
0.995291
0.985637
0.996049
0.982741
0.996851
0.974468
0.993794
0.974489
0.99379
0.974465
0.99379
0.974464
0.99379
0.862154
0.963968
0.97553
0.994435
0.974441
0.993788
0.97446
0.993778
0.992864
0.973789
0.975391
0.993948
0.977966
0.99403
0.975431
0.994725
0.982737
0.996847
0.985617
0.996049
0.974491
0.99383
0.974647
0.993795
0.977967
0.996049
0.982739
0.994725
0.974468
0.993794
0.974489
0.99379
0.977966
0.99403
0.975431
0.994725
0.975431
0.99383
0.974647
0.99403
0.947287
0.976735
0.999991
1
0.999999
1
0.999241
0.998781
0.998204
0.999781
0.969206
0.993028
0.973577
0.988674
0.995127
0.998155
0.993881
0.999188
0.999894
0.999999
0.999984
0.99999
1
1
1
1
1
1
1
1
1
1
1
1
1
1
1
1
1
1
1
1
1
1
0.999999
1
0.974489
0.99383
0.974647
0.993794
0.974647
0.99403
0.975431
0.99383
0.975612
0.994729
0.97799
0.99407
0.982737
0.994725
0.977966
0.996049
0.975431
0.99383
0.974647
0.99403
0.993946
0.975366
0.977971
0.994722
0.974441
0.993788
0.993778
0.97446
0.862154
0.963968
0.97553
0.994435
0.982737
0.996847
0.985617
0.996049
0.974491
0.99383
0.974647
0.993795
0.977966
0.99403
0.975431
0.994725
0.975431
0.99383
0.974647
0.99403
0.969206
0.993028
0.988674
0.973577
0.995127
0.998155
0.993881
0.999188
0.999894
0.999999
0.999984
0.99999
1
1
1
1
1
1
1
1
1
1
1
1
1
1
1
1
1
1
1
1
1
1
0.999999
1
0.974466
0.99379
0.974466
0.99379
0.974466
0.99379
0.974466
0.99379
0.985626
0.968544
0.982509
0.996804
0.985451
0.985475
0.995993
0.982534
0.983737
0.981484
0.97411
0.993672
0.97406
0.993618
0.976437
0.998919
0.999859
1
1
0.998171
0.999785
0.999999
0.999999
1
1
1
1
1
1
1
1
1
1
1
1
0.982508
0.996804
0.985449
0.974099
0.993693
0.97412
0.983738
0.98627
0.975472
0.981504
0.974099
0.993689
0.974097
0.977646
0.993932
0.975072
0.974468
0.974507
0.983736
0.977984
0.999894
0.995132
0.97313
0.988449
0.968641
0.974486
0.974445
0.999984
0.99999
0.999896
0.99377
0.999176
0.995047
0.969235
1
1
1
1
1
1
1
1
1
1
1
1
1
1
1
1
1
1
1
0.999999
1
1
1
1
1
1
1
0.982691
0.994882
0.978621
0.978621
0.994882
0.978621
0.983715
0.981484
0.981484
0.983737
1
1
1
1
1
1
1
1
1
1
1
1
1
1
1
1
1
1
1
1
1
1
1
1
1
1
1
1
1
1
0.975431
0.994725
0.977966
0.99403
0.974647
0.99403
0.975431
0.99383
0.975431
0.99383
0.974647
0.99403
0.97799
0.99407
0.975612
0.994729
0.977966
0.99403
0.975431
0.994725
0.975431
0.99383
0.974647
0.99403
1
1
1
1
1
1
1
1
1
1
1
1
1
1
1
1
1
1
1
1
1
1
1
1
1
1
1
1
1
1
1
1
1
1
1
1
1
1
1
1
1
1
1
1
1
1
1
1
1
1
1
1
1
1
1
1
1
1
1
1
1
1
1
1
1
1
1
1
1
1
1
1
1
1
1
1
1
1
1
1
1
1
1
1
1
1
1
1
1
1
1
1
1
1
1
1
1
1
1
1
1
1
1
1
1
1
1
1
1
1
1
1
1
1
1
1
1
1
1
1
1
1
1
1
1
1
1
1
1
1
1
1
1
1
1
1
1
1
1
1
1
1
1
1
1
1
1
1
1
1
1
1
1
1
1
1
1
1
1
1
1
1
1
1
1
1
1
1
1
1
1
1
1
1
1
1
1
1
1
1
1
1
1
1
1
1
1
0.978934
0.996093
0.982942
0.994965
0.97799
0.99407
0.975612
0.994729
0.974426
0.993689
0.974304
0.993774
0.974468
0.993794
0.974489
0.99379
1
1
1
1
1
1
1
1
1
1
1
1
1
1
1
1
1
1
1
1
1
1
1
1
1
1
1
1
1
1
1
1
1
1
1
1
1
1
1
1
1
1
1
1
1
1
1
1
1
1
1
1
1
1
1
1
1
1
1
1
1
1
1
1
1
1
1
1
1
1
1
1
1
1
1
1
1
1
1
1
1
1
1
1
1
1
1
1
1
1
1
1
1
1
1
1
1
1
1
1
1
1
1
1
1
1
1
1
1
1
1
1
1
1
1
1
1
1
1
1
1
1
1
1
1
1
1
1
1
1
1
1
1
1
1
1
1
1
1
1
1
1
1
1
1
1
1
1
1
1
1
1
1
1
1
1
1
1
1
1
1
1
1
1
1
1
1
1
1
1
1
1
1
1
1
1
1
1
1
1
1
1
1
1
1
1
1
1
1
1
1
1
1
1
1
1
1
1
1
1
1
1
1
1
1
1
1
1
1
1
1
1
1
1
1
1
1
1
1
1
1
1
1
1
0.971492
0.999999
0.999759
0.999201
0.974489
0.99383
0.974647
0.993794
0.974466
0.99379
0.974466
0.99379
0.983738
0.986247
0.974483
0.978005
1
1
1
1
1
1
1
1
1
1
1
1
1
1
1
1
1
1
1
1
1
1
1
1
1
1
1
1
1
1
1
1
1
1
1
1
1
1
1
1
1
1
1
1
1
1
1
1
1
1
1
1
1
1
1
1
1
1
1
1
1
1
1
1
1
1
1
1
1
1
1
1
1
1
1
1
1
1
1
0.99884
0.999845
0.999841
1
1
1
0.999837
0.998819
0.999837
0.99988
0.999938
0.994145
1
1
1
1
1
1
1
1
1
1
1
1
1
1
1
0.999838
0.998827
0.99984
0.999835
1
1
1
1
1
1
1
1
0.967481
0.96986
0.994137
0.992879
1
1
1
1
0.999851
0.999175
0.99988
0.999982
0.999938
0.99931
0.999481
0.99991
1
1
1
1
1
1
1
1
0.999982
0.999999
1
0.999998
1
1
1
1
0.887938
0.968766
0.999986
1
0.998793
0.998921
0.996356
0.999856
1
1
1
1
0.999838
0.998854
0.998848
0.999843
1
1
1
1
1
1
1
1
1
1
1
1
1
1
1
1
1
1
1
1
0.999989
0.999983
1
1
1
1
1
1
1
1
1
1
0.971492
0.999999
0.999759
0.999201
1
1
1
1
1
1
0.999999
1
0.967481
0.96986
0.994137
0.992879
1
1
1
1
0.999938
0.99931
0.999481
0.99991
0.999851
0.999175
0.99988
0.999982
1
1
1
1
1
1
1
1
0.999982
0.999999
1
0.999998
1
1
1
1
1
1
1
1
0.999838
0.998854
0.998848
0.999843
0.887938
0.968766
0.999986
1
0.998793
0.998921
0.996356
0.999856
1
1
1
1
1
1
1
1
1
1
1
1
1
1
1
1
1
1
1
1
1
1
1
1
1
1
1
1
0.999989
0.999983
1
1
1
1
1
1
1
1
0.999999
1
0.99884
0.999845
0.999841
1
1
1
0.999837
0.998819
0.999837
0.99988
0.999938
0.994145
1
1
1
1
1
1
1
1
1
1
1
1
1
1
1
0.981484
0.983737
0.999838
0.998827
0.99984
0.999835
0.97446
1
1
1
1
1
1
1
1
1
1
1
1
1
1
1
1
1
1
1
1
1
1
1
1
1
1
1
1
1
1
1
1
1
1
1
1
1
1
1
1
1
1
1
1
1
1
1
1
1
1
1
1
1
1
1
1
1
1
1
1
1
1
1
1
1
1
1
1
1
1
1
1
1
1
1
1
1
1
1
1
1
1
1
1
1
1
1
1
1
1
1
1
1
1
1
1
1
1
1
1
1
1
1
1
1
1
1
1
1
1
1
1
1
1
1
1
1
1
1
1
1
1
1
1
1
1
1
1
1
1
1
1
1
1
1
1
1
1
1
1
1
1
1
1
1
1
1
1
1
1
1
1
1
1
1
1
1
1
1
1
1
1
1
1
1
1
1
1
1
1
1
1
1
1
1
1
1
1
1
1
1
1
1
1
1
1
1
1
1
1
1
1
1
1
1
1
1
1
1
1
1
1
1
1
1
1
1
1
1
1
1
0.982737
0.994725
0.977966
0.996049
0.97467
0.993834
0.97467
0.993834
0.974465
0.99379
0.974464
0.99379
0.974468
0.993794
0.974489
0.99379
0.983704
0.996891
0.985822
0.996289
0.977968
0.994031
0.975433
0.994725
0.99786
0.998874
0.999747
0.998796
1
1
1
1
0.999867
0.998895
0.999032
0.999848
0.999999
0.999987
0.999999
1
0.999848
0.99886
0.998895
0.999844
1
0.999999
1
1
0.998804
0.999757
0.99986
0.999026
1
1
1
1
0.999999
0.999867
0.999747
0.998876
0.999864
0.999845
0.999987
1
0.999999
0.998845
0.99873
0.999737
1
0.99986
0.999848
0.999748
0.998828
0.999833
1
1
1
0.999015
0.999909
0.999864
0.999999
0.999867
0.999747
0.998876
0.999864
0.999845
0.999987
1
0.999999
0.998845
0.99873
0.999737
1
1
1
1
1
1
1
1
1
1
1
1
1
1
1
1
1
1
1
1
1
1
1
1
1
0.99986
0.999848
0.999748
0.998828
0.999833
1
1
1
0.999015
0.999909
0.999864
0.99786
0.998874
0.999747
0.998796
1
1
1
1
0.999867
0.998895
0.999032
0.999848
0.999999
0.999987
0.999999
1
1
1
1
1
1
1
1
1
1
1
1
1
1
1
1
1
1
1
1
1
1
1
1
1
1
1
1
1
1
1
1
1
0.999848
0.99886
0.998895
0.999844
1
0.999999
1
1
0.998804
0.999757
0.99986
0.999026
1
1
1
1
1
1
1
1
1
1
1
1
1
1
1
1
1
1
1
1
1
1
1
1
1
1
1
1
1
1
1
1
1
1
1
1
1
1
1
1
1
1
1
1
1
1
1
1
1
1
1
1
1
1
1
1
1
1
1
1
1
1
1
1
1
1
1
1
1
1
1
1
1
1
1
1
1
1
1
1
1
1
1
1
1
1
1
1
1
1
1
1
1
1
1
1
1
1
1
1
1
1
1
1
1
1
1
1
1
1
1
1
1
1
1
1
1
1
1
1
1
1
1
1
1
1
1
1
1
1
1
1
1
1
1
1
1
1
1
1
1
1
1
1
1
1
1
1
1
1
1
1
1
1
1
1
1
1
1
1
1
1
1
1
1
1
1
1
1
1
1
1
1
1
1
1
1
1
1
1
1
1
1
1
1
1
1
1
1
1
1
1
1
1
1
1
1
1
1
1
1
1
1
1
1
1
1
1
1
1
1
1
1
1
1
1
1
1
1
1
1
1
1
1
1
1
1
1
1
1
1
1
1
1
1
1
1
1
1
1
1
1
1
1
1
1
1
1
1
1
1
1
1
1
1
1
1
1
1
1
1
1
1
1
1
1
1
1
1
1
1
1
1
1
1
1
1
1
1
1
1
1
1
1
1
1
1
1
1
1
1
1
1
1
1
1
1
1
1
1
1
1
1
1
1
1
1
1
1
1
1
1
1
1
1
1
1
1
1
1
1
1
1
1
1
1
1
1
1
1
1
1
1
1
1
1
1
1
1
1
1
1
1
1
1
1
1
1
1
1
1
1
1
1
1
1
1
1
1
1
1
1
1
1
1
1
1
1
1
1
1
1
1
1
1
1
1
1
1
1
1
1
1
1
1
1
1
1
1
1
1
1
1
1
1
1
1
1
1
1
1
1
1
1
1
1
1
1
1
1
1
1
1
1
1
1
1
1
1
1
1
1
1
1
1
1
1
1
1
1
1
1
1
1
1
1
1
1
1
1
1
1
1
1
1
1
1
1
1
1
1
1
1
1
1
1
1
1
1
1
1
1
1
1
1
1
1
1
1
1
1
1
1
1
1
1
1
1
1
1
1
1
1
1
1
1
1
1
1
1
1
1
1
1
1
1
1
1
1
1
1
1
1
1
1
1
1
1
1
1
1
1
1
1
1
1
1
1
1
1
1
1
1
1
1
1
1
1
1
1
1
1
1
1
1
1
1
1
1
1
1
1
1
1
1
1
1
1
1
1
1
1
1
1
1
1
1
1
1
1
1
1
1
1
1
1
1
1
1
1
1
1
1
1
1
1
1
1
1
1
1
1
0.999867
0.99931
0.999037
0.99991
1
1
1
1
0.99991
0.999032
0.99931
0.999867
1
1
1
1
0.99991
0.999481
0.99931
0.999938
1
1
1
1
0.999843
0.998855
0.998855
0.999843
1
1
1
1
0.999867
0.998895
0.999032
0.999848
1
1
1
1
0.999848
0.99886
0.998895
0.999844
1
1
1
1
0.999843
0.99886
0.998855
0.999844
1
1
1
1
0.999843
0.998855
0.998855
0.999843
1
1
1
1
0.999843
0.998855
0.998855
0.999843
1
1
1
1
0.999938
0.99931
0.999481
0.99991
1
1
1
1
1
0.99989
0.999871
0.999298
0.999864
0.999909
1
1
1
0.99884
0.99984
0.999841
0.998876
0.999864
0.999845
1
1
1
0.998835
0.99984
0.99984
1
0.999848
0.99991
1
0.999843
0.999867
0.998835
0.999841
0.99984
1
1
1
0.998835
0.999841
0.99984
0.998876
0.999841
0.999845
1
1
1
0.999015
0.999845
0.999864
1
0.999915
0.999934
1
0.99989
0.999915
0.999298
0.999864
0.999909
1
1
1
0.998846
0.999845
0.999841
0.99884
0.99984
0.999841
1
1
1
0.999298
0.999864
0.999909
1
0.99989
0.999871
1
0.999915
0.99989
0.999015
0.999909
0.999864
1
1
1
0.998835
0.99984
0.99984
0.999298
0.999937
0.999909
1
1
1
0.998835
0.99984
0.99984
1
0.999848
0.999934
0.998835
0.99984
0.99984
1
1
1
0.999298
0.999937
0.999909
1
0.999871
0.999867
1
0.99989
0.999871
1
0.999848
0.99991
1
0.999915
0.99989
0.999015
0.999845
0.999864
1
1
1
0.999056
0.999909
0.999869
1
0.99989
0.999915
0.999474
0.999909
0.999937
1
1
1
0.999299
0.999937
0.999909
1
0.999843
0.999867
1
0.999915
0.999934
1
0.999848
0.99989
0.99884
0.999845
0.999841
1
1
1
0.998835
0.99984
0.99984
1
0.999915
0.999934
0.999473
0.999909
0.999937
1
1
1
0.998835
0.99984
0.99984
1
0.99989
0.999915
1
0.99989
0.999871
1
0.999915
0.999867
0.999835
0.998834
0.99984
1
1
1
0.999473
0.999909
0.999937
1
0.999843
0.999843
0.998835
0.99984
0.99984
1
1
1
0.998876
0.999864
0.999845
0.999298
0.999937
0.999909
0.999999
1
1
0.998826
0.999771
0.999835
1
0.999843
0.999838
1
1
1
1
1
1
1
1
1
1
1
1
1
1
1
1
0.999915
0.99989
1
0.999848
0.999934
1
0.99989
0.999915
0.998835
0.99984
0.99984
1
1
1
0.999479
0.999913
0.999938
1
0.999915
0.99989
0.998881
0.999864
0.999845
1
1
1
0.999339
0.999888
0.999913
1
0.999871
0.999867
0.999844
0.998895
0.99886
0.999848
1
1
1
1
0.999848
0.999032
0.998895
0.999867
1
1
1
1
0.99991
0.999032
0.99931
0.999867
1
1
1
1
0.999848
0.999032
0.998901
0.999867
1
1
1
1
0.999887
0.999167
0.999139
0.999891
1
1
1
1
1
1
1
1
0.999938
0.999315
0.999482
0.999911
0.999891
0.999114
0.999168
0.99988
1
1
1
1
0.999938
0.99931
0.999482
0.99991
1
1
1
1
0.999848
0.99886
0.998895
0.999844
1
1
1
1
0.999871
0.999072
0.999072
0.999871
1
1
1
1
0.999843
0.998855
0.998855
0.999843
1
1
1
1
0.999843
0.998855
0.998855
0.999843
1
1
1
1
0.999867
0.99931
0.999032
0.99991
1
1
1
1
1
1
1
1
0.999844
0.998895
0.99886
0.999848
0.99991
0.999481
0.99931
0.999938
1
1
1
1
0.999843
0.99886
0.998855
0.999844
1
1
1
1
0.999911
0.999482
0.999315
0.999938
1
1
1
1
0.99991
0.999032
0.99931
0.999867
1
1
1
1
0.999867
0.99931
0.999032
0.99991
1
1
1
1
0.999843
0.998855
0.998855
0.999843
1
1
1
1
0.999843
0.99886
0.998855
0.999844
1
1
1
1
1
1
1
1
0.999843
0.998847
0.998854
0.999838
0.999867
0.998895
0.999032
0.999848
1
1
1
1
0.999848
0.99886
0.998895
0.999844
1
1
1
1
0.999838
0.998778
0.998847
0.999775
1
1
1
1
1
1
0.999999
1
0.999843
0.998855
0.998855
0.999843
1
1
1
1
1
1
1
1
1
1
1
1
1
1
1
1
0.999867
0.998895
0.999032
0.999848
1
1
1
1
0.999848
0.99886
0.998895
0.999844
1
1
1
1
0.999843
0.99886
0.998855
0.999844
1
1
1
1
0.999844
0.998895
0.99886
0.999848
1
1
1
1
0.999938
0.99931
0.999481
0.99991
1
1
1
1
1
1
1
1
0.999848
0.999032
0.998896
0.999867
0.999848
0.999032
0.998901
0.999867
1
1
1
1
0.99991
0.999032
0.99931
0.999867
1
1
1
1
0.999843
0.998855
0.998855
0.999843
1
1
1
1
0.999938
0.99931
0.999481
0.99991
1
1
1
1
0.999867
0.99931
0.999032
0.99991
1
1
1
1
0.999844
0.998895
0.99886
0.999848
1
1
1
1
0.99991
0.999481
0.99931
0.999938
1
1
1
1
0.999843
0.99886
0.998855
0.999844
1
1
1
1
0.999843
0.99886
0.998855
0.999844
1
1
1
1
0.999843
0.998847
0.998854
0.999838
1
1
1
1
0.999867
0.998895
0.999032
0.999848
1
1
1
1
0.999848
0.99886
0.998895
0.999844
1
1
1
1
0.999838
0.998778
0.999775
0.998847
1
1
1
1
0.999843
0.998855
0.998855
0.999843
1
1
0.999999
1
1
1
1
1
1
1
1
1
1
1
1
1
1
1
1
1
0.999843
0.998855
0.998855
0.999843
1
1
1
1
0.999848
0.999032
0.998895
0.999867
1
1
1
1
0.999843
0.998855
0.998855
0.999843
1
1
1
1
0.999843
0.998855
0.998855
0.999843
1
1
1
1
1
0.999915
0.99989
1
0.99989
0.999915
1
0.999848
0.99989
1
0.999915
0.999934
1
0.999915
0.999867
1
0.999843
0.999843
1
0.999843
0.999838
1
1
1
1
1
1
1
0.99989
0.999915
1
0.999915
0.99989
1
1
1
1
0.999848
0.999032
0.998895
0.999867
0.999844
0.998895
0.99886
0.999848
1
1
1
1
0.99991
0.999032
0.99931
0.999867
1
1
1
1
0.999844
0.998861
0.998861
0.999844
1
1
1
1
0.999848
0.99886
0.998895
0.999844
1
1
1
1
0.999867
0.998901
0.999032
0.999848
1
1
1
1
1
1
1
1
0.999843
0.998855
0.999843
0.998855
0.999843
0.998855
0.998855
0.999843
1
1
1
1
1
1
1
1
1
1
1
1
1
1
1
1
1
1
1
1
1
1
1
1
1
1
1
1
1
1
1
1
1
1
1
1
1
1
1
1
1
1
1
1
1
1
1
1
1
1
1
1
1
1
1
1
1
1
1
1
1
1
1
1
1
1
1
1
1
1
1
1
1
1
1
1
1
1
1
1
1
1
1
1
1
1
1
1
1
1
1
1
1
1
1
1
1
1
1
1
1
1
1
1
1
1
1
1
1
1
1
1
1
1
1
1
1
1
1
1
1
1
0.999871
0.999316
0.999072
0.999911
1
1
1
1
0.999867
0.998901
0.999032
0.999848
1
1
1
1
0.999914
0.999487
0.99935
0.999939
1
1
1
1
0.999867
0.998895
0.999032
0.999848
1
1
1
1
1
1
1
1
1
1
1
1
1
1
1
1
1
1
1
1
1
1
1
1
1
1
1
1
1
1
1
1
1
1
1
1
1
1
1
1
1
1
1
1
1
1
1
1
1
1
1
1
1
1
1
1
1
1
1
1
1
1
1
1
1
1
1
1
1
1
1
1
1
1
1
1
1
1
1
1
1
1
1
1
1
1
1
1
1
1
1
1
1
1
1
1
1
1
1
1
1
1
1
1
1
1
1
1
1
1
1
1
1
1
1
1
1
1
1
1
1
1
1
1
1
1
1
1
1
1
1
1
1
1
1
1
1
1
1
1
1
1
1
1
1
1
1
1
1
1
1
1
1
1
1
1
1
1
1
1
1
1
1
1
1
1
1
1
1
1
1
1
1
1
1
1
1
1
1
1
1
1
1
1
1
1
1
1
1
1
1
1
1
1
1
1
1
1
1
1
1
1
1
1
1
1
1
1
1
1
1
1
1
1
1
1
1
1
1
1
1
1
1
1
1
1
1
1
1
1
1
1
1
1
1
1
1
1
1
1
1
1
1
1
1
1
1
1
1
1
1
1
1
1
1
1
1
1
1
1
1
1
1
1
1
1
1
1
1
1
1
1
1
1
1
1
1
1
1
1
1
1
1
1
1
1
1
1
1
1
1
1
1
1
1
1
1
1
1
1
1
1
1
1
1
1
1
1
1
1
1
1
1
1
1
1
1
1
1
1
1
1
1
1
1
1
1
1
1
1
1
1
1
1
1
1
1
1
1
1
1
1
1
1
1
1
1
1
1
1
1
1
1
1
1
1
1
1
1
1
1
1
1
1
1
1
1
1
1
1
1
1
1
1
1
1
1
1
1
1
1
1
1
1
1
1
1
1
1
1
1
1
1
1
1
1
1
1
1
1
1
1
1
1
1
1
1
1
1
1
1
1
1
1
1
1
1
1
1
1
1
1
1
1
1
1
1
1
1
1
1
1
1
1
1
1
1
1
1
1
1
1
1
1
1
1
1
1
1
1
1
1
1
1
1
1
1
1
1
1
1
1
1
1
1
1
1
1
1
1
1
1
1
1
1
1
1
1
1
1
1
1
1
1
1
1
1
1
1
1
1
1
1
1
1
1
1
1
1
1
1
1
1
1
1
1
1
1
1
1
1
1
1
1
1
1
1
1
1
1
1
1
1
1
1
1
1
1
1
1
1
1
1
1
1
1
1
1
1
1
1
1
1
1
1
1
1
1
1
1
1
1
1
1
1
1
1
1
1
1
1
1
1
1
1
1
1
1
1
1
1
1
1
1
1
1
1
1
1
1
1
1
1
1
1
1
1
1
1
1
1
1
1
1
1
1
1
1
1
1
1
1
1
1
1
1
1
1
1
1
1
1
1
1
1
1
1
1
1
1
1
1
1
1
1
1
1
1
1
1
1
1
1
1
1
1
1
1
1
1
1
1
1
1
1
1
1
1
1
1
1
1
1
1
1
1
1
1
1
1
1
1
1
1
1
1
1
1
1
1
1
1
1
1
1
1
1
1
1
1
1
1
1
1
1
1
1
1
1
1
1
1
1
1
1
1
1
1
1
1
1
1
1
1
1
1
1
1
1
1
1
1
1
1
1
1
1
1
1
1
1
1
1
1
1
1
1
1
1
1
1
1
1
1
1
1
1
1
1
1
1
1
1
1
1
1
1
1
1
1
1
1
1
1
1
1
1
1
1
1
1
1
1
1
1
1
1
1
1
1
1
1
1
1
1
1
1
1
1
1
1
1
1
1
1
1
1
1
1
1
1
1
1
1
1
1
1
1
1
1
1
1
1
1
1
1
1
1
1
1
1
1
1
1
1
1
1
1
1
1
1
1
1
1
1
1
1
1
1
1
1
1
1
1
1
1
1
1
1
1
1
1
1
1
1
1
1
1
1
1
1
1
1
1
1
1
1
1
1
1
1
1
1
1
1
1
1
1
1
1
1
1
1
1
1
1
1
1
1
1
1
1
1
1
1
1
1
1
1
1
1
1
1
1
1
1
1
1
1
1
1
1
1
1
1
1
1
1
1
1
1
1
1
1
1
1
1
1
1
1
1
1
1
1
1
1
1
1
1
1
1
1
1
1
1
1
1
1
1
1
1
1
1
1
1
1
1
1
1
1
1
1
1
1
1
1
1
1
1
1
1
1
1
1
1
1
1
1
1
1
1
1
1
1
1
1
1
1
1
1
1
1
1
1
1
1
1
1
1
1
1
1
1
1
1
1
1
1
1
1
1
1
1
1
1
1
1
1
1
1
1
1
1
1
1
1
1
1
1
1
1
1
1
1
1
1
1
1
1
1
1
1
1
1
1
1
1
1
1
1
1
1
1
1
1
1
1
1
1
1
1
1
1
1
1
1
1
1
1
1
1
1
1
1
1
1
1
1
1
1
1
1
1
1
1
1
1
1
1
1
1
1
1
1
1
1
1
1
1
1
1
1
1
1
1
1
1
1
1
1
1
1
1
1
1
1
1
1
1
1
1
1
1
1
1
1
1
1
1
1
1
1
1
1
1
1
1
1
1
1
1
1
1
1
1
1
1
1
1
1
1
1
1
1
1
1
1
1
1
1
1
1
1
1
1
1
1
1
1
1
1
1
1
1
1
1
1
1
1
1
1
1
1
1
1
1
1
1
1
1
1
1
1
1
1
1
1
1
1
1
1
1
1
1
1
1
1
1
1
1
1
1
1
1
1
1
1
1
1
1
1
1
1
1
1
1
1
1
1
1
1
1
1
1
1
1
1
1
1
1
1
1
1
1
1
1
1
1
1
1
1
1
1
1
1
1
1
1
1
1
1
1
1
1
1
1
1
1
1
1
1
1
1
1
1
1
1
1
1
1
1
1
1
1
1
1
1
1
1
1
1
1
1
1
1
1
1
1
1
1
1
1
1
1
1
1
1
1
1
1
1
1
1
1
1
1
1
1
1
1
1
1
1
1
1
1
1
1
1
1
1
1
1
1
1
1
1
1
1
1
1
0.999986
1
0.999923
0.999973
0.999997
0.999995
1
0.999999
1
1
1
1
1
1
1
1
1
1
1
1
1
1
1
1
1
1
1
1
1
1
1
1
1
1
1
1
1
1
1
1
1
1
1
1
1
1
1
1
1
1
1
1
1
1
1
1
1
1
1
1
1
1
1
1
1
1
1
1
1
1
1
1
1
1
1
1
1
1
1
1
1
1
1
1
1
1
1
1
1
1
1
1
0.999996
0.999843
0.999953
0.999287
0.999985
0.999902
0.997304
0.998749
0.999575
0.9999
0.999953
0.999573
1
1
1
1
1
1
1
1
1
1
1
1
1
1
1
1
1
1
1
1
1
1
1
1
1
1
1
1
1
1
1
1
1
1
1
1
0.999995
0.999999
1
1
1
1
1
1
1
1
1
1
1
1
1
1
1
1
1
1
1
1
1
1
1
1
1
1
1
1
1
1
1
1
1
1
1
1
1
1
1
1
1
1
1
1
1
1
1
1
1
1
1
1
1
1
1
1
1
1
1
1
1
1
1
1
1
1
1
1
1
1
1
1
1
1
1
1
1
1
1
1
1
1
1
1
1
1
1
1
1
1
1
1
1
1
1
1
1
1
1
1
1
1
1
1
1
1
1
1
1
1
1
1
1
1
1
1
1
1
1
1
1
1
1
1
1
1
1
1
1
1
1
1
1
1
1
1
1
1
1
1
1
1
1
1
1
1
1
1
1
1
1
1
1
1
1
1
1
1
1
1
1
1
1
1
1
1
1
1
1
1
1
0.999999
1
0.999996
1
0.999999
1
0.99999
1
0.999999
0.999946
0.999983
0.999996
1
1
1
1
1
1
1
1
1
1
1
1
1
1
1
1
1
1
1
1
1
1
1
1
1
1
1
1
1
1
1
1
1
1
1
1
1
1
1
1
1
1
1
1
1
1
1
1
1
1
1
1
1
1
1
1
1
1
1
1
1
1
1
1
1
1
1
1
1
1
1
1
1
1
1
1
1
1
1
1
1
1
1
1
1
1
1
1
1
1
1
1
1
1
1
1
1
1
1
1
1
1
1
1
1
0.9999
0.999953
0.999573
1
1
1
1
1
1
1
1
1
1
1
1
1
1
1
0.999999
0.999999
1
1
1
1
1
1
1
1
1
1
1
1
1
1
1
1
1
1
1
1
1
1
1
1
1
1
1
1
1
1
1
1
1
1
1
1
1
1
1
1
1
1
1
1
1
1
1
1
1
1
1
1
1
1
1
1
1
1
1
1
1
0.999986
1
0.999923
0.999973
0.999997
0.999995
1
0.999999
1
1
1
1
1
1
1
1
1
1
1
1
1
1
1
1
0.999999
0.999979
0.999995
0.999997
1
1
1
1
1
1
1
1
1
1
1
1
1
1
1
1
1
1
1
1
1
1
1
1
0.999999
0.999979
0.999995
0.999997
1
1
1
1
1
1
1
1
1
1
1
1
1
1
1
1
1
1
1
1
1
1
1
0.999999
1
0.999996
1
1
1
1
1
1
1
1
1
1
1
1
1
1
1
1
1
1
1
1
1
1
1
1
1
1
1
1
1
1
1
1
1
1
1
1
1
1
1
1
1
1
1
1
1
1
1
1
1
1
1
1
1
1
1
1
1
1
1
1
1
1
1
1
1
1
1
1
1
1
1
1
1
1
1
1
1
1
1
1
1
1
1
1
1
1
1
1
1
1
1
1
1
1
1
1
1
1
1
1
1
1
1
1
1
1
1
1
1
1
1
1
1
1
1
1
1
1
1
1
1
1
1
1
1
1
1
1
1
1
1
1
1
1
1
1
1
1
1
1
1
1
1
1
1
1
1
1
1
1
1
1
1
1
1
1
1
1
1
1
1
1
1
1
1
1
1
1
1
1
1
1
1
1
1
1
1
1
1
1
1
1
1
1
1
1
1
1
1
1
1
1
1
1
1
1
1
1
1
1
1
1
1
1
1
1
1
1
0.976396
0.994765
0.978148
0.994271
0.843121
0.816675
0.928855
0.941486
0.985619
0.996053
0.98276
0.996847
0.815833
0.842991
0.941411
0.928337
0.968387
0.94918
0.969396
0.988987
0.800507
0.799759
0.918087
0.918918
0.974647
0.99403
0.975431
0.99383
0.800995
0.800995
0.919311
0.919311
0.982737
0.994725
0.977966
0.996049
0.84299
0.86186
0.949608
0.941411
0.842057
0.927503
0.94081
0.996804
0.982508
0.985449
0.861266
0.94081
0.949173
0.800242
0.918372
0.918816
0.993932
0.977646
0.975072
0.803479
0.927503
0.920878
0.799536
0.918816
0.918372
0.993689
0.974097
0.974099
0.799421
0.918298
0.918305
0.799536
0.918816
0.918372
0.993689
0.974097
0.974099
0.799421
0.918298
0.918305
0.9219
0.969123
0.99446
0.9989
0.922618
0.976332
0.986702
0.997846
0.842057
0.927503
0.94081
0.996804
0.982509
0.985449
0.861266
0.940811
0.949173
0.801078
0.920953
0.919334
0.993936
0.977648
0.975095
0.803608
0.92751
0.920953
0.975793
0.923781
0.922948
0.798168
0.917927
0.91702
0.948135
0.988768
0.968836
0.794862
0.893902
0.912866
0.814479
0.94081
0.927503
0.993932
0.974279
0.975072
0.803479
0.918816
0.920878
0.799408
0.918297
0.918298
0.993689
0.97412
0.974099
0.799421
0.918372
0.918305
0.799421
0.918298
0.918305
0.993693
0.974279
0.97412
0.799536
0.918816
0.918372
0.842057
0.949173
0.94081
0.994639
0.975072
0.977646
0.814479
0.920878
0.927503
1
1
1
1
1
1
1
1
1
1
1
1
1
1
1
1
1
1
1
1
1
1
1
1
1
1
1
1
0.80024
0.920878
0.918814
0.993692
0.974084
0.974116
0.799525
0.918275
0.918364
0.918462
0.799165
0.918053
0.993655
0.974055
0.974003
0.799209
0.918217
0.918123
0.842057
0.927503
0.94081
0.996804
0.982508
0.985449
0.861266
0.94081
0.949173
0.800242
0.918372
0.918816
0.993932
0.977646
0.975072
0.803479
0.927503
0.920878
0.814481
0.920878
0.927503
0.995989
0.985473
0.98251
0.842072
0.949248
0.940818
0.818552
0.941329
0.930084
0.994882
0.982691
0.978621
0.818552
0.941329
0.930084
0.799536
0.918816
0.918372
0.993689
0.974097
0.974099
0.799421
0.918298
0.918305
0.799536
0.918816
0.918372
0.993689
0.974097
0.974099
0.799421
0.918298
0.918305
0.969135
0.993418
0.805464
0.923235
0.916376
0.804782
1
1
1
1
1
1
1
1
1
1
1
1
0.9219
0.969123
0.99446
0.9989
0.922618
0.976332
0.986702
0.997846
0.800242
0.920878
0.918816
0.993693
0.974099
0.97412
0.799536
0.918305
0.918372
0.799406
0.918298
0.918297
0.993689
0.974097
0.974097
0.799406
0.918298
0.918297
1
1
1
1
1
1
1
1
1
1
1
1
1
1
1
1
0.842057
0.927503
0.94081
0.996804
0.982509
0.985449
0.861266
0.940811
0.949173
0.801078
0.920953
0.919334
0.993936
0.977648
0.975095
0.803608
0.92751
0.920953
0.79949
0.918184
0.918334
0.993727
0.975071
0.974274
0.80023
0.920876
0.918805
0.861265
0.94081
0.949173
0.995989
0.977646
0.982508
0.842057
0.927502
0.94081
1
1
1
1
1
1
1
1
1
1
1
1
1
1
1
1
1
1
1
1
1
1
1
1
1
1
1
1
1
1
1
1
1
1
1
1
1
1
1
0.975793
0.923781
0.922948
0.798168
0.917927
0.91702
0.948135
0.988768
0.968836
0.794862
0.893902
0.912866
0.842057
0.949173
0.94081
0.994638
0.975071
0.977646
0.814479
0.920876
0.927503
0.799312
0.917995
0.918211
0.993688
0.974276
0.974106
0.799501
0.918808
0.918344
1
1
1
1
1
1
1
1
1
1
1
1
1
1
1
0.814479
0.94081
0.927503
0.993932
0.974279
0.975072
0.803479
0.918816
0.920878
0.799408
0.918298
0.918298
0.993689
0.97412
0.974099
0.799421
0.918372
0.918305
0.799536
0.918305
0.918372
0.993729
0.975072
0.974279
0.800242
0.920878
0.918816
0.862115
0.943393
0.949693
0.995993
0.977648
0.982532
0.84219
0.92751
0.940886
0.799421
0.918298
0.918305
0.993693
0.974279
0.97412
0.799536
0.918816
0.918372
0.842057
0.949173
0.94081
0.994639
0.975072
0.977646
0.814479
0.920878
0.927503
1
1
1
1
1
1
1
1
1
1
1
1
1
1
1
1
1
1
1
1
1
1
1
1
1
1
1
1
1
1
1
1
1
1
1
1
1
1
1
0.973797
0.993943
0.975343
0.99298
0.7781
0.79655
0.890208
0.913676
0.982737
0.994719
0.97796
0.996049
0.84299
0.86186
0.949608
0.941411
0.974489
0.993791
0.97447
0.993794
0.804922
0.80169
0.919746
0.921794
0.974647
0.993794
0.974489
0.99383
0.815833
0.804922
0.921794
0.928337
0.976952
0.994217
0.976142
0.994479
0.82413
0.822148
0.931211
0.932539
0.982759
0.994759
0.978112
0.996053
0.843833
0.862005
0.94969
0.941929
0.977967
0.996049
0.982739
0.994725
0.80169
0.804922
0.921794
0.919746
0.982918
0.996851
0.98564
0.996089
0.819907
0.819907
0.930903
0.930903
0.975431
0.99383
0.974647
0.99403
0.84299
0.815833
0.928337
0.941411
0.974491
0.993795
0.974491
0.993795
0.804922
0.801691
0.919747
0.921794
0.978932
0.994965
0.978932
0.994965
0.861992
0.843832
0.941929
0.949683
0.98564
0.996089
0.982918
0.996851
0.815834
0.843005
0.941418
0.928337
0.974468
0.99379
0.974466
0.99379
0.80169
0.800979
0.919303
0.919746
0.974461
0.99379
0.974464
0.993789
0.800731
0.800809
0.919196
0.919129
0.968387
0.94918
0.969396
0.988987
0.800507
0.799759
0.918087
0.918918
0.974454
0.993789
0.974462
0.993786
0.800589
0.800763
0.919155
0.918985
0.974466
0.99379
0.974465
0.99379
0.800979
0.800863
0.919235
0.919303
1
1
1
1
1
1
1
1
1
1
1
1
1
1
1
1
0.982737
0.996847
0.985617
0.996049
0.804922
0.815833
0.928337
0.921794
0.977966
0.996049
0.982737
0.994725
0.80169
0.804922
0.921794
0.919746
0.982737
0.994725
0.977968
0.996049
0.843005
0.861862
0.949608
0.941418
0.974829
0.994035
0.975454
0.99387
0.815848
0.805053
0.921869
0.928344
0.974647
0.99403
0.975431
0.99383
0.800995
0.800995
0.919311
0.919311
0.982737
0.994725
0.977966
0.996049
0.842991
0.86186
0.949608
0.941411
0.973797
0.993943
0.975343
0.99298
0.7781
0.79655
0.890208
0.913676
0.982737
0.994719
0.97796
0.996049
0.84299
0.86186
0.949608
0.941411
0.975431
0.99383
0.974647
0.99403
0.84299
0.815833
0.928337
0.941411
0.974491
0.993795
0.974491
0.993795
0.804922
0.801691
0.919747
0.921794
0.974468
0.99379
0.974466
0.99379
0.80169
0.800979
0.919303
0.919746
0.974461
0.99379
0.974464
0.993789
0.800731
0.800809
0.919196
0.919129
1
1
1
1
1
1
1
1
1
1
1
1
1
1
1
1
0.974466
0.99379
0.974468
0.99379
0.800848
0.800848
0.919228
0.919228
0.974647
0.993794
0.974489
0.99383
0.815833
0.804922
0.921794
0.928337
0.80024
0.920878
0.918814
0.993692
0.974084
0.974116
0.799525
0.918275
0.918364
0.918462
0.799165
0.918053
0.993655
0.974055
0.974003
0.799209
0.918217
0.918123
0.814481
0.920878
0.927503
0.995989
0.985473
0.98251
0.842072
0.949248
0.940818
0.818552
0.941329
0.930084
0.994882
0.982691
0.978621
0.818552
0.941329
0.930084
0.969135
0.993418
0.805464
0.923235
0.916376
0.804782
1
1
1
1
1
1
1
1
1
1
1
1
0.800242
0.920878
0.918816
0.993693
0.974099
0.97412
0.799536
0.918305
0.918372
0.799406
0.918298
0.918297
0.993689
0.974097
0.974097
0.799406
0.918298
0.918297
1
1
1
1
1
1
1
1
1
1
1
1
1
1
1
1
0.79949
0.918184
0.918334
0.993727
0.975071
0.974274
0.80023
0.920876
0.918805
0.861265
0.94081
0.949173
0.995989
0.977646
0.982508
0.842057
0.927502
0.94081
1
1
1
1
1
1
1
1
1
1
1
1
0.842057
0.949173
0.94081
0.994638
0.975071
0.977646
0.814479
0.920876
0.927503
0.799312
0.917995
0.918211
0.993688
0.974276
0.974106
0.799501
0.918808
0.918344
1
1
1
1
1
1
1
1
1
1
1
1
1
1
1
0.799536
0.918305
0.918372
0.993729
0.975072
0.974279
0.800242
0.920878
0.918816
0.861395
0.941329
0.949248
0.995989
0.977646
0.98251
0.842072
0.927503
0.940818
1
1
1
1
1
1
1
1
1
1
1
1
1
1
1
1
1
1
1
1
1
1
1
1
1
1
1
1
1
1
1
1
1
1
1
1
1
1
1
1
1
1
1
1
1
1
1
1
1
1
1
1
0.803555
0.927548
0.993735
0.974141
0.977664
0.993938
0.800319
0.918423
0.86129
0.940842
0.995992
0.977664
0.982521
0.996806
0.842102
0.927548
0.799484
0.918355
0.993695
0.974119
0.974119
0.993695
0.799484
0.918355
0.800319
0.918423
0.993938
0.977664
0.974141
0.993735
0.803555
0.927548
0.799498
0.918348
0.993699
0.9743
0.974118
0.993695
0.799612
0.918866
0.799498
0.918348
0.993699
0.9743
0.974118
0.993695
0.799612
0.918866
0.842102
0.949195
0.994643
0.975092
0.985458
0.995992
0.81455
0.920928
0.81455
0.940842
0.993938
0.974297
0.982521
0.994643
0.803554
0.918861
0.799501
0.918362
0.973155
0.993597
0.974123
0.99369
0.799463
0.917509
0.80032
0.918425
0.993938
0.977664
0.974142
0.993735
0.803556
0.927548
0.803685
0.927556
0.993775
0.975115
0.977666
0.993942
0.801155
0.921003
0.86129
0.940843
0.995992
0.977664
0.982521
0.996806
0.842102
0.927548
0.86129
0.940842
0.995992
0.977666
0.982521
0.996806
0.842104
0.927556
0.803555
0.927548
0.993735
0.974141
0.977664
0.993938
0.800319
0.918423
0.893997
0.794955
0.992926
0.973894
0.948197
0.98878
0.798253
0.917982
0.997303
0.998749
1
0.999999
0.999843
0.999996
0.999286
0.999985
0.97906
0.997435
0.998172
0.999777
0.975541
0.994144
0.999657
0.999932
0.799498
0.918423
0.993695
0.974118
0.974141
0.993695
0.799484
0.918348
0.803555
0.918866
0.994643
0.982521
0.9743
0.993938
0.81455
0.940842
0.800319
0.920928
0.993699
0.974119
0.975092
0.993735
0.799612
0.918355
0.842104
0.927548
0.996807
0.982544
0.977664
0.995992
0.861305
0.940917
0.81455
0.920928
0.995992
0.985458
0.975092
0.994643
0.842102
0.949195
0.799612
0.918866
0.993695
0.974118
0.9743
0.993699
0.799498
0.918349
0.803555
0.918867
0.994643
0.982521
0.9743
0.993938
0.814551
0.940842
0.79951
0.918423
0.974193
0.993691
0.974141
0.993695
0.799598
0.918751
0.977982
0.996051
0.982743
0.994725
0.801273
0.80499
0.919082
0.92182
0.982737
0.996847
0.985619
0.996049
0.804922
0.815833
0.928337
0.921794
0.922635
0.976177
0.993338
0.998902
0.994356
0.999011
0.92261
0.975316
0.916159
0.975229
0.8731
0.967563
0.892782
0.857031
0.993505
0.992889
0.977966
0.99403
0.975431
0.994725
0.861875
0.842991
0.941411
0.949616
0.974489
0.99383
0.974647
0.993794
0.800981
0.800879
0.919243
0.919304
0.970785
0.896465
0.918012
0.976801
0.923771
0.923792
0.999953
0.999986
0.999844
0.999996
0.999863
0.999275
0.9999
0.999985
0.973831
0.976027
0.995485
0.994241
0.999474
0.999965
0.999659
0.999932
0.977966
0.996049
0.982737
0.994725
0.801691
0.804922
0.921794
0.919747
0.98274
0.996847
0.985618
0.99605
0.804915
0.815854
0.92176
0.928352
0.803479
0.927503
0.920878
0.993729
0.97412
0.974279
0.800242
0.918372
0.918816
0.799408
0.918305
0.918298
0.993689
0.974099
0.974097
0.799408
0.918305
0.918298
0.921847
0.974688
0.919867
0.977982
0.94145
0.928379
0.937492
0.983715
0.944018
0.978949
0.930944
0.930952
0.803477
0.91881
0.920877
0.994639
0.982508
0.977646
0.814479
0.94081
0.927503
0.814479
0.920878
0.927503
0.995989
0.985449
0.982508
0.842057
0.949173
0.94081
0.803479
0.927503
0.920878
0.993729
0.974122
0.97428
0.800244
0.918375
0.918817
0.799381
0.917447
0.918244
0.993684
0.974102
0.974099
0.799423
0.918311
0.918308
0.916177
0.945276
0.994355
0.998132
0.921341
0.976173
0.96326
0.992972
0.999359
0.999721
1
1
0.999973
0.999999
0.999863
0.999999
0.993534
0.999365
0.999744
0.999971
0.992452
0.998695
0.999931
0.999985
0.996934
0.998428
0.999999
0.999999
0.99979
0.999995
0.999222
0.999983
0.974643
0.996705
0.999002
0.999897
0.970622
0.99391
0.99953
0.999921
0.928386
0.982749
0.941443
0.977999
0.92187
0.928419
0.800242
0.918372
0.918816
0.993932
0.977646
0.975072
0.803479
0.927503
0.920878
0.842058
0.92751
0.940811
0.996804
0.982508
0.985449
0.861266
0.94081
0.949173
0.937492
0.983715
0.944018
0.978949
0.930952
0.930952
0.937499
0.983737
0.944086
0.981483
0.944018
0.937492
0.970833
0.922731
0.918025
0.918141
0.969425
0.914137
0.998789
0.999885
0.999054
0.999932
0.999657
0.999468
0.975509
0.994137
0.995413
0.979036
0.997433
0.996208
0.999994
0.999986
0.999922
0.994368
0.999292
0.995261
0.999474
0.995489
0.996264
0.999939
0.999883
0.999483
0.842072
0.949248
0.940818
0.994639
0.975072
0.977646
0.814481
0.920878
0.927503
0.799421
0.918298
0.918305
0.993693
0.974279
0.97412
0.799536
0.918816
0.918372
0.921847
0.978005
0.928453
0.986247
0.950607
0.950539
0.944086
0.981484
0.937499
0.983738
0.937566
0.944093
0.918695
0.799519
0.918356
0.993689
0.97412
0.974099
0.799433
0.918373
0.91831
0.814479
0.94081
0.927503
0.993932
0.97428
0.975072
0.803479
0.918816
0.920878
0.930952
0.978947
0.930944
0.98275
0.928386
0.94145
0.928395
0.982752
0.941449
0.977984
0.921915
0.928386
1
1
1
1
1
1
1
1
1
1
1
1
1
1
1
1
1
1
1
1
1
1
1
1
1
1
1
1
0.995173
0.999162
0.999293
0.994361
0.999482
0.999989
0.999939
0.999884
0.949632
0.982749
0.941443
0.973821
0.913744
0.918986
0.976631
0.994558
0.994561
0.976622
0.999999
0.999988
0.999999
0.999988
1
1
1
1
0.970299
0.993605
0.988449
0.975515
1
1
1
1
1
1
1
1
1
1
1
1
1
1
1
1
1
1
1
1
1
1
1
1
1
1
1
1
1
1
1
1
0.921847
0.974688
0.919867
0.977982
0.94145
0.928379
0.803479
0.927503
0.920878
0.993729
0.97412
0.974279
0.800242
0.918372
0.918816
0.799408
0.918305
0.918298
0.993689
0.974099
0.974097
0.799408
0.918305
0.918298
0.937492
0.983715
0.944018
0.978949
0.930944
0.930952
0.937499
0.983737
0.944086
0.981484
0.944086
0.937499
0.86128
0.940811
0.94918
0.995993
0.977829
0.982532
0.842186
0.928021
0.940885
0.842201
0.949255
0.940893
0.994679
0.976047
0.977829
0.815317
0.923459
0.928022
0.944086
0.981484
0.937499
0.983737
0.937499
0.944086
0.944093
0.981506
0.937566
0.986268
0.950539
0.950607
0.803477
0.91881
0.920877
0.994639
0.982508
0.977646
0.814479
0.94081
0.927503
0.814479
0.920878
0.927503
0.995989
0.985449
0.982508
0.842057
0.949173
0.94081
0.919273
0.974486
0.919281
0.97545
0.928453
0.921847
0.946697
0.988535
0.804412
0.923027
0.895433
0.800614
0.799338
0.918351
0.918233
0.97315
0.993581
0.973929
0.799147
0.917229
0.91805
0.999974
0.999932
0.992577
0.997901
0.993717
0.999378
0.999999
0.999973
0.999862
0.999999
0.999362
0.999725
0.971292
0.993172
0.999911
0.999534
0.975272
0.996752
0.999995
0.99979
0.999208
0.999983
0.996926
0.998439
0.919233
0.974358
0.919105
1
1
1
1
1
1
1
1
1
1
1
1
1
1
1
1
1
1
1
1
1
1
1
1
1
1
1
1
1
1
1
1
0.999999
0.999999
1
1
0.916177
0.945276
0.994355
0.998132
0.921341
0.976173
0.96326
0.992972
0.803479
0.927503
0.920878
0.993729
0.974122
0.97428
0.800244
0.918375
0.918817
0.799381
0.917447
0.918244
0.993684
0.974102
0.974099
0.799423
0.918311
0.918308
0.999359
0.999721
1
1
0.999973
0.999999
0.999863
0.999999
0.993534
0.999365
0.999744
0.999971
0.992452
0.998695
0.999931
0.999985
0.996934
0.998428
0.999999
0.999999
0.99979
0.999995
0.999222
0.999983
0.974643
0.996705
0.999002
0.999897
0.970622
0.99391
0.99953
0.999921
0.928386
0.982749
0.941443
0.977999
0.92187
0.928419
0.944093
0.981506
0.937566
0.98627
0.950615
0.950615
0.861266
0.94081
0.949173
0.995989
0.977646
0.982508
0.842057
0.927503
0.94081
0.799536
0.918305
0.918372
0.993729
0.975072
0.974279
0.800242
0.920878
0.918816
0.921915
0.977986
0.928394
0.983715
0.937558
0.944017
1
1
1
1
1
1
1
1
1
1
1
1
1
1
1
1
1
1
1
1
1
1
1
1
1
1
1
1
1
1
1
1
1
1
1
1
0.999999
0.999999
1
1
1
1
1
1
1
1
1
1
0.937492
0.983715
0.944018
0.978949
0.930952
0.930952
0.800242
0.918372
0.918816
0.993932
0.977646
0.975072
0.803479
0.927503
0.920878
0.842058
0.92751
0.940811
0.996804
0.982508
0.985449
0.861266
0.94081
0.949173
0.937499
0.983737
0.944086
0.981483
0.944018
0.937492
0.919242
0.974479
0.919264
0.974486
0.919349
0.919281
0.799408
0.918305
0.918298
0.993689
0.974099
0.974097
0.799408
0.918305
0.918298
0.803479
0.927503
0.920878
0.993729
0.97412
0.974279
0.800242
0.918372
0.918816
0.944085
0.981482
0.937491
0.982772
0.928386
0.941518
0.970833
0.922731
0.918025
0.918141
0.969425
0.914137
0.998789
0.999885
0.999054
0.999932
0.999657
0.999468
0.975509
0.994137
0.995413
0.979036
0.997433
0.996208
0.999994
0.999986
0.999922
0.994368
0.999292
0.995261
0.999474
0.995489
0.996264
0.999939
0.999883
0.999483
0.999245
0.999544
0.997153
0.991506
0.996935
0.999482
0.998445
0.995954
0.974395
0.978024
0.983049
0.975495
0.99523
0.99677
0.919281
0.974483
0.919273
0.974472
0.919202
0.919251
0.800654
0.916745
0.805222
0.922607
0.794984
0.917138
0.912859
0.8651
0.96601
0.946698
0.779825
0.818459
0.892853
0.998022
0.999363
0.999922
0.999726
0.996473
0.999864
0.999258
0.999949
0.998654
0.999546
0.98752
0.992202
0.997164
0.995802
0.99376
0.999049
0.999381
0.893277
0.9715
0.973803
0.99942
0.997223
0.995891
0.906708
0.984501
0.977553
0.947836
0.914132
0.894613
0.784628
0.896048
0.801144
0.917609
1
1
1
1
1
1
1
1
1
1
1
1
1
1
1
1
1
1
1
1
1
1
1
1
1
1
1
1
1
1
1
1
1
0.999999
1
1
1
1
1
1
1
1
1
1
1
1
1
1
1
1
1
1
1
1
1
1
1
1
1
1
1
1
1
1
1
1
1
1
1
1
1
1
1
1
1
1
1
0.999988
0.999983
0.999999
1
1
1
0.999999
1
1
1
1
1
1
1
1
1
1
1
1
1
1
1
1
1
1
1
1
1
1
1
1
1
1
1
1
1
0.921847
0.978005
0.928453
0.986247
0.950607
0.950539
0.861267
0.940818
0.949173
0.995989
0.977646
0.982508
0.842057
0.927503
0.94081
0.799536
0.918305
0.918372
0.993729
0.975072
0.974279
0.800242
0.920878
0.918816
0.944086
0.981484
0.937499
0.983738
0.937566
0.944093
0.944018
0.981483
0.937492
0.983737
0.937499
0.944086
0.804315
0.927578
0.921396
0.993972
0.977671
0.975254
0.804316
0.927586
0.921397
0.84614
0.936709
0.943393
0.996844
0.982534
0.985632
0.862116
0.940894
0.949694
0.937499
0.983737
0.944086
0.981484
0.944086
0.937499
0.930952
0.978947
0.930944
0.98275
0.928386
0.94145
0.799519
0.918695
0.918356
0.993689
0.97412
0.974099
0.799433
0.918373
0.91831
0.814479
0.94081
0.927503
0.993932
0.97428
0.975072
0.803479
0.918816
0.920878
0.928395
0.982752
0.941449
0.977984
0.921915
0.928386
0.982667
0.974843
0.99515
0.99672
0.991388
0.996929
0.999483
0.998431
0.917079
0.969317
0.922186
0.97545
0.995691
0.993578
0.999036
0.999368
0.997986
0.999358
0.999921
0.999722
0.89355
0.945671
0.916524
0.970117
1
1
1
1
1
1
1
1
1
1
1
1
1
1
1
1
1
1
1
1
1
1
1
1
1
1
1
1
1
1
1
1
0.798639
0.918187
0.94231
0.987813
0.97399
0.992842
0.79468
0.888274
0.799602
0.918321
0.975092
0.993735
0.800317
0.920928
0.974099
0.993697
0.970247
0.963465
0.988376
0.94571
0.976599
0.994464
0.976637
0.994537
0.81455
0.940842
0.993938
0.9743
0.982521
0.994643
0.803555
0.918867
0.842102
0.949195
0.975092
0.994643
0.81455
0.920928
0.985458
0.995992
0.80032
0.920928
0.993699
0.974143
0.975092
0.993735
0.799627
0.918431
0.842102
0.927548
0.982521
0.996806
0.86129
0.940842
0.977664
0.995992
0.985617
0.996049
0.982739
0.996847
0.815833
0.84299
0.941411
0.928337
0.975612
0.994729
0.97799
0.99407
0.815966
0.805764
0.922312
0.928413
0.979337
0.994679
0.977736
0.995174
0.8184
0.824245
0.932607
0.930493
0.982883
0.994911
0.978678
0.996083
0.843018
0.861966
0.949671
0.941425
0.799227
0.917288
0.97413
0.993678
0.799416
0.918402
0.973176
0.993587
0.974466
0.99379
0.974466
0.99379
0.800979
0.800863
0.919235
0.919303
0.974466
0.99379
0.974466
0.99379
0.800844
0.800847
0.919227
0.919224
0.988462
0.97555
0.817845
0.783784
0.800627
0.922092
0.994532
0.976441
0.805452
0.922299
0.805456
0.923037
0.993005
0.973611
0.974337
0.993696
0.800834
0.800799
0.919185
0.919216
0.799483
0.918348
0.993695
0.974118
0.974118
0.993695
0.799483
0.918348
0.799612
0.918355
0.975092
0.993735
0.800319
0.920928
0.974119
0.993699
0.800319
0.920928
0.993699
0.974119
0.975092
0.993735
0.799612
0.918355
0.842102
0.927548
0.982521
0.996806
0.86129
0.940842
0.977664
0.995992
0.922635
0.976177
0.993338
0.998902
0.92261
0.975316
0.994356
0.999011
0.916159
0.975229
0.8731
0.967563
0.892782
0.857031
0.993505
0.992889
0.977982
0.996051
0.982743
0.994725
0.801273
0.80499
0.919082
0.92182
0.982737
0.996847
0.985619
0.996049
0.804922
0.815833
0.928337
0.921794
0.977966
0.99403
0.975431
0.994725
0.86186
0.84299
0.941411
0.949608
0.974491
0.99383
0.974647
0.993795
0.801691
0.800995
0.919311
0.919747
0.842102
0.927548
0.996806
0.982521
0.977664
0.995992
0.86129
0.940842
0.800306
0.920926
0.974056
0.993692
0.799567
0.918236
0.975091
0.993733
0.800319
0.918423
0.993938
0.977664
0.974141
0.993735
0.803555
0.927548
0.799484
0.918355
0.974119
0.993695
0.799484
0.918355
0.974119
0.993695
0.975431
0.99383
0.974647
0.99403
0.843005
0.815834
0.928337
0.941418
0.974468
0.993794
0.974489
0.99379
0.800979
0.800865
0.919236
0.919303
0.982737
0.996847
0.985617
0.996049
0.804922
0.815833
0.928337
0.921794
0.977966
0.996049
0.982737
0.994725
0.80169
0.804922
0.921794
0.919746
0.90685
0.984515
0.999176
0.993777
0.997225
0.999421
0.89345
0.971538
0.987512
0.992205
0.99999
0.999984
0.998654
0.999949
0.996466
0.999863
0.799578
0.918859
0.993675
0.973926
0.974296
0.993694
0.799389
0.918049
0.81455
0.920926
0.985458
0.995992
0.842102
0.949195
0.975091
0.994643
0.818674
0.779939
0.988462
0.973155
0.865301
0.966055
0.795077
0.917197
0.970785
0.896465
0.918012
0.976801
0.923771
0.923792
0.999953
0.999986
0.999844
0.999996
0.999863
0.999275
0.9999
0.999985
0.973831
0.976027
0.995485
0.994241
0.999474
0.999965
0.999659
0.999932
0.885236
0.868459
0.947776
0.966757
0.799916
0.796706
0.914069
0.918204
0.890836
0.896142
0.974363
0.972125
0.995951
0.999628
0.997253
0.999427
0.999544
0.99983
0.99866
0.999949
0.999228
0.996385
0.999246
0.999859
0.805668
0.805856
0.923493
0.92331
0.804898
0.801161
0.917597
0.922404
1
1
1
1
1
1
1
1
1
1
1
1
1
1
1
1
1
1
1
1
1
1
0.999999
0.999999
1
1
1
1
1
1
1
1
1
1
1
1
1
1
1
1
0.999999
1
0.999999
1
0.999988
0.999983
1
1
1
1
1
1
1
1
1
1
1
1
1
1
1
1
1
1
1
1
1
1
0.999983
0.999999
1
0.999999
1
1
1
1
1
1
1
1
1
1
1
1
1
1
1
1
1
1
1
1
1
1
1
1
1
1
1
1
1
1
1
1
1
1
1
1
0.999881
0.999987
0.999999
0.999982
0.842117
0.927549
0.99681
0.982703
0.977664
0.995993
0.86142
0.941361
0.800319
0.920928
0.974119
0.993699
0.799612
0.918355
0.975092
0.993735
0.84294
0.949278
0.994887
0.978638
0.985484
0.996032
0.818623
0.930128
0.815388
0.940925
0.977846
0.994181
0.807628
0.928067
0.982546
0.994684
0.974468
0.99379
0.974466
0.99379
0.80169
0.800979
0.919303
0.919746
0.974489
0.99379
0.974468
0.993794
0.804922
0.80169
0.919746
0.921794
0.975612
0.994729
0.97799
0.99407
0.815964
0.805764
0.922312
0.928412
0.985617
0.996049
0.982739
0.996847
0.815833
0.84299
0.941411
0.928337
0.977966
0.996049
0.982737
0.994725
0.801691
0.804922
0.921794
0.919747
0.98274
0.996847
0.985618
0.99605
0.804915
0.815854
0.92176
0.928352
0.921647
0.916506
0.970065
0.975371
0.922665
0.922883
0.976452
0.976302
0.970247
0.963465
0.988376
0.94571
0.976599
0.994464
0.994537
0.976637
0.798639
0.918187
0.94231
0.987813
0.97399
0.992842
0.79468
0.888274
0.799602
0.918321
0.993735
0.975092
0.974099
0.993697
0.800317
0.920928
0.803555
0.927548
0.993735
0.974141
0.977664
0.993938
0.800319
0.918423
0.86129
0.940842
0.977664
0.995992
0.842102
0.927548
0.982521
0.996806
0.799484
0.918355
0.993695
0.974119
0.974119
0.993695
0.799484
0.918355
0.800319
0.918423
0.993938
0.977664
0.974141
0.993735
0.803555
0.927548
0.81455
0.940842
0.993938
0.9743
0.982521
0.994643
0.803555
0.918867
0.842102
0.949195
0.994643
0.975092
0.985458
0.995992
0.81455
0.920928
0.80032
0.920928
0.993699
0.974143
0.975092
0.993735
0.799627
0.918431
0.842102
0.927548
0.982521
0.996806
0.86129
0.940842
0.977664
0.995992
0.993005
0.973611
0.974337
0.993696
0.800834
0.800799
0.919185
0.919216
0.988462
0.97555
0.817845
0.783784
0.800627
0.922092
0.994532
0.976441
0.805452
0.922299
0.805456
0.923037
0.799498
0.918348
0.993699
0.9743
0.974118
0.993695
0.799612
0.918866
0.799498
0.918348
0.9743
0.993699
0.799612
0.918866
0.974118
0.993695
0.842102
0.949195
0.994643
0.975092
0.985458
0.995992
0.81455
0.920928
0.81455
0.940842
0.993938
0.974297
0.982521
0.994643
0.803554
0.918861
0.799227
0.917288
0.97413
0.993678
0.799416
0.918402
0.973176
0.993587
0.977966
0.99403
0.975431
0.994725
0.86186
0.84299
0.941411
0.949608
0.974491
0.99383
0.974647
0.993795
0.801691
0.800995
0.919311
0.919747
0.799501
0.918362
0.973155
0.993597
0.974123
0.99369
0.799463
0.917509
0.80032
0.918425
0.993938
0.977664
0.974142
0.993735
0.803556
0.927548
0.799483
0.918348
0.993695
0.974118
0.974118
0.993695
0.799483
0.918348
0.799616
0.918356
0.993735
0.975143
0.974119
0.993699
0.800365
0.921121
0.800319
0.920928
0.993699
0.974119
0.975092
0.993735
0.799612
0.918355
0.842102
0.927548
0.982521
0.996806
0.86129
0.940842
0.977664
0.995992
0.982737
0.996847
0.985617
0.996049
0.804922
0.815833
0.928337
0.921794
0.977966
0.996049
0.982737
0.994725
0.80169
0.804922
0.921794
0.919746
0.855398
0.966673
0.994756
0.976118
0.99114
0.996395
0.818028
0.923701
0.900365
0.974541
0.978041
0.996391
0.855268
0.928831
0.993826
0.998166
0.861305
0.940843
0.995996
0.977851
0.982521
0.996807
0.842236
0.928087
0.803555
0.927548
0.993735
0.974141
0.977664
0.993938
0.800319
0.918423
0.842102
0.927548
0.996806
0.982521
0.977664
0.995992
0.86129
0.940842
0.800306
0.920926
0.993692
0.974056
0.975091
0.993733
0.799567
0.918236
0.800319
0.918423
0.993938
0.977664
0.974141
0.993735
0.803555
0.927548
0.799484
0.918355
0.974119
0.993695
0.799484
0.918355
0.974119
0.993695
0.885236
0.868459
0.947776
0.966757
0.799916
0.796706
0.914069
0.918204
0.890836
0.896142
0.974363
0.972125
0.995951
0.999628
0.997253
0.999427
0.999544
0.99983
0.99866
0.999949
0.999228
0.996385
0.999246
0.999859
0.805668
0.805856
0.923493
0.92331
0.804898
0.801161
0.917597
0.922404
0.794955
0.893997
0.973894
0.992926
0.798253
0.917982
0.948197
0.98878
0.997303
0.998749
1
0.999999
0.999843
0.999996
0.999286
0.999985
0.97906
0.997435
0.999777
0.998172
0.999657
0.999932
0.975541
0.994144
0.90685
0.984515
0.999176
0.993777
0.997225
0.999421
0.89345
0.971538
0.987512
0.992205
0.99999
0.999984
0.998654
0.999949
0.996466
0.999863
0.799578
0.918859
0.993675
0.973926
0.974296
0.993694
0.799389
0.918049
0.81455
0.920926
0.995992
0.985458
0.975091
0.994643
0.842102
0.949195
0.818674
0.779939
0.988462
0.973155
0.865301
0.966055
0.795077
0.917197
0.999983
0.999999
1
0.999999
1
1
1
1
1
1
1
1
1
1
1
1
1
1
1
1
1
1
1
1
1
1
1
1
1
1
1
1
1
1
1
1
1
1
1
1
1
1
1
1
0.999881
0.999987
0.999999
0.999982
1
1
1
1
1
1
1
1
1
1
1
1
1
1
1
1
1
1
1
1
1
1
0.999999
0.999999
1
1
1
1
1
1
1
1
1
1
1
1
1
1
1
1
0.999999
1
0.999999
1
0.999988
0.999983
1
1
1
1
1
1
1
1
1
1
1
1
1
1
1
1
1
1
0.974466
0.99379
0.974466
0.99379
0.800848
0.800848
0.919228
0.919228
0.974466
0.99379
0.974466
0.99379
0.800848
0.800848
0.919228
0.919228
0.799498
0.918423
0.993695
0.974118
0.974141
0.993695
0.799484
0.918348
0.803555
0.918866
0.982521
0.994643
0.81455
0.940842
0.9743
0.993938
0.800319
0.920928
0.993699
0.974119
0.975092
0.993735
0.799612
0.918355
0.842104
0.927548
0.996807
0.982544
0.977664
0.995992
0.861305
0.940917
0.842117
0.927549
0.99681
0.982703
0.977664
0.995993
0.86142
0.941361
0.800319
0.920928
0.993699
0.974119
0.975092
0.993735
0.799612
0.918355
0.84294
0.949278
0.994887
0.978638
0.985484
0.996032
0.818623
0.930128
0.815388
0.940925
0.977846
0.994181
0.807628
0.928067
0.982546
0.994684
0.921647
0.916506
0.970065
0.975371
0.922665
0.922883
0.976452
0.976302
0.81455
0.920928
0.995992
0.985458
0.975092
0.994643
0.842102
0.949195
0.799612
0.918866
0.974118
0.993695
0.799498
0.918349
0.9743
0.993699
0.803555
0.918867
0.994643
0.982521
0.9743
0.993938
0.814551
0.940842
0.79951
0.918423
0.974193
0.993691
0.974141
0.993695
0.799598
0.918751
0.995173
0.999162
0.999293
0.994361
0.999482
0.999989
0.999939
0.999884
0.976631
0.994558
0.994561
0.976622
0.949632
0.982749
0.941443
0.973821
0.913744
0.918986
0.999999
0.999988
0.999999
0.999988
1
1
1
1
0.970299
0.993605
0.988449
0.975515
1
1
1
1
1
1
1
1
1
1
1
1
1
1
1
1
1
1
1
1
1
1
1
1
1
1
1
1
1
1
1
1
0.86128
0.940811
0.94918
0.995993
0.977829
0.982532
0.842186
0.928021
0.940885
0.842201
0.949255
0.940893
0.994679
0.976047
0.977829
0.815317
0.923459
0.928022
0.944086
0.981484
0.937499
0.983737
0.937499
0.944086
0.799338
0.918351
0.918233
0.97315
0.993581
0.973929
0.799147
0.917229
0.91805
0.946697
0.988535
0.804412
0.923027
0.895433
0.800614
0.992577
0.997901
0.999974
0.999932
0.993717
0.999378
0.999999
0.999973
0.999862
0.999999
0.999362
0.999725
0.971292
0.993172
0.999911
0.999534
0.975272
0.996752
0.999995
0.99979
0.999208
0.999983
0.996926
0.998439
1
1
1
1
1
1
1
1
1
1
1
1
1
1
1
1
1
1
1
1
1
1
1
1
1
1
1
1
1
1
1
1
0.999999
0.999999
1
1
0.861266
0.94081
0.949173
0.995989
0.977646
0.982508
0.842057
0.927503
0.94081
0.799536
0.918305
0.918372
0.993729
0.975072
0.974279
0.800242
0.920878
0.918816
0.944093
0.981506
0.937566
0.98627
0.950615
0.950615
0.921915
0.977986
0.928394
0.983715
0.937558
0.944017
1
1
1
1
1
1
1
1
1
1
1
1
1
1
1
1
1
1
1
1
1
1
1
1
1
1
1
1
1
1
1
1
1
1
1
1
0.999999
0.999999
1
1
1
1
1
1
1
1
1
1
0.799408
0.918305
0.918298
0.993689
0.974099
0.974097
0.799408
0.918305
0.918298
0.803479
0.927503
0.920878
0.993729
0.97412
0.974279
0.800242
0.918372
0.918816
0.919242
0.974479
0.919264
0.974486
0.919349
0.919281
0.944085
0.981482
0.937491
0.982772
0.928386
0.941518
0.991506
0.996935
0.999482
0.998445
0.999245
0.999544
0.997153
0.983049
0.975495
0.99523
0.99677
0.995954
0.974395
0.978024
0.800654
0.916745
0.805222
0.922607
0.794984
0.917138
0.912859
0.8651
0.96601
0.946698
0.779825
0.818459
0.892853
0.919281
0.974483
0.919273
0.974472
0.919202
0.919251
0.998022
0.999363
0.999922
0.999726
0.996473
0.999864
0.999258
0.999949
0.998654
0.999546
0.98752
0.992202
0.997164
0.995802
0.99376
0.999049
0.999381
0.893277
0.9715
0.973803
0.99942
0.997223
0.995891
0.906708
0.984501
0.977553
0.784628
0.896048
0.801144
0.917609
0.947836
0.914132
0.894613
1
1
1
1
1
1
1
1
1
1
1
1
1
1
1
1
1
1
1
1
1
1
1
1
1
1
1
1
1
1
1
1
1
1
1
1
1
0.999999
1
1
1
1
1
1
1
1
1
1
1
1
1
1
1
1
1
1
1
1
1
1
1
1
1
1
1
1
1
1
1
1
1
1
1
1
1
1
1
0.999988
0.999983
0.999999
1
1
1
0.999999
1
1
1
1
1
1
1
1
1
1
1
1
1
1
1
1
1
1
1
1
1
1
1
1
1
1
1
1
1
0.818552
0.941329
0.930084
0.994882
0.982693
0.978621
0.818553
0.941337
0.930084
0.818553
0.930084
0.930084
0.996029
0.985496
0.982693
0.842908
0.949323
0.941337
0.944018
0.981483
0.937492
0.983737
0.937499
0.944086
0.937499
0.983737
0.944086
0.981484
0.944086
0.937499
0.982667
0.974843
0.99515
0.99672
0.991388
0.996929
0.999483
0.998431
0.917079
0.969317
0.922186
0.97545
0.995691
0.993578
0.999036
0.999368
0.997986
0.999358
0.999921
0.999722
0.89355
0.945671
0.916524
0.970117
1
1
1
1
1
1
1
1
1
1
1
1
1
1
1
1
1
1
1
1
1
1
1
1
1
1
1
1
1
1
1
1
1
1
1
1
1
1
1
1
1
1
1
1
1
1
1
1
1
1
1
1
1
1
1
1
1
1
1
1
1
1
1
1
1
1
1
1
1
1
1
1
1
1
1
1
1
1
1
1
1
1
1
1
1
1
1
1
1
1
1
1
1
1
1
1
1
1
1
1
1
1
1
1
1
1
1
1
1
1
1
1
1
1
1
1
1
1
1
1
1
1
1
1
1
1
1
1
1
1
1
1
1
1
1
1
1
1
1
1
1
1
1
1
1
1
1
1
1
1
1
1
1
1
1
1
1
1
1
1
1
1
1
1
1
1
1
1
1
1
1
1
1
1
1
1
1
1
1
1
1
1
1
1
1
1
1
1
1
1
1
1
1
1
0.815833
0.804922
0.921794
0.928337
0.974647
0.993794
0.974489
0.99383
0.974489
0.993791
0.97447
0.993794
0.804922
0.80169
0.919746
0.921794
0.977966
0.996049
0.982737
0.994725
0.80169
0.804922
0.921794
0.919746
0.982739
0.996847
0.985617
0.996049
0.805764
0.815964
0.928412
0.922312
0.982737
0.996847
0.985617
0.996049
0.804922
0.815833
0.928337
0.921794
0.977966
0.996049
0.982737
0.994725
0.80169
0.804922
0.921794
0.919746
1
1
1
1
1
1
1
1
1
1
1
1
1
1
1
1
1
1
1
1
1
1
1
1
1
1
1
1
1
1
1
1
1
1
1
1
1
1
1
1
1
1
1
1
1
1
1
1
1
1
1
1
1
1
1
1
1
1
1
1
1
1
1
1
1
1
1
1
1
1
1
1
1
1
1
1
1
1
1
1
1
1
1
1
1
1
1
1
1
1
1
1
1
1
1
1
1
1
1
1
1
1
1
1
1
1
1
1
1
1
1
1
1
1
1
1
1
1
1
1
1
1
1
1
1
1
1
1
1
1
1
1
1
1
1
1
1
1
1
1
1
1
1
1
1
1
1
1
1
1
1
1
1
1
1
1
1
1
1
1
1
1
1
1
1
1
1
1
1
1
1
1
1
1
1
1
1
1
1
1
1
1
1
1
1
1
1
1
1
1
1
1
1
1
1
1
1
1
1
1
1
1
1
1
1
1
1
1
1
1
1
1
1
1
1
1
1
1
1
1
1
1
1
1
1
1
1
1
1
1
1
1
1
1
1
1
1
1
1
1
1
1
1
1
1
1
1
1
1
1
1
1
1
1
1
1
1
1
1
1
1
1
1
1
1
1
1
1
1
1
1
1
1
1
1
1
1
1
1
1
1
1
1
1
1
1
1
1
1
1
1
1
1
1
1
1
1
1
1
1
1
1
1
1
1
1
1
1
1
1
1
1
1
1
1
1
1
1
1
1
1
1
1
1
1
1
1
1
1
1
1
1
1
1
1
1
1
1
1
1
1
1
1
1
1
1
1
1
1
1
1
1
1
1
1
1
1
1
1
1
1
1
1
1
1
1
1
1
1
1
1
1
1
1
1
1
1
1
1
1
1
1
1
1
1
1
1
1
1
1
1
1
1
1
1
1
1
1
1
1
1
1
1
1
1
1
1
1
1
1
1
1
1
1
1
1
1
1
1
1
1
1
1
1
1
1
1
1
1
1
1
1
1
1
1
1
1
1
1
1
1
1
1
1
1
1
1
1
1
1
1
1
1
1
1
1
1
1
1
1
1
1
1
1
1
1
1
1
1
1
1
1
1
1
1
1
1
1
1
1
1
1
1
1
1
1
1
1
1
0.978932
0.996089
0.982918
0.994965
0.843967
0.819923
0.930911
0.942005
0.982741
0.996851
0.98564
0.996049
0.805764
0.815966
0.928413
0.922312
0.800589
0.800763
0.919155
0.918985
0.974454
0.993789
0.974462
0.993786
0.974466
0.99379
0.974465
0.99379
0.800979
0.800863
0.919235
0.919303
1
1
1
1
1
1
1
1
1
1
1
1
1
1
1
1
1
1
1
1
1
1
1
1
1
1
1
1
1
1
1
1
1
1
1
1
1
1
1
1
1
1
1
1
1
1
1
1
1
1
1
1
1
1
1
1
1
1
1
1
1
1
1
1
1
1
1
1
1
1
1
1
1
1
1
1
1
1
1
1
1
1
1
1
1
1
1
1
1
1
1
1
1
1
1
1
1
1
1
1
1
1
1
1
1
1
1
1
1
1
1
1
1
1
1
1
1
1
1
1
1
1
1
1
1
1
1
1
1
1
1
1
1
1
1
1
1
1
1
1
1
1
1
1
1
1
1
1
1
1
1
1
1
1
1
1
1
1
1
1
1
1
1
1
1
1
1
1
1
1
1
1
1
1
1
1
1
1
1
1
1
1
1
1
1
1
1
1
1
1
1
1
1
1
1
1
1
1
1
1
1
1
1
1
1
1
1
1
1
1
1
1
1
1
1
1
1
1
1
1
1
1
1
1
1
1
1
1
1
1
1
1
1
1
1
1
1
1
1
1
1
1
1
1
1
1
1
1
1
1
1
1
1
1
1
1
1
1
1
1
1
1
1
1
1
1
1
1
1
1
1
1
1
1
1
1
1
1
1
1
1
1
1
1
1
1
1
1
1
1
1
1
1
1
1
1
1
1
1
1
1
1
1
1
1
1
1
1
1
1
1
1
1
1
1
1
1
1
1
1
1
1
1
1
1
1
1
1
1
1
1
1
1
1
1
1
1
1
1
1
1
1
1
1
1
1
1
1
1
1
1
1
1
1
1
1
1
1
1
1
1
1
1
1
1
1
1
1
1
1
1
1
1
1
1
1
1
1
1
1
1
1
1
1
1
1
1
1
1
1
1
1
1
1
1
1
1
1
1
1
1
1
1
1
1
1
1
1
1
1
1
1
1
1
1
1
1
1
1
1
1
1
1
1
1
1
1
1
1
1
1
1
1
1
1
1
1
1
1
1
1
1
1
1
1
1
1
1
1
1
1
1
1
1
1
1
1
1
1
1
1
1
1
1
1
1
1
1
1
1
1
1
1
1
1
1
1
1
1
1
1
1
1
1
1
1
1
1
1
1
1
1
1
1
1
1
1
1
1
1
1
1
1
1
1
1
1
1
1
1
1
1
1
1
1
1
1
1
1
1
1
1
1
1
1
1
1
1
1
1
1
1
1
1
1
1
0.998877
0.999747
0.999856
0.999896
0.999048
0.999933
0.99992
0.999991
0.996456
0.999861
0.98706
0.991273
0.998408
0.999938
0.999983
0.999989
0.884213
0.968765
0.993825
0.999142
0.898455
0.982352
0.999275
0.996659
0.994292
0.975421
0.995194
0.999994
1
0.999999
0.999861
0.999886
0.999974
0.996916
0.999882
0.999477
0.974468
0.99379
0.974466
0.99379
0.80169
0.800979
0.919303
0.919746
0.800848
0.800848
0.919228
0.919228
0.974466
0.99379
0.974466
0.99379
0.944093
0.981506
0.937566
0.986268
0.950539
0.950607
0.919273
0.974486
0.919281
0.97545
0.928453
0.921847
1
1
1
1
1
1
1
1
1
1
1
1
1
1
1
1
1
1
1
1
1
1
1
1
1
1
1
1
1
1
1
1
1
1
1
1
1
1
1
1
1
1
1
1
1
1
1
1
1
1
1
1
1
1
1
1
1
1
1
1
1
1
1
1
1
1
1
1
1
1
1
1
1
1
1
1
1
1
1
1
1
1
1
1
1
1
1
1
1
1
1
1
1
1
1
1
1
1
1
1
1
1
1
1
1
1
1
1
1
1
1
1
1
1
1
1
1
1
1
1
1
1
1
1
1
1
1
1
1
1
1
1
1
1
1
1
1
1
1
1
1
1
1
1
1
1
1
1
1
1
1
1
1
1
1
1
1
1
1
1
1
1
1
1
1
1
1
1
1
1
1
1
1
1
1
1
1
1
1
1
1
1
1
1
1
1
1
1
1
1
1
1
1
1
1
1
1
1
1
1
1
1
1
1
1
1
1
1
1
1
1
1
1
1
1
1
1
1
1
1
1
1
1
1
1
1
1
1
1
1
1
1
1
1
1
1
1
1
1
1
1
1
1
1
1
1
1
1
1
1
1
1
1
1
1
1
1
1
1
1
1
1
1
1
1
1
1
1
1
1
1
1
1
1
1
1
1
1
1
1
1
1
1
1
1
1
1
1
1
1
1
1
1
1
1
1
1
1
1
1
1
1
1
1
1
1
1
1
1
1
1
1
1
1
1
1
1
1
1
1
1
1
1
1
1
1
1
1
1
1
1
1
1
1
1
1
1
1
1
1
1
1
1
1
1
1
1
1
1
1
1
1
1
1
1
1
1
1
1
1
1
1
1
1
1
1
1
1
1
1
1
1
1
0.998835
0.99984
0.99984
0.999985
0.999999
0.999984
0.999984
0.999999
0.999984
1
1
1
1
1
1
1
1
1
0.998826
0.99984
0.999839
0.999984
0.999999
0.999984
0.999984
0.999999
0.999984
0.999469
0.999989
0.999939
0.99991
0.999995
0.999991
0.995101
0.999039
0.999297
1
1
1
1
1
1
1
1
1
1
1
1
1
1
1
1
1
1
1
1
1
1
1
1
1
1
1
1
1
1
1
1
1
1
1
1
1
1
1
1
1
1
1
1
1
0.999771
0.99998
0.999923
0.999124
0.998752
0.999766
0.999984
0.999996
0.99998
0.999375
0.999959
0.999922
1
1
1
1
1
1
1
1
1
1
1
1
1
1
1
1
1
1
1
1
1
1
1
1
0.981556
0.99383
0.990936
0.999467
0.998127
0.999794
0.999938
0.999965
1
1
1
1
1
1
1
1
0.998842
0.999845
0.998836
0.999837
0.999983
0.999999
0.999985
0.999999
0.999983
1
0.999855
0.999881
0.999989
1
1
1
0.97072
0.974701
0.99428
0.995104
1
1
1
1
0.999922
0.999972
0.999976
0.999991
0.999208
0.9969
0.999476
0.999883
0.982121
0.974084
0.995095
0.996685
0.999038
0.998809
0.998019
0.999764
1
1
1
1
1
1
1
1
0.991074
0.996794
0.999469
0.998404
0.999989
1
0.999999
0.999999
0.99991
0.999026
0.99931
0.999861
0.999995
0.999999
1
0.999992
1
1
1
1
1
1
1
1
1
1
1
1
1
1
1
1
1
1
1
1
1
1
1
1
1
1
1
1
1
1
1
1
1
1
1
1
1
1
1
1
1
1
1
1
1
1
1
1
1
1
1
1
1
1
1
1
1
1
1
1
1
1
1
1
1
1
1
1
1
1
1
1
0.999999
1
1
1
1
1
1
1
1
1
1
1
1
1
1
1
1
1
1
1
1
1
1
1
1
1
1
1
1
1
1
1
1
1
1
1
1
1
1
1
1
1
1
1
1
1
1
1
1
1
1
1
1
1
1
1
0.999946
0.999983
1
1
0.999999
1
0.99999
1
0.998828
0.99984
0.999124
0.998753
0.999375
0.999959
0.999984
0.999996
0.993092
0.99904
0.901638
0.982711
0.999275
0.996707
0.999923
0.999973
1
0.999999
0.999997
0.999995
0.999026
0.999784
0.99906
0.999933
0.99991
0.99999
0.986981
0.991366
0.999983
0.999989
0.998419
0.999938
1
1
0.999999
1
0.999999
0.99999
0.999999
1
0.998109
0.999138
0.99977
0.998776
0.99998
0.999999
0.999996
0.999984
1
1
1
1
1
1
1
1
1
1
1
1
1
1
1
1
1
1
1
1
1
1
1
1
1
1
1
1
1
1
1
1
1
1
1
1
1
1
1
1
1
1
1
1
1
1
1
1
1
1
1
1
1
1
1
1
1
1
1
1
1
1
1
1
1
1
1
1
1
1
1
1
1
1
1
1
1
1
1
1
1
1
1
1
0.999999
1
0.999999
1
1
1
1
1
1
1
1
1
1
1
1
1
1
1
1
1
1
1
1
1
1
1
1
1
0.998877
0.999747
0.999048
0.999933
0.999856
0.999896
0.999991
0.99992
0.996456
0.999861
0.98706
0.991273
0.998408
0.999938
0.999983
0.999989
0.884213
0.968765
0.993825
0.999142
0.898455
0.982352
0.999275
0.996659
1
1
1
1
1
1
1
1
1
1
1
1
1
1
1
1
1
1
1
1
1
1
1
1
0.99999
0.999984
0.999999
1
1
1
0.999999
1
1
1
1
1
1
1
1
1
1
1
1
1
1
1
1
1
0.994292
0.975421
0.995194
0.999994
1
0.999999
0.999861
0.999886
0.999974
0.996916
0.999882
0.999477
0.999477
0.999788
0.999938
0.998425
0.999974
0.999949
0.99999
0.99991
0.995163
0.999529
0.996725
0.999278
1
1
1
1
1
1
1
1
1
1
1
1
1
1
1
1
1
1
1
1
1
1
1
1
1
1
1
1
1
1
1
1
1
1
1
1
1
1
1
1
1
1
1
1
1
1
1
1
0.99508
0.999524
0.999279
0.996674
0.999999
0.999979
0.999997
0.999995
0.999985
0.999949
0.99992
0.999991
0.999477
0.999787
0.998411
0.999938
1
1
1
1
1
1
1
1
1
1
1
1
1
1
1
1
1
1
1
1
1
1
1
1
1
1
1
1
1
1
1
1
0.97072
0.974701
0.99428
0.995104
1
1
1
1
0.999922
0.999976
0.999972
0.999991
0.999208
0.9969
0.999476
0.999883
0.999038
0.998809
0.998019
0.999764
0.982121
0.974084
0.995095
0.996685
1
1
1
1
1
1
1
1
0.99991
0.999026
0.99931
0.999861
0.999995
0.999999
1
0.999992
0.991074
0.996794
0.999469
0.998404
0.999989
1
0.999999
0.999999
0.981556
0.99383
0.990936
0.999467
0.998127
0.999794
0.999938
0.999965
1
1
1
1
1
1
1
1
0.999983
1
0.999855
0.999881
0.999989
1
1
1
0.998842
0.999845
0.998836
0.999837
0.999983
0.999999
0.999985
0.999999
1
1
1
1
1
1
1
1
0.999999
1
1
1
1
1
1
1
1
1
1
1
1
1
1
1
1
1
1
1
1
1
1
1
1
1
1
1
1
1
1
1
1
1
1
1
1
1
1
1
1
1
1
1
1
1
1
1
1
1
1
1
1
1
1
1
1
1
1
1
1
1
1
1
1
1
1
1
1
1
1
1
1
1
1
1
1
1
1
1
1
1
1
1
1
1
1
1
1
1
1
1
1
1
1
1
1
1
1
1
1
1
1
1
1
1
1
1
1
1
1
1
1
1
1
1
1
1
1
1
1
1
0.999999
1
0.999999
0.99999
0.999999
1
0.998109
0.999138
0.99977
0.998776
0.99998
0.999999
0.999996
0.999984
0.993092
0.99904
0.901638
0.982711
0.999275
0.996707
0.999923
0.999973
1
0.999999
0.999997
0.999995
0.999026
0.999784
0.99906
0.999933
0.99991
0.99999
0.986981
0.991366
0.999983
0.999989
0.998419
0.999938
0.999946
0.999983
1
1
0.999999
1
0.99999
1
0.998828
0.99984
0.999124
0.998753
0.999375
0.999959
0.999984
0.999996
1
1
1
1
1
1
1
1
1
1
1
1
1
1
1
1
1
1
1
1
1
1
1
1
1
1
1
1
1
1
1
1
1
1
1
1
1
1
1
1
1
1
1
1
1
1
1
1
1
1
1
1
1
1
1
1
1
1
1
1
1
1
1
1
1
1
1
1
0.999999
1
0.999999
1
1
1
1
1
1
1
1
1
1
1
1
1
1
1
1
1
1
1
1
1
1
1
1
1
1
1
1
1
1
1
1
1
1
1
1
1
1
1
1
1
1
1
1
1
1
1
1
1
1
1
1
1
1
1
1
1
1
1
1
1
1
1
1
1
0.99999
0.999984
0.999999
1
1
1
0.999999
1
1
1
1
1
1
1
1
1
1
1
1
1
1
1
1
1
0.999477
0.999788
0.999938
0.998425
0.999974
0.999949
0.99999
0.99991
0.995163
0.999529
0.996725
0.999278
1
1
1
1
1
1
1
1
1
1
1
1
1
1
1
1
1
1
1
1
1
1
1
1
1
1
1
1
1
1
1
1
1
1
1
1
1
1
1
1
1
1
1
1
1
1
1
1
0.99508
0.999524
0.999279
0.996674
0.999999
0.999979
0.999997
0.999995
0.999985
0.999949
0.99992
0.999991
0.999477
0.999787
0.998411
0.999938
1
1
1
1
1
1
1
1
1
1
1
1
1
1
1
1
1
1
1
1
1
1
1
1
1
1
1
1
1
1
1
1
0.998835
0.99984
0.99984
0.999985
0.999999
0.999984
0.999984
0.999999
0.999984
1
1
1
1
1
1
1
1
1
0.998826
0.99984
0.999839
0.999984
0.999999
0.999984
0.999984
0.999999
0.999984
0.999469
0.999989
0.999939
0.99991
0.999995
0.999991
0.995101
0.999039
0.999297
1
1
1
1
1
1
1
1
1
1
1
1
1
1
1
1
1
1
1
1
1
1
1
1
1
1
1
1
1
1
1
1
1
1
1
1
1
1
1
1
1
1
1
1
1
0.937499
0.983737
0.944086
0.944086
0.981484
0.937499
0.99998
0.999771
0.999923
0.999124
0.998752
0.999766
0.999984
0.999996
0.99998
0.999375
0.999959
0.999922
0.919233
0.974358
0.919105
1
1
1
1
1
1
1
1
1
1
1
1
1
1
1
1
1
1
1
1
1
1
1
1
1
1
1
1
1
1
1
1
1
1
1
1
1
1
1
1
1
1
1
1
1
1
1
1
1
1
1
1
1
1
1
1
1
1
1
1
1
1
1
1
1
1
1
1
1
1
1
1
1
1
1
1
1
1
1
1
1
1
1
1
1
1
1
1
1
1
1
1
1
1
1
1
1
1
1
1
1
1
1
1
1
1
1
1
1
1
1
1
1
1
1
1
1
1
1
1
1
1
1
1
1
1
1
1
1
1
1
1
1
1
1
1
1
1
1
1
1
1
1
1
1
1
1
1
1
1
1
1
1
1
1
1
1
1
1
1
1
1
1
1
1
1
1
1
1
1
1
1
1
1
1
1
1
1
1
1
1
1
1
1
1
1
1
1
1
1
1
1
1
1
1
1
1
1
1
1
1
1
1
1
1
1
1
1
1
1
1
1
1
1
1
1
1
1
1
1
1
1
1
1
1
1
1
1
1
1
1
1
1
1
1
1
1
1
1
1
1
1
1
1
1
1
1
1
1
1
1
1
1
1
1
1
1
1
1
1
1
1
1
1
1
1
1
1
1
1
1
1
1
1
1
1
1
1
1
1
1
1
1
1
1
1
1
1
1
1
1
1
1
1
1
1
1
1
1
1
1
1
1
1
1
1
1
1
1
1
1
1
1
1
1
1
1
1
1
1
1
1
1
1
1
1
1
1
1
1
1
1
1
1
1
1
1
1
1
1
1
1
1
1
1
1
1
1
1
1
1
1
1
1
1
1
1
1
1
1
1
1
1
1
1
1
1
1
1
1
1
1
1
1
1
1
1
1
1
1
1
1
1
1
1
1
1
1
1
1
1
1
1
1
1
1
1
1
1
1
1
1
1
1
1
1
1
1
1
1
1
1
1
1
1
1
1
1
1
1
1
1
1
1
1
1
1
1
1
1
1
1
1
1
1
1
1
1
1
1
1
1
1
1
1
1
1
1
1
1
1
1
1
1
1
1
1
1
1
1
1
1
1
1
1
1
1
1
1
1
1
1
1
1
1
1
1
1
1
1
1
1
1
1
1
1
1
1
1
1
1
1
1
1
1
1
1
1
1
1
1
1
1
1
1
1
1
1
1
1
1
1
1
1
1
1
1
1
1
1
1
1
1
1
1
1
1
1
1
1
1
1
1
1
1
1
1
1
1
1
1
1
1
1
1
1
1
1
1
1
1
1
1
1
1
1
1
1
1
1
1
1
1
1
1
1
1
1
1
1
1
1
1
1
1
1
1
1
1
1
1
1
1
1
1
1
1
1
1
1
1
1
1
1
1
1
1
1
1
1
1
1
1
1
1
1
1
1
1
1
1
1
1
1
1
1
1
1
1
1
1
1
1
1
1
1
1
1
1
1
1
1
1
1
1
1
1
1
1
1
1
1
1
1
1
1
1
1
1
1
1
1
1
1
1
1
1
1
1
1
1
1
1
1
1
1
1
1
1
1
1
1
1
1
1
1
1
1
1
1
1
1
1
1
1
1
1
1
1
1
1
1
1
1
1
1
1
1
1
1
1
1
1
1
1
1
1
1
1
1
1
1
1
1
1
1
1
1
1
1
1
1
1
1
1
1
1
1
1
1
1
1
1
1
1
1
1
1
1
1
1
1
1
1
1
1
1
1
1
1
1
1
1
1
1
1
1
1
1
1
1
1
1
1
1
1
1
1
1
1
1
1
1
1
1
1
1
1
1
1
1
1
1
1
1
1
1
1
1
1
1
1
1
1
1
1
1
1
1
1
1
1
1
1
1
1
1
1
1
1
1
1
1
1
1
1
1
1
1
1
1
1
1
1
1
1
1
1
1
1
1
1
1
1
1
1
1
1
1
1
1
1
1
1
1
1
1
1
1
1
1
1
1
1
1
1
1
1
1
1
1
1
1
1
1
1
1
1
1
1
1
1
1
1
1
1
1
1
1
1
1
1
1
1
1
1
1
1
1
1
1
1
1
1
1
1
1
1
1
1
1
1
1
1
1
1
1
1
1
1
1
1
1
1
1
1
1
1
1
1
1
1
1
1
1
1
1
1
1
1
1
1
1
1
1
1
1
1
1
1
1
1
1
1
1
1
1
1
1
1
1
1
1
1
1
1
1
1
1
1
1
1
1
1
1
1
1
1
1
1
1
1
1
1
1
1
1
1
1
1
1
1
1
1
1
1
1
1
1
1
1
1
1
1
1
1
1
1
1
1
1
1
1
1
1
1
1
1
1
1
1
1
1
1
1
1
1
1
1
1
1
1
1
1
1
1
1
1
1
1
1
1
1
1
1
1
1
1
1
1
1
1
1
1
1
1
1
1
1
1
1
1
1
1
1
1
1
1
1
1
1
1
1
1
1
1
1
1
1
1
1
1
1
0.985617
0.996049
0.982737
0.996847
0.815833
0.84299
0.941411
0.928337
0.975433
0.994725
0.977967
0.994031
0.801821
0.801821
0.919821
0.919821
0.800844
0.800847
0.919227
0.919224
0.974466
0.99379
0.974466
0.99379
0.974466
0.99379
0.974466
0.99379
0.800979
0.800863
0.919235
0.919303
0.981467
0.996289
0.983702
0.99566
0.862848
0.847091
0.943986
0.950204
0.98276
0.996887
0.985799
0.996053
0.804939
0.81585
0.928345
0.921802
0.998847
0.998731
0.999135
0.999942
0.998829
0.99984
0.999995
0.999984
1
1
1
1
1
1
1
1
0.998877
0.999864
0.998842
0.999841
0.999984
0.999999
0.999986
0.999999
0.999987
1
0.999929
0.999977
0.999999
1
1
1
0.999016
0.999909
0.998877
0.999841
0.999984
0.999999
0.999991
0.999999
0.999999
1
0.999995
0.999999
1
1
1
1
0.999748
0.998829
0.998836
0.999841
0.999905
0.999995
0.999984
0.999999
1
1
1
1
1
1
1
1
0.999859
0.99931
0.999026
0.99991
0.999451
0.999154
0.999898
0.999943
1
1
1
1
1
1
1
1
0.99991
0.999481
0.99931
0.999938
0.999987
0.999999
0.999999
0.999985
0.999755
0.999929
0.999995
0.999977
1
1
1
1
0.999867
0.99931
0.999032
0.99991
0.999985
0.999999
0.999999
0.999985
0.999979
0.999995
1
0.999999
1
1
1
1
0.99991
0.999481
0.99931
0.999938
0.999949
0.999907
0.999981
0.999996
1
1
1
1
1
1
1
1
0.999995
1
1
0.99991
0.999987
0.999992
0.999898
0.99986
0.99998
0.998841
0.99984
0.999841
0.999986
0.999999
0.999985
0.999984
0.999999
0.999984
0.999929
0.999977
0.999994
1
1
1
0.999999
1
1
0.998828
0.99984
0.999833
0.999133
0.999942
0.999895
0.999984
0.999995
0.999978
1
1
1
0.999981
0.99991
0.999991
0.999867
0.999985
0.999987
0.999905
0.999995
0.999978
0.998835
0.99984
0.99984
0.999999
0.999984
0.999984
1
1
1
1
1
1
1
1
1
0.998876
0.999841
0.999845
0.999991
0.999999
0.999986
0.999984
0.999999
0.999985
0.999995
1
1
0.99991
0.999987
0.999992
0.999898
0.99986
0.99998
0.998841
0.99984
0.999841
0.999986
0.999999
0.999985
0.999984
0.999999
0.999984
0.999929
0.999977
0.999994
1
1
1
0.999999
1
1
0.998828
0.99984
0.999833
0.999133
0.999942
0.999895
0.999984
0.999995
0.999978
1
1
1
1
1
1
1
1
1
1
1
1
1
1
1
1
1
1
1
1
1
1
1
1
1
1
1
1
1
1
1
1
1
1
1
1
1
1
1
1
1
1
1
1
1
1
1
1
1
1
1
1
1
1
1
1
1
1
1
1
1
1
1
1
1
1
1
1
1
1
1
1
1
1
1
0.999981
0.99991
0.999991
0.999867
0.999985
0.999987
0.999905
0.999995
0.999978
0.998835
0.99984
0.99984
0.999999
0.999984
0.999984
1
1
1
1
1
1
1
1
1
0.998876
0.999841
0.999845
0.999991
0.999999
0.999986
0.999984
0.999999
0.999985
0.999859
0.99931
0.999026
0.99991
0.999451
0.999154
0.999898
0.999943
1
1
1
1
1
1
1
1
0.99991
0.999481
0.99931
0.999938
0.999987
0.999999
0.999999
0.999985
0.999755
0.999929
0.999995
0.999977
1
1
1
1
1
1
1
1
1
1
1
1
1
1
1
1
1
1
1
1
1
1
1
1
1
1
1
1
1
1
1
1
1
1
1
1
1
1
1
1
1
1
1
1
1
1
1
1
1
1
1
1
1
1
1
1
1
1
1
1
1
1
1
1
1
1
1
1
1
1
1
1
1
1
1
1
1
1
1
1
1
1
1
1
1
1
1
1
1
1
1
1
1
1
1
1
1
1
1
1
1
1
1
1
1
1
1
1
1
1
1
1
1
1
1
1
1
1
1
1
1
1
1
1
1
1
1
1
1
1
1
1
0.999867
0.99931
0.999032
0.99991
0.999985
0.999999
0.999999
0.999985
0.999979
0.999995
1
0.999999
1
1
1
1
0.99991
0.999481
0.99931
0.999938
0.999949
0.999907
0.999981
0.999996
1
1
1
1
1
1
1
1
0.998847
0.998731
0.999135
0.999942
0.998829
0.99984
0.999995
0.999984
1
1
1
1
1
1
1
1
0.998877
0.999864
0.998842
0.999841
0.999984
0.999999
0.999986
0.999999
0.999987
1
0.999929
0.999977
0.999999
1
1
1
1
1
1
1
1
1
1
1
1
1
1
1
1
1
1
1
1
1
1
1
1
1
1
1
1
1
1
1
1
1
1
1
1
1
1
1
1
1
1
1
1
1
1
1
1
1
1
1
1
1
1
1
1
1
1
1
1
1
1
1
1
1
1
1
1
1
1
1
1
1
1
1
1
1
1
1
1
1
1
1
1
1
1
1
1
1
1
1
1
1
1
1
1
1
1
1
1
1
1
1
1
1
1
1
1
1
1
1
1
1
1
1
1
1
1
1
1
1
1
1
1
1
1
1
1
1
1
1
0.999016
0.999909
0.998877
0.999841
0.999984
0.999999
0.999991
0.999999
0.999999
1
0.999995
0.999999
1
1
1
1
0.999748
0.998829
0.998836
0.999841
0.999905
0.999995
0.999984
0.999999
1
1
1
1
1
1
1
1
1
1
1
1
1
1
1
1
1
1
1
1
1
1
1
1
1
1
1
1
1
1
1
1
1
1
1
1
1
1
1
1
1
1
1
1
1
1
1
1
1
1
1
1
1
1
1
1
1
1
1
1
1
1
1
1
1
1
1
1
1
1
1
1
1
1
1
1
1
1
1
1
1
1
1
1
1
1
1
1
1
1
1
1
1
1
1
1
1
1
1
1
1
1
1
1
1
1
1
1
1
1
1
1
1
1
1
1
1
1
1
1
1
1
1
1
1
1
1
1
1
1
1
1
1
1
1
1
1
1
1
1
1
1
1
1
1
1
1
1
1
1
1
1
1
1
1
1
1
1
1
1
1
1
1
1
1
1
1
1
1
1
1
1
1
1
1
1
1
1
1
1
1
1
1
1
1
1
1
1
1
1
1
1
1
1
1
1
1
1
1
1
1
1
1
1
1
1
1
1
1
1
1
1
1
1
1
1
1
1
1
1
1
1
1
1
1
1
1
1
1
1
1
1
1
1
1
1
1
1
1
1
1
1
1
1
1
1
1
1
1
1
1
1
1
1
1
1
1
1
1
1
1
1
1
1
1
1
1
1
1
1
1
1
1
1
1
1
1
1
1
1
1
1
1
1
1
1
1
1
1
1
1
1
1
1
1
1
1
1
1
1
1
1
1
1
1
1
1
1
1
1
1
1
1
1
1
1
1
1
1
1
1
1
1
1
1
1
1
1
1
1
1
1
1
1
1
1
1
1
1
1
1
1
1
1
1
1
1
1
1
1
1
1
1
1
1
1
1
1
1
1
1
1
1
1
1
1
1
1
1
1
1
1
1
1
1
1
1
1
1
1
1
1
1
1
1
1
1
1
1
1
1
1
1
1
1
1
1
1
1
1
1
1
1
1
1
1
1
1
1
1
1
1
1
1
1
1
1
1
1
1
1
1
1
1
1
1
1
1
1
1
1
1
1
1
1
1
1
1
1
1
1
1
1
1
1
1
1
1
1
1
1
1
1
1
1
1
1
1
1
1
1
1
1
1
1
1
1
1
1
1
1
1
1
1
1
1
1
1
1
1
1
1
1
1
1
1
1
1
1
1
1
1
1
1
1
1
1
1
1
1
1
1
1
1
1
1
1
1
1
1
1
1
1
1
1
1
1
1
1
1
1
1
1
1
1
1
1
1
1
1
1
1
1
1
1
1
1
1
1
1
1
1
1
1
1
1
1
1
1
1
1
1
1
1
1
1
1
1
1
1
1
1
1
1
1
1
1
1
1
1
1
1
1
1
1
1
1
1
1
1
1
1
1
1
1
1
1
1
1
1
1
1
1
1
1
1
1
1
1
1
1
1
1
1
1
1
1
1
1
1
1
1
1
1
1
1
1
1
1
1
1
1
1
1
1
1
1
1
1
1
1
1
1
1
1
1
1
1
1
1
1
1
1
1
1
1
1
1
1
1
1
1
1
1
1
1
1
1
1
1
1
1
1
1
1
1
1
1
1
1
1
1
1
1
1
1
1
1
1
1
1
1
1
1
1
1
1
1
1
1
1
1
1
1
1
1
1
1
1
1
1
1
1
1
1
1
1
1
1
1
1
1
1
1
1
1
1
1
1
1
1
1
1
1
1
1
1
1
1
1
1
1
1
1
1
1
1
1
1
1
1
1
1
1
1
1
1
1
1
1
1
1
1
1
1
1
1
1
1
1
1
1
1
1
1
1
1
1
1
1
1
1
1
1
1
1
1
1
1
1
1
1
1
1
1
1
1
1
1
1
1
1
1
1
1
1
1
1
1
1
1
1
1
1
1
1
1
1
1
1
1
1
1
1
1
1
1
1
1
1
1
1
1
1
1
1
1
1
1
1
1
1
1
1
1
1
1
1
1
1
1
1
1
1
1
1
1
1
1
1
1
1
1
1
1
1
1
1
1
1
1
1
1
1
1
1
1
1
1
1
1
1
1
1
1
1
1
1
1
1
1
1
1
1
1
1
1
1
1
1
1
1
1
1
1
1
1
1
1
1
1
1
1
1
1
1
1
1
1
1
1
1
1
1
1
1
1
1
1
1
1
1
1
1
1
1
1
1
1
1
1
1
1
1
1
1
1
1
1
1
1
1
1
1
1
1
1
1
1
1
1
1
1
1
1
1
1
1
1
1
1
1
1
1
1
1
1
1
1
1
1
1
1
1
1
1
1
1
1
1
1
1
1
1
1
1
1
1
1
1
1
1
1
1
1
1
1
1
1
1
1
1
1
1
1
1
1
1
1
1
1
1
1
1
1
1
1
1
1
1
1
1
1
1
1
1
1
1
1
1
1
1
1
1
1
1
1
1
1
1
1
1
1
1
1
1
1
1
1
1
1
1
1
1
1
1
1
1
1
1
1
1
1
1
1
1
1
1
1
1
1
1
1
1
1
1
1
1
1
1
1
1
1
1
1
1
1
1
1
1
1
1
1
1
1
1
1
1
1
1
1
1
1
1
1
1
1
1
1
1
1
1
1
1
1
1
1
1
1
1
1
1
1
1
1
1
1
1
1
1
1
1
1
1
1
1
1
1
1
1
1
1
1
1
1
1
1
1
1
1
1
1
1
1
1
1
1
1
1
1
1
1
1
1
1
1
1
1
1
1
1
1
1
1
1
1
1
1
1
1
1
1
1
1
1
1
1
1
1
1
1
1
1
1
1
1
1
1
1
1
1
1
1
1
1
1
1
1
1
1
1
1
1
1
1
1
1
1
1
1
1
1
1
1
1
1
1
1
1
1
1
1
1
1
1
1
1
1
1
1
1
1
1
1
1
1
1
1
1
1
1
1
1
1
1
1
1
1
1
1
1
1
1
1
1
1
1
1
1
1
1
1
1
1
1
1
1
1
1
1
1
1
1
1
1
1
1
1
1
1
1
1
1
1
1
1
1
1
1
1
1
1
1
1
1
1
1
1
1
1
1
1
1
1
1
1
1
1
1
1
1
1
1
1
1
1
1
1
1
1
1
1
1
1
1
1
1
1
1
1
1
1
1
1
1
1
1
1
1
1
1
1
1
1
1
1
1
1
1
1
1
1
1
1
1
1
1
1
1
1
1
1
1
1
1
1
1
1
1
1
1
1
1
1
1
1
1
1
1
1
0.998836
0.99984
0.998836
0.99984
0.999984
0.999999
0.999984
0.999999
1
1
1
1
1
1
1
1
0.998877
0.999864
0.998842
0.999841
0.999984
0.999999
0.999986
0.999999
1
1
1
1
1
1
1
1
0.998842
0.999841
0.998877
0.999864
0.999986
0.999999
0.999984
0.999999
1
1
1
1
1
1
1
1
0.999299
0.999864
0.999474
0.999909
0.999986
0.999999
0.999991
1
1
1
1
1
1
1
1
1
0.999016
0.999845
0.999299
0.999937
0.999995
0.999999
0.999985
0.999999
1
1
1
1
1
1
1
1
0.998877
0.999841
0.999016
0.999909
0.999984
0.999999
0.999991
0.999999
1
1
1
1
1
1
1
1
0.998837
0.999841
0.998836
0.99984
0.999984
0.999999
0.999984
0.999999
1
1
1
1
1
1
1
1
0.998837
0.999841
0.998836
0.99984
0.999984
0.999999
0.999984
0.999999
1
1
1
1
1
1
1
1
0.999299
0.999864
0.999474
0.999909
0.999991
1
0.999986
0.999999
1
1
1
1
1
1
1
1
0.998842
0.999841
0.998877
0.999864
0.999986
0.999999
0.999984
0.999999
1
1
1
1
1
1
1
1
0.998847
0.999845
0.998877
0.999864
0.999986
0.999999
0.999985
0.999999
1
1
1
1
1
1
1
1
0.999299
0.999864
0.999474
0.999909
0.999991
1
0.999986
0.999999
1
1
1
1
1
1
1
1
0.998837
0.99984
0.998842
0.999845
0.999985
0.999999
0.999984
0.999999
1
1
1
1
1
1
1
1
0.999474
0.999909
0.999299
0.999864
0.999986
0.999999
0.999991
1
1
1
1
1
1
1
1
1
0.998836
0.99984
0.998836
0.999841
0.999984
0.999999
0.999984
0.999999
1
1
1
1
1
1
1
1
0.999016
0.999909
0.998877
0.999841
0.999984
0.999999
0.999991
0.999999
1
1
1
1
1
1
1
1
0.999299
0.999937
0.999016
0.999845
0.999995
0.999999
0.999985
0.999999
1
1
1
1
1
1
1
1
0.998836
0.99984
0.998837
0.999841
0.999984
0.999999
0.999984
0.999999
1
1
1
1
1
1
1
1
0.999852
0.999037
0.998935
0.999867
0.999987
0.999999
0.999999
0.999992
1
1
1
1
1
1
1
1
0.999938
0.99931
0.999481
0.99991
0.999992
0.999999
0.999999
0.999987
1
1
1
1
1
1
1
1
0.999867
0.998895
0.999032
0.999848
0.999992
1
0.999995
0.999999
1
1
1
1
1
1
1
1
0.999843
0.99886
0.998855
0.999844
0.999985
0.999999
0.999999
0.999985
1
1
1
1
1
1
1
1
0.99991
0.999481
0.99931
0.999938
0.999987
0.999999
0.999999
0.999985
1
1
1
1
1
1
1
1
0.999867
0.99931
0.999032
0.99991
0.999985
0.999999
0.999999
0.999985
1
1
1
1
1
1
1
1
0.999843
0.998855
0.998855
0.999843
0.999985
0.999999
0.999985
0.999999
1
1
1
1
1
1
1
1
0.999843
0.998855
0.998855
0.999843
0.999985
0.999999
0.999999
0.999985
1
1
1
1
1
1
1
1
0.999844
0.998895
0.99886
0.999848
0.999985
0.999999
0.999985
0.999999
1
1
1
1
1
1
1
1
0.99991
0.999032
0.99931
0.999867
0.999995
0.999999
1
0.999992
1
1
1
1
1
1
1
1
1
1
1
0.999915
0.999989
0.999992
0.999871
0.999987
0.999987
0.999473
0.999909
0.999937
0.999986
0.999999
0.999991
0.999991
1
0.999995
1
1
1
1
1
1
1
1
1
0.998876
0.999864
0.999845
0.999984
0.999999
0.999984
0.999986
0.999999
0.999985
0.99884
0.99984
0.999841
0.999986
0.999999
0.999985
0.999984
0.999999
0.999984
1
1
1
1
1
1
1
1
1
0.998835
0.99984
0.99984
0.999984
0.999999
0.999984
0.999984
0.999999
0.999984
1
1
1
0.999844
0.999985
0.999985
0.999867
0.999992
0.999987
1
1
1
0.999985
0.999843
0.999985
0.999848
0.999987
0.999985
0.998835
0.99984
0.99984
0.999984
0.999999
0.999984
0.999984
0.999999
0.999984
1
1
1
1
1
1
1
1
1
0.998835
0.99984
0.99984
0.999984
0.999999
0.999984
0.999984
0.999999
0.999984
0.999015
0.999909
0.999864
0.999984
0.999999
0.999985
0.999991
0.999999
0.999986
1
1
1
1
1
1
1
1
1
0.999298
0.999937
0.999909
0.999985
0.999999
0.999986
0.999995
0.999999
0.999991
1
1
1
0.99989
0.999992
0.999989
0.999934
0.999994
0.999994
1
1
1
0.999915
0.999989
0.999992
0.99989
0.999992
0.999989
0.999473
0.999909
0.999937
0.999986
0.999999
0.999991
0.999991
1
0.999995
1
1
1
1
1
1
1
1
1
0.998876
0.999864
0.999845
0.999985
0.999999
0.999984
0.999986
0.999999
0.999985
0.998876
0.999864
0.999845
0.999984
0.999999
0.999984
0.999986
0.999999
0.999985
1
1
1
1
1
1
1
1
1
0.999473
0.999909
0.999937
0.999986
0.999999
0.999991
0.999991
1
0.999995
1
1
1
0.999915
0.999989
0.999992
0.999871
0.999987
0.999987
1
1
1
0.99989
0.999992
0.999989
0.999915
0.999989
0.999992
0.998876
0.999841
0.999845
0.999991
0.999999
0.999986
0.999984
0.999999
0.999985
1
1
1
1
1
1
1
1
1
0.998835
0.99984
0.99984
0.999984
0.999999
0.999984
0.999984
0.999999
0.999984
0.999015
0.999845
0.999864
0.999995
0.999999
0.999991
0.999985
0.999999
0.999986
1
1
1
1
1
1
1
1
1
0.998835
0.999841
0.99984
0.999984
0.999999
0.999984
0.999984
0.999999
0.999984
1
1
1
0.999867
0.999985
0.999987
0.999934
0.999994
0.999994
0.998835
0.999841
0.99984
0.999984
0.999999
0.999984
0.999984
0.999999
0.999984
1
1
1
1
1
1
1
1
1
0.999015
0.999845
0.999864
0.999995
0.999999
0.999991
0.999985
0.999999
0.999986
1
1
1
0.999871
0.999987
0.999987
0.99991
0.999987
0.999992
1
1
1
0.999915
0.999989
0.999992
0.999871
0.999987
0.999987
1
1
1
0.999844
0.999985
0.999985
0.999867
0.999992
0.999987
1
1
1
0.99989
0.999992
0.999989
0.999915
0.999989
0.999992
0.999298
0.999937
0.999909
0.999985
0.999999
0.999986
0.999995
0.999999
0.999991
1
1
1
1
1
1
1
1
1
0.999056
0.999909
0.999869
0.999991
0.999999
0.999987
0.999991
0.999999
0.999987
1
1
1
0.999915
0.999989
0.999992
0.99989
0.999992
0.999989
0.999299
0.999865
0.999909
0.999991
1
0.999995
0.999986
0.999999
0.999991
1
1
1
1
1
1
1
1
1
0.99902
0.999849
0.999865
0.999995
0.999999
0.999991
0.999985
0.999999
0.999986
1
1
1
0.999843
0.999985
0.999985
0.999848
0.999987
0.999985
1
1
1
0.99989
0.999992
0.999989
0.999934
0.999994
0.999994
1
1
1
0.999867
0.999985
0.999987
0.999915
0.999989
0.999992
0.998835
0.99984
0.99984
0.999985
0.999999
0.999984
0.999984
0.999999
0.999984
1
1
1
1
1
1
1
1
1
0.998835
0.99984
0.99984
0.999984
0.999999
0.999984
0.999984
0.999999
0.999984
1
1
1
0.99989
0.999992
0.999989
0.999934
0.999994
0.999994
0.999298
0.999864
0.999909
0.999991
1
0.999995
0.999986
0.999999
0.999991
1
1
1
1
1
1
1
1
1
0.99884
0.999845
0.999841
0.999984
0.999999
0.999984
0.999985
0.999999
0.999984
1
1
1
0.999915
0.999989
0.999992
0.99989
0.999992
0.999989
1
1
1
0.999915
0.999989
0.999992
0.999871
0.999987
0.999987
1
1
1
0.99989
0.999992
0.999989
0.99991
0.999987
0.999992
0.99998
0.999999
0.999984
0.99884
0.999845
0.999841
0.999999
0.999985
0.999984
1
1
1
1
1
1
1
1
1
0.999298
0.999864
0.999909
0.999991
1
0.999995
0.999986
0.999999
0.999991
1
1
1
0.999984
0.999843
0.999985
0.999843
0.999985
0.999985
0.998835
0.99984
0.99984
0.999984
0.999999
0.999984
0.999984
0.999999
0.999984
1
1
1
1
1
1
1
1
1
0.99884
0.99984
0.999841
0.999986
0.999999
0.999985
0.999984
0.999999
0.999984
0.999015
0.999845
0.999864
0.999995
0.999999
0.999991
0.999985
0.999999
0.999986
0.999996
0.999999
1
1
1
1
1
1
1
0.998834
0.999841
0.99984
0.999927
0.999996
0.99998
0.999984
0.999999
0.999984
1
1
1
0.999843
0.999985
0.999985
0.99998
0.999843
0.999984
1
1
1
1
1
1
1
1
1
1
1
1
1
1
1
1
1
1
1
1
1
1
1
1
1
1
1
1
1
1
1
1
1
1
1
1
1
1
1
1
1
1
1
1
1
1
1
1
0.99989
0.999992
0.999989
0.999915
0.999989
0.999992
1
1
1
0.999867
0.999985
0.999987
0.999934
0.999994
0.999994
1
1
1
0.999915
0.999989
0.999992
0.99989
0.999992
0.999989
0.99884
0.999845
0.999841
0.999984
0.999999
0.999984
0.999985
0.999999
0.999984
1
1
1
1
1
1
1
1
1
0.999299
0.999864
0.999909
0.999992
1
0.999995
0.999986
0.999999
0.999991
1
1
1
0.99989
0.999992
0.999989
0.999915
0.999989
0.999992
0.998881
0.999864
0.999845
0.999986
0.999999
0.999985
0.999986
0.999999
0.999985
1
1
1
1
1
1
1
1
1
0.999479
0.999909
0.999938
0.999988
0.999999
0.999992
0.999991
1
0.999995
1
1
1
0.999871
0.999987
0.999987
0.99991
0.999987
0.999992
0.998837
0.999841
0.998842
0.999845
0.999985
0.999999
0.999984
0.999999
1
1
1
1
1
1
1
1
0.999474
0.999909
0.999299
0.999864
0.999986
0.999999
0.999991
1
1
1
1
1
1
1
1
1
0.998877
0.999841
0.999016
0.999909
0.999991
0.999999
0.999984
0.999999
1
1
1
1
1
1
1
1
0.999016
0.999845
0.999299
0.999937
0.999995
0.999999
0.999985
0.999999
1
1
1
1
1
1
1
1
0.999843
0.998855
0.998855
0.999843
0.999985
0.999999
0.999999
0.999985
1
1
1
1
1
1
1
1
0.999844
0.998855
0.99886
0.999843
0.999985
0.999999
0.999987
0.999999
1
1
1
1
1
1
1
1
0.999938
0.99931
0.999481
0.99991
0.999992
0.999999
0.999987
0.999999
1
1
1
1
1
1
1
1
0.999848
0.999032
0.998901
0.999867
0.999985
0.999999
0.999999
0.999987
1
1
1
1
1
1
1
1
0.999862
0.998928
0.99899
0.999851
0.999989
0.999999
0.999999
0.99999
1
1
1
1
1
1
1
1
1
1
1
1
1
1
1
1
0.99991
0.999037
0.99931
0.999867
0.999995
0.999999
1
0.999992
0.999888
0.999025
0.999145
0.999866
0.99999
0.999999
0.999988
0.999999
1
1
1
1
1
1
1
1
0.99991
0.999065
0.999315
0.99987
0.999995
0.999999
0.999992
1
1
1
1
1
1
1
1
1
0.999867
0.99931
0.999032
0.99991
0.999985
0.999999
0.999999
0.999985
1
1
1
1
1
1
1
1
0.999911
0.999482
0.999315
0.999938
0.999987
0.999999
0.999987
0.999999
1
1
1
1
1
1
1
1
0.999843
0.998855
0.998855
0.999843
0.999985
0.999999
0.999985
0.999999
1
1
1
1
1
1
1
1
0.999843
0.998855
0.998855
0.999843
0.999985
0.999999
0.999985
0.999999
1
1
1
1
1
1
1
1
0.998837
0.99984
0.998842
0.999845
0.999985
0.999999
0.999984
0.999999
1
1
1
1
1
1
1
1
0.999474
0.999909
0.999299
0.999864
0.999991
1
0.999986
0.999999
1
1
1
1
1
1
1
1
0.998836
0.99984
0.998836
0.99984
0.999984
0.999999
0.999984
0.999999
1
1
1
1
1
1
1
1
0.998842
0.999845
0.998837
0.99984
0.999984
0.999999
0.999985
0.999999
1
1
1
1
1
1
1
1
0.999848
0.99886
0.998895
0.999844
0.999987
0.999999
0.999999
0.999992
1
1
1
1
1
1
1
1
1
1
1
1
1
1
1
1
0.999843
0.998855
0.998855
0.999843
0.999985
0.999999
0.999999
0.999985
0.999867
0.998895
0.999032
0.999848
0.999992
1
0.999995
0.999999
1
1
1
1
1
1
1
1
0.999843
0.99886
0.998855
0.999844
0.999985
0.999999
0.999985
0.999999
1
1
1
1
1
1
1
1
0.998877
0.999864
0.998842
0.999841
0.999984
0.999999
0.999986
0.999999
1
1
1
1
1
1
1
1
0.998836
0.99984
0.998836
0.99984
0.999984
0.999999
0.999984
0.999999
1
1
1
1
1
1
1
1
0.999474
0.999909
0.999299
0.999864
0.999986
0.999999
0.999991
1
1
1
1
1
1
1
1
1
0.999835
0.998835
0.99998
0.999999
0.998841
0.999845
0.999999
0.999985
1
1
1
1
1
1
1
1
0.999871
0.999072
0.999072
0.999871
0.999992
1
0.999999
0.999995
1
1
1
1
1
1
1
1
0.999938
0.999315
0.999482
0.999911
0.999992
0.999999
0.999987
0.999999
1
1
1
1
1
1
1
1
0.999848
0.99886
0.998895
0.999844
0.999987
0.999999
0.999992
0.999999
1
1
1
1
1
1
1
1
0.999843
0.998855
0.998855
0.999843
0.999985
0.999999
0.999999
0.999985
1
1
1
1
1
1
1
1
0.999843
0.998855
0.998855
0.999843
0.999985
0.999999
0.999999
0.999985
1
0.999999
1
1
1
1
1
1
1
1
1
1
1
1
1
1
0.999843
0.998855
0.998855
0.999843
0.999984
0.999997
0.999981
0.999999
0.99991
0.999481
0.99931
0.999938
0.999987
0.999999
0.999985
0.999999
1
1
1
1
1
1
1
1
0.999867
0.99931
0.999032
0.99991
0.999985
0.999999
0.999985
0.999999
1
1
1
1
1
1
1
1
0.999772
0.998828
0.999927
0.999996
0.998835
0.999841
0.999999
0.999984
1
1
1
1
1
1
1
1
0.999299
0.999937
0.999016
0.999845
0.999985
0.999999
0.999995
0.999999
0.999999
1
0.999996
0.999999
1
1
1
1
0.99998
0.999962
0.999927
0.999996
0.999843
0.998855
0.998854
0.999843
1
1
1
1
1
1
1
1
1
0.999985
0.999996
0.999999
1
1
1
1
0.999843
0.998855
0.998855
0.999843
0.999985
0.999999
0.999999
0.999985
1
1
1
1
1
1
1
1
1
1
1
1
1
1
1
1
1
1
1
1
1
1
1
1
1
1
1
1
1
1
1
1
1
1
1
1
1
1
1
1
1
1
1
1
1
1
1
1
1
1
1
1
1
1
1
1
1
1
1
1
1
1
1
1
1
1
1
1
1
1
1
1
1
1
1
1
1
1
1
1
1
1
1
1
1
1
1
1
1
1
1
1
1
1
1
1
0.999057
0.999869
0.999305
0.999937
0.999995
0.999999
0.999987
0.999999
1
1
1
1
1
1
1
1
0.998918
0.999865
0.999021
0.999909
0.999991
0.999999
0.999986
0.999999
1
1
1
1
1
1
1
1
0.999474
0.999909
0.999299
0.999864
0.999986
0.999999
0.999991
1
1
1
1
1
1
1
1
1
0.998837
0.99984
0.998842
0.999845
0.999985
0.999999
0.999984
0.999999
1
1
1
1
1
1
1
1
0.99991
0.999481
0.99931
0.999938
0.999987
0.999999
0.999999
0.999985
1
1
1
1
1
1
1
1
0.999867
0.99931
0.999032
0.99991
0.999985
0.999999
0.999985
0.999999
1
1
1
1
1
1
1
1
0.999843
0.998855
0.998855
0.999843
0.999985
0.999999
0.999985
0.999999
1
1
1
1
1
1
1
1
0.999843
0.998855
0.998855
0.999843
0.999985
0.999999
0.999999
0.999985
1
1
1
1
1
1
1
1
0.99991
0.999032
0.99931
0.999867
0.999995
0.999999
1
0.999992
1
1
1
1
1
1
1
1
1
1
1
1
1
1
1
1
0.999844
0.998896
0.998866
0.999848
0.999985
0.999999
0.999999
0.999987
0.999848
0.999032
0.998901
0.999867
0.999985
0.999999
0.999987
0.999999
1
1
1
1
1
1
1
1
0.999938
0.99931
0.999481
0.99991
0.999992
0.999999
0.999987
0.999999
1
1
1
1
1
1
1
1
0.999844
0.998895
0.99886
0.999848
0.999985
0.999999
0.999985
0.999999
1
1
1
1
1
1
1
1
0.99991
0.999032
0.99931
0.999867
0.999995
0.999999
0.999992
1
1
1
1
1
1
1
1
1
0.998836
0.99984
0.998836
0.99984
0.999984
0.999999
0.999984
0.999999
1
1
1
1
1
1
1
1
0.998877
0.999864
0.998842
0.999841
0.999984
0.999999
0.999986
0.999999
1
1
1
1
1
1
1
1
0.998842
0.999841
0.998877
0.999864
0.999986
0.999999
0.999984
0.999999
1
1
1
1
1
1
1
1
0.999299
0.999864
0.999474
0.999909
0.999986
0.999999
0.999991
1
1
1
1
1
1
1
1
1
0.998837
0.999841
0.998842
0.999845
0.999985
0.999999
0.999984
0.999999
1
1
1
1
1
1
1
1
0.999474
0.999909
0.999299
0.999864
0.999986
0.999999
0.999991
1
1
1
1
1
1
1
1
1
0.998877
0.999841
0.999016
0.999909
0.999991
0.999999
0.999984
0.999999
1
1
1
1
1
1
1
1
1
1
1
1
1
1
1
1
0.999016
0.999845
0.999299
0.999937
0.999995
0.999999
0.999985
0.999999
0.999016
0.999845
0.999299
0.999937
0.999995
0.999999
0.999985
0.999999
1
1
1
1
1
1
1
1
0.998877
0.999841
0.999016
0.999909
0.999984
0.999999
0.999991
0.999999
1
1
1
1
1
1
1
1
0.998837
0.999841
0.998836
0.99984
0.999984
0.999999
0.999984
0.999999
1
1
1
1
1
1
1
1
0.998837
0.999841
0.998836
0.99984
0.999984
0.999999
0.999984
0.999999
1
1
1
1
1
1
1
1
0.999848
0.99886
0.998895
0.999844
0.999987
0.999999
0.999999
0.999992
1
1
1
1
1
1
1
1
0.999843
0.998855
0.998855
0.999843
0.999985
0.999999
0.999985
0.999999
1
1
1
1
1
1
1
1
0.999867
0.998895
0.999032
0.999848
0.999992
1
0.999995
0.999999
1
1
1
1
1
1
1
1
0.999843
0.99886
0.998855
0.999844
0.999985
0.999999
0.999985
0.999999
1
1
1
1
1
1
1
1
0.998837
0.99984
0.998842
0.999845
0.999985
0.999999
0.999984
0.999999
1
1
1
1
1
1
1
1
0.999474
0.999909
0.999299
0.999864
0.999991
1
0.999986
0.999999
1
1
1
1
1
1
1
1
0.998836
0.99984
0.998836
0.99984
0.999984
0.999999
0.999984
0.999999
1
1
1
1
1
1
1
1
1
1
1
1
1
1
1
1
0.998842
0.999845
0.998837
0.99984
0.999984
0.999999
0.999985
0.999999
0.999843
0.998855
0.998855
0.999843
0.999985
0.999999
0.999999
0.999985
1
0.999999
1
1
1
1
1
1
0.999843
0.998855
0.998855
0.999843
0.999984
0.999997
0.999981
0.999999
1
1
1
1
1
1
1
1
0.99991
0.999481
0.99931
0.999938
0.999987
0.999999
0.999985
0.999999
1
1
1
1
1
1
1
1
0.999867
0.99931
0.999032
0.99991
0.999985
0.999999
0.999985
0.999999
1
1
1
1
1
1
1
1
0.9993
0.999865
0.999474
0.999909
0.999991
1
0.999986
0.999999
1
1
1
1
1
1
1
1
0.998842
0.999841
0.998877
0.999864
0.999986
0.999999
0.999984
0.999999
1
1
1
1
1
1
1
1
0.99903
0.999849
0.99936
0.999967
0.999997
0.999999
0.999985
0.999999
1
1
1
1
1
1
1
1
0.99936
0.999865
0.999712
0.999985
0.999999
1
0.999986
0.999999
1
1
1
1
1
1
1
1
0.998877
0.999864
0.998842
0.999841
0.999984
0.999999
0.999986
0.999999
1
1
1
1
1
1
1
1
0.998836
0.99984
0.998836
0.99984
0.999984
0.999999
0.999984
0.999999
1
1
1
1
1
1
1
1
0.999474
0.999909
0.999299
0.999864
0.999986
0.999999
0.999991
1
1
1
1
1
1
1
1
1
1
1
1
1
1
1
1
1
0.998835
0.999835
0.998841
0.999845
0.99998
0.999999
0.999985
0.999999
0.99998
0.999962
0.999927
0.999996
0.999843
0.998855
0.998854
0.999843
1
1
1
1
1
1
1
1
0.999843
0.998855
0.998855
0.999843
0.999985
0.999999
0.999985
0.999999
1
0.999985
0.999996
0.999999
1
1
1
1
0.999772
0.998828
0.999927
0.999996
0.998835
0.999841
0.999999
0.999984
1
1
1
1
1
1
1
1
0.999999
1
0.999996
0.999999
1
1
1
1
0.999299
0.999937
0.999016
0.999845
0.999985
0.999999
0.999995
0.999999
1
1
1
1
1
1
1
1
1
1
1
1
1
1
1
1
1
1
1
1
1
1
1
1
1
1
1
1
1
1
1
1
1
1
1
1
1
1
1
1
1
1
1
1
1
1
1
1
1
1
1
1
1
1
1
1
1
1
1
1
1
1
1
1
1
1
1
1
1
1
1
1
1
1
1
1
1
1
1
1
1
1
1
1
1
1
1
1
1
1
1
1
1
1
1
1
0.999843
0.998855
0.998855
0.999843
0.999985
0.999999
0.999999
0.999985
1
1
1
1
1
1
1
1
0.999844
0.998855
0.99886
0.999843
0.999985
0.999999
0.999987
0.999999
1
1
1
1
1
1
1
1
0.999843
0.998855
0.998855
0.999843
0.999985
0.999999
0.999985
0.999999
1
1
1
1
1
1
1
1
0.999843
0.998855
0.998855
0.999843
0.999985
0.999999
0.999985
0.999999
1
1
1
1
1
1
1
1
0.998837
0.99984
0.998842
0.999845
0.999985
0.999999
0.999984
0.999999
1
1
1
1
1
1
1
1
0.999474
0.999909
0.999299
0.999864
0.999986
0.999999
0.999991
1
1
1
1
1
1
1
1
1
0.998836
0.99984
0.998836
0.999841
0.999984
0.999999
0.999984
0.999999
1
1
1
1
1
1
1
1
0.999016
0.999909
0.998877
0.999841
0.999984
0.999999
0.999991
0.999999
1
1
1
1
1
1
1
1
0.999057
0.999869
0.999305
0.999937
0.999995
0.999999
0.999987
0.999999
1
1
1
1
1
1
1
1
0.998918
0.999865
0.999021
0.999909
0.999991
0.999999
0.999986
0.999999
1
1
1
1
1
1
1
1
0.999474
0.999909
0.999299
0.999864
0.999986
0.999999
0.999991
1
1
1
1
1
1
1
1
1
1
1
1
1
1
1
1
1
0.998837
0.99984
0.998842
0.999845
0.999985
0.999999
0.999984
0.999999
0.999299
0.999937
0.999016
0.999845
0.999995
0.999999
0.999985
0.999999
1
1
1
1
1
1
1
1
0.998836
0.99984
0.998837
0.999841
0.999984
0.999999
0.999984
0.999999
1
1
1
1
1
1
1
1
1
1
1
0.99989
0.999992
0.999989
0.999915
0.999989
0.999992
1
1
1
0.999915
0.999989
0.999992
0.99989
0.999992
0.999989
1
1
1
0.999867
0.999985
0.999987
0.999915
0.999989
0.999992
1
1
1
0.99989
0.999992
0.999989
0.999934
0.999994
0.999994
1
1
1
0.99989
0.999992
0.999989
0.99991
0.999987
0.999992
1
1
1
0.999984
0.999843
0.999985
0.999843
0.999985
0.999985
1
1
1
0.999843
0.999985
0.999985
0.99998
0.999843
0.999984
1
1
1
1
1
1
1
1
1
1
1
1
1
1
1
1
1
1
1
1
1
0.999915
0.999989
0.999992
0.99989
0.999992
0.999989
1
1
1
0.99989
0.999992
0.999989
0.999915
0.999989
0.999992
1
1
1
1
1
1
1
1
0.999985
0.999999
0.999987
0.999999
0.999844
0.998855
0.99886
0.999843
0.999843
0.998855
0.998855
0.999843
0.999985
0.999999
0.999999
0.999985
1
1
1
1
1
1
1
1
0.999938
0.99931
0.999481
0.99991
0.999992
0.999999
0.999987
0.999999
1
1
1
1
1
1
1
1
0.999848
0.999032
0.998895
0.999867
0.999985
0.999999
0.999999
0.999985
1
1
1
1
1
1
1
1
0.999867
0.99931
0.999032
0.99991
0.999985
0.999999
0.999999
0.999985
1
1
1
1
1
1
1
1
0.99991
0.999481
0.99931
0.999938
0.999987
0.999999
0.999999
0.999985
1
1
1
1
1
1
1
1
1
1
1
1
1
1
1
1
0.999985
0.999999
0.999985
0.999999
0.999843
0.998855
0.998855
0.999843
0.999843
0.998855
0.998855
0.999843
0.999985
0.999999
0.999985
0.999999
1
1
1
1
1
1
1
1
1
1
1
1
1
1
1
1
1
1
1
1
1
1
1
1
1
1
1
1
1
1
1
1
1
1
1
1
1
1
1
1
1
1
1
1
1
1
1
1
1
1
1
1
1
1
1
1
1
1
1
1
1
1
1
1
1
1
1
1
1
1
1
1
1
1
1
1
1
1
1
1
1
1
1
1
1
1
1
1
1
1
1
1
1
1
1
1
1
1
1
1
1
1
1
1
1
1
1
1
1
1
1
1
1
1
1
1
1
1
1
1
1
1
1
1
1
1
1
1
1
1
1
1
1
1
1
1
1
1
1
1
1
1
1
1
1
1
1
1
1
1
1
1
1
1
1
1
1
1
1
1
1
1
1
1
1
1
1
1
1
1
1
1
1
1
1
1
1
1
1
1
1
1
1
1
1
1
1
1
1
1
1
1
1
1
1
1
1
1
1
1
1
1
1
1
1
1
1
1
1
1
1
1
1
1
1
1
1
1
1
1
1
1
1
1
1
1
1
1
1
1
1
1
1
1
1
1
1
1
1
1
1
1
1
1
1
1
1
1
1
1
1
1
1
1
1
1
1
1
1
1
1
1
1
1
1
1
1
1
1
1
1
1
1
1
1
1
1
1
1
1
1
1
1
1
1
1
1
1
1
1
1
1
1
1
1
1
1
1
1
1
1
1
1
1
1
1
1
1
1
1
1
1
1
1
1
1
1
1
1
1
1
1
1
1
1
1
1
1
1
1
1
1
1
1
1
1
1
1
1
1
1
1
1
1
1
1
1
1
1
1
1
1
1
1
1
1
1
1
1
1
1
1
1
1
1
1
1
1
1
1
1
1
1
1
1
1
1
1
1
1
1
1
1
1
1
1
1
1
1
1
1
1
1
1
1
1
1
1
1
1
1
1
1
1
1
1
1
1
1
1
1
1
1
1
1
1
1
1
1
1
1
1
1
1
1
1
1
1
1
1
1
1
1
1
1
1
1
1
1
1
1
1
1
1
1
1
1
1
1
1
1
1
1
1
1
1
1
1
1
1
1
1
1
1
1
1
1
1
1
1
1
1
1
1
1
1
1
1
1
1
1
1
1
1
1
1
1
1
1
1
0.999871
0.999315
0.999072
0.999911
0.999987
0.999999
0.999999
0.999992
1
1
1
1
1
1
1
1
0.99991
0.999482
0.99931
0.999938
0.999987
0.999999
0.999985
0.999999
1
1
1
1
1
1
1
1
0.99989
0.99935
0.999209
0.999914
0.999992
1
0.999995
0.999999
1
1
1
1
1
1
1
1
0.99991
0.999487
0.99931
0.999939
0.999987
0.999999
0.999985
0.999999
1
1
1
1
1
1
1
1
1
1
1
1
1
1
1
1
1
1
1
1
1
1
1
1
1
1
1
1
1
1
1
1
1
1
1
1
1
1
1
1
1
1
1
1
1
1
1
1
1
1
1
1
1
1
1
1
1
1
1
1
1
1
1
1
1
1
1
1
1
1
1
1
1
1
1
1
1
1
1
1
1
1
1
1
1
1
1
1
1
1
1
1
1
1
1
1
1
1
1
1
1
1
1
1
1
1
1
1
1
1
1
1
1
1
1
1
1
1
1
1
1
1
1
1
1
1
1
1
1
1
1
1
1
1
1
1
1
1
1
1
1
1
1
1
1
1
1
1
1
1
1
1
1
1
1
1
1
1
1
1
1
1
1
1
1
1
1
1
1
1
1
1
1
1
1
1
1
1
1
1
1
1
1
1
1
1
1
1
1
1
1
1
1
1
1
1
1
1
1
1
1
1
1
1
1
1
1
1
1
1
1
1
1
1
1
1
1
1
1
1
1
1
1
1
1
1
1
1
1
1
1
1
1
1
1
1
1
1
1
1
1
1
1
1
1
1
1
1
1
1
1
1
1
1
1
1
1
1
1
1
1
1
1
1
1
1
1
1
1
1
1
1
1
1
1
1
1
1
1
1
1
1
1
1
1
1
1
1
1
1
1
1
1
1
1
1
1
1
1
1
1
1
1
1
1
1
1
1
1
1
1
1
1
1
1
1
1
1
1
1
1
1
1
1
1
1
1
1
1
1
1
1
1
1
1
1
1
1
1
1
1
1
1
1
1
1
1
1
1
1
1
1
1
1
1
1
1
1
1
1
1
1
1
1
1
1
1
1
1
1
1
1
1
1
1
1
1
1
1
1
1
1
1
1
1
1
1
1
1
1
1
1
1
1
1
1
1
1
1
1
1
1
1
1
1
1
1
1
1
1
1
1
1
1
1
1
1
1
1
1
1
1
1
1
1
1
1
1
1
1
1
1
1
1
1
1
1
1
1
1
1
1
1
1
1
1
1
1
1
1
1
1
1
1
1
1
1
1
1
1
1
1
1
1
1
1
1
1
1
1
1
1
1
1
1
1
1
1
1
1
1
1
1
1
1
1
1
1
1
1
1
1
1
1
1
1
1
1
1
1
1
1
1
1
1
1
1
1
1
1
1
1
1
1
1
1
1
1
1
1
1
1
1
1
1
1
1
1
1
1
1
1
1
1
1
1
1
1
1
1
1
1
1
1
1
1
1
1
1
1
1
1
1
1
1
1
1
1
1
1
1
1
1
1
1
1
1
1
1
1
1
1
1
1
1
1
1
1
1
1
1
1
1
1
1
1
1
1
1
1
1
1
1
1
1
1
1
1
1
1
1
1
1
1
1
1
1
1
1
1
1
1
1
1
1
1
1
1
1
1
1
1
1
1
1
1
1
1
1
1
1
1
1
1
1
1
1
1
1
1
1
1
1
1
1
1
1
1
1
1
1
1
1
1
1
1
1
1
1
1
1
1
1
1
1
1
1
1
1
1
1
1
1
1
1
1
1
1
1
1
1
1
1
1
1
1
1
1
1
1
1
1
1
1
1
1
1
1
1
1
1
1
1
1
1
1
1
1
1
1
1
1
1
1
1
1
1
1
1
1
1
1
1
1
1
1
1
1
1
1
1
1
1
1
1
1
1
1
1
1
1
1
1
1
1
1
1
1
1
1
1
1
1
1
1
1
1
1
1
1
1
1
1
1
1
1
1
1
1
1
1
1
1
1
1
1
1
1
1
1
1
1
1
1
1
1
1
1
1
1
1
1
1
1
1
1
1
1
1
1
1
1
1
1
1
1
1
1
1
1
1
1
1
1
1
1
1
1
1
1
1
1
1
1
1
1
1
1
1
1
1
1
1
1
1
1
1
1
1
1
1
1
1
1
1
1
1
1
1
1
1
1
1
1
1
1
1
1
1
1
1
1
1
1
1
1
1
1
1
1
1
1
1
1
1
1
1
1
1
1
1
1
1
1
1
1
1
1
1
1
1
1
1
1
1
1
1
1
1
1
1
1
1
1
1
1
1
1
1
1
1
1
1
1
1
1
1
1
1
1
1
1
1
1
1
1
1
1
1
1
1
1
1
1
1
1
1
1
1
1
1
1
1
1
1
1
1
1
1
1
1
1
1
1
1
1
1
1
1
1
1
1
1
1
1
1
1
1
1
1
1
1
1
1
1
1
1
1
1
1
1
1
1
1
1
1
1
1
1
1
1
1
1
1
1
1
1
1
1
1
1
1
1
1
1
1
1
1
1
1
1
1
1
1
1
1
1
1
1
1
1
1
1
1
1
1
1
1
1
1
1
1
1
1
1
1
1
1
1
1
1
1
1
1
1
1
1
1
1
1
1
1
1
1
1
1
1
1
1
1
1
1
1
1
1
1
1
1
1
1
1
1
1
1
1
1
1
1
1
1
1
1
1
1
1
1
1
1
1
1
1
1
1
1
1
1
1
1
1
1
1
1
1
1
1
1
1
1
1
1
1
1
1
1
1
1
1
1
1
1
1
1
1
1
1
1
1
1
1
1
1
1
1
1
1
1
1
1
1
1
1
1
1
1
1
1
1
1
1
1
1
1
1
1
1
1
1
1
1
1
1
1
1
1
1
1
1
1
1
1
1
1
1
1
1
1
1
1
1
1
1
1
1
1
1
1
1
1
1
1
1
1
1
1
1
1
1
1
1
1
1
1
1
1
1
1
1
1
1
1
1
1
1
1
1
1
1
1
1
1
1
1
1
1
1
1
1
1
1
1
1
1
1
1
1
1
1
1
1
1
1
1
1
1
1
1
1
1
1
1
1
1
1
1
1
1
1
1
1
1
1
1
1
1
1
1
1
1
1
1
1
1
1
1
1
1
1
1
1
1
1
1
1
1
1
1
1
1
1
1
1
1
1
1
1
1
1
1
1
1
1
1
1
1
1
1
1
1
1
1
1
1
1
1
1
1
1
1
1
1
1
1
1
1
1
1
1
1
1
1
1
1
1
1
1
1
1
1
1
1
1
1
1
1
1
1
1
1
1
1
1
1
1
1
1
1
1
1
1
1
1
1
1
1
1
1
1
1
1
1
1
1
1
1
1
1
1
1
1
1
1
1
1
1
1
1
1
1
1
1
1
1
1
1
1
1
1
1
1
1
1
1
1
1
1
1
1
1
1
1
1
1
1
1
1
1
1
1
1
1
1
1
1
1
1
1
1
1
1
1
1
1
1
1
1
1
1
1
1
1
1
1
1
1
1
1
1
1
1
1
1
1
1
1
1
1
1
1
1
1
1
1
1
1
1
1
1
1
1
1
1
1
1
1
1
1
1
1
1
1
1
1
1
1
1
1
1
1
1
1
1
1
1
1
1
1
1
1
1
1
1
1
1
1
1
1
1
1
1
1
1
1
1
1
1
1
1
1
1
1
1
1
1
1
1
1
1
1
1
1
1
1
1
1
1
1
1
1
1
1
1
1
1
1
1
1
1
1
1
1
1
1
1
1
1
1
1
1
1
1
1
1
1
1
1
1
1
1
1
1
1
1
1
1
1
1
1
1
1
1
1
1
1
1
1
1
1
1
1
1
1
1
1
1
1
1
1
1
1
1
1
1
1
1
1
1
1
1
1
1
1
1
1
1
1
1
1
1
1
1
1
1
1
1
1
1
1
1
1
1
1
1
1
1
1
1
1
1
1
1
1
1
1
1
1
1
1
1
1
1
1
1
1
1
1
1
1
1
1
1
1
1
1
1
1
1
1
1
1
1
1
1
1
1
1
1
1
1
1
1
1
1
1
1
1
1
1
1
1
1
1
1
1
1
1
1
1
1
1
1
1
1
1
1
1
1
1
1
1
1
1
1
1
1
1
1
1
1
1
1
1
1
1
1
1
1
1
1
1
1
1
1
1
1
1
1
1
1
1
1
1
1
1
1
1
1
1
1
1
1
1
1
1
1
1
1
1
1
1
1
1
1
1
1
1
1
1
1
1
1
1
1
1
1
1
1
1
1
1
1
1
1
1
1
1
1
1
1
1
1
1
1
1
1
1
1
1
1
1
1
1
1
1
1
1
1
1
1
1
1
1
1
1
1
1
1
1
1
1
1
1
1
1
1
1
1
1
1
1
1
1
1
1
1
1
1
1
1
1
1
1
1
1
1
1
1
1
1
1
1
1
1
1
1
1
1
1
1
1
1
1
1
1
1
1
1
1
1
1
1
1
1
1
1
1
1
1
1
1
1
1
1
1
1
1
1
1
1
1
1
1
1
1
1
1
1
1
1
1
1
1
1
1
1
1
1
1
1
1
1
1
1
1
1
1
1
1
1
1
1
1
1
1
1
1
1
1
1
1
1
1
1
1
1
1
1
1
1
1
1
1
1
1
1
1
1
1
1
1
1
1
1
1
1
1
1
1
1
1
1
1
1
1
1
1
1
1
1
1
1
1
1
1
1
1
1
1
1
1
1
1
1
1
1
1
1
1
1
1
1
1
1
1
1
1
1
1
1
1
1
1
1
1
1
1
1
1
1
1
1
1
1
1
1
1
1
1
1
1
1
1
1
1
1
1
1
1
1
1
1
1
1
1
1
1
1
1
1
1
1
1
1
1
1
1
1
1
1
1
1
1
1
1
1
1
1
1
1
1
1
1
1
1
1
1
1
1
1
1
1
1
1
1
1
1
1
1
1
1
1
1
1
1
1
1
1
1
1
1
1
1
1
1
1
1
1
1
1
1
1
1
1
1
1
1
1
1
1
1
1
1
1
1
1
1
1
1
1
1
1
1
1
1
1
1
1
1
1
1
1
1
1
1
1
1
1
1
1
1
1
1
1
1
1
1
1
1
1
1
1
1
1
1
1
1
1
1
1
1
1
1
1
1
1
1
1
1
1
1
1
1
1
1
1
1
1
1
1
1
1
1
1
1
1
1
1
1
1
1
1
1
1
1
1
1
1
1
1
1
1
1
1
1
1
1
1
1
1
1
1
1
1
1
1
1
1
1
1
1
1
1
1
1
1
1
1
1
1
1
1
1
1
1
1
1
1
1
1
1
1
1
1
1
1
1
1
1
1
1
1
1
1
1
1
1
1
1
1
1
1
1
1
1
1
1
1
1
1
1
1
1
1
1
1
1
1
1
1
1
1
1
1
1
1
1
1
1
1
1
1
1
1
1
1
1
1
1
1
1
1
1
1
1
1
1
1
1
1
1
1
1
1
1
1
1
1
1
1
1
1
1
1
1
1
1
1
1
1
1
1
1
1
1
1
1
1
1
1
1
1
1
1
1
1
1
1
1
1
1
1
1
1
1
1
1
1
1
1
1
1
1
1
1
1
1
1
1
1
1
1
1
1
1
1
1
1
1
1
1
1
1
1
1
1
1
1
1
1
1
1
1
1
1
1
1
1
1
1
1
1
1
1
1
1
1
1
1
1
1
1
1
1
1
1
1
1
1
1
1
1
1
1
1
1
1
1
1
1
1
1
1
1
1
1
1
1
1
1
1
1
1
1
1
1
1
1
1
1
1
1
1
1
1
1
1
1
1
1
1
1
1
1
1
1
1
1
1
1
1
1
1
1
1
1
1
1
1
1
1
1
1
1
1
1
1
1
1
1
1
1
1
1
1
1
1
1
1
1
1
1
1
1
1
1
1
1
1
1
1
1
1
1
1
1
1
1
1
1
1
1
1
1
1
1
1
1
1
1
1
1
1
1
1
1
1
1
1
1
1
1
1
1
1
1
1
1
1
1
1
1
1
1
1
1
1
1
1
1
1
1
1
1
1
1
1
1
1
1
1
1
1
1
1
1
1
1
1
1
1
1
1
1
1
1
1
1
1
1
1
1
1
1
1
1
1
1
1
1
1
1
1
1
1
1
1
1
1
1
1
1
1
1
1
1
1
1
1
1
1
1
1
1
1
1
1
1
1
1
1
1
1
1
1
1
1
1
1
1
1
1
1
1
1
1
1
1
1
1
1
1
1
1
1
1
1
1
1
1
1
1
1
1
1
1
1
1
1
1
1
1
1
1
1
1
1
1
1
1
1
1
1
1
1
1
1
1
1
1
1
1
1
1
1
1
1
1
1
1
1
1
1
1
1
1
1
1
1
1
1
1
1
1
1
1
1
1
1
1
1
1
1
1
1
1
1
1
1
1
1
1
1
1
1
1
1
1
1
1
1
1
1
1
1
1
1
1
1
1
1
1
1
1
1
1
1
1
1
1
1
1
1
1
1
1
1
1
1
1
1
1
1
1
1
1
1
1
1
1
1
1
1
1
1
1
1
1
1
1
1
1
1
1
1
1
1
1
1
1
1
1
1
1
1
1
1
1
1
1
1
1
1
1
1
1
1
1
1
1
1
1
1
1
1
1
1
1
1
1
1
1
1
1
1
1
1
1
1
1
1
1
1
1
1
1
1
1
1
1
1
1
1
1
1
1
1
1
1
1
1
1
1
1
1
1
1
1
1
1
1
1
1
1
1
1
1
1
1
1
1
1
1
1
1
1
1
1
1
1
1
1
1
1
1
1
1
1
1
1
1
1
1
1
1
1
1
1
1
1
1
1
1
1
1
1
1
1
1
1
1
1
1
1
1
1
1
1
1
1
1
1
1
1
1
1
1
1
1
1
1
1
1
1
1
1
1
1
1
1
1
1
1
1
1
1
1
1
1
1
1
1
1
1
1
1
1
1
1
1
1
1
1
1
1
1
1
1
1
1
1
1
1
1
1
1
1
1
1
1
1
1
1
1
1
1
1
1
1
1
1
1
1
1
1
1
1
1
1
1
1
1
1
1
1
1
1
1
1
1
1
1
1
1
1
1
1
1
1
1
1
1
1
1
1
1
1
1
1
1
1
1
1
1
1
1
1
1
1
1
1
1
1
1
1
1
1
1
1
1
1
1
1
1
1
1
1
1
1
1
1
1
1
1
1
1
1
1
1
1
1
1
1
1
1
1
1
1
1
1
1
1
1
1
1
1
1
1
1
1
1
1
1
1
1
1
1
1
1
1
1
1
1
1
1
1
1
1
1
1
1
1
1
1
1
1
1
1
1
1
1
1
1
1
1
1
1
1
1
1
1
1
1
1
1
1
1
1
1
1
1
1
1
1
1
1
1
1
1
1
1
1
1
1
1
1
1
1
1
1
1
1
1
1
1
1
1
1
1
1
1
1
1
1
1
1
1
1
1
1
1
1
1
1
1
1
1
1
1
1
1
1
1
1
1
1
1
1
1
1
1
1
1
1
1
1
1
1
1
1
1
1
1
1
1
1
1
1
1
1
1
1
1
1
1
1
1
1
1
1
1
1
1
1
1
1
1
1
1
1
1
1
1
1
1
1
1
1
1
1
1
1
1
1
1
1
1
1
1
1
1
1
1
1
1
1
1
1
1
1
1
1
1
1
1
1
1
1
1
1
1
1
1
1
1
1
1
1
1
1
1
1
1
1
1
1
1
1
1
1
1
1
1
1
1
1
1
1
1
1
1
1
1
1
1
1
1
1
1
1
1
1
1
1
1
1
1
1
1
1
1
1
1
1
1
1
1
1
1
1
1
1
1
1
1
1
1
1
1
1
1
1
1
1
1
1
1
1
1
1
1
1
1
1
1
1
1
1
1
1
1
1
1
1
1
1
1
1
1
1
1
1
1
1
1
1
1
1
1
1
1
1
1
1
1
1
1
1
1
1
1
1
1
1
1
1
1
1
1
1
1
1
1
1
1
1
1
1
1
1
1
1
1
1
1
1
1
1
1
1
1
1
1
1
1
1
1
1
1
1
1
1
1
1
1
1
1
1
1
1
1
1
1
1
1
1
1
1
1
1
1
1
1
1
1
1
1
1
1
1
1
1
1
1
1
1
1
1
1
1
1
1
1
1
1
1
1
1
1
1
1
1
1
1
1
1
1
1
1
1
1
1
1
1
1
1
1
1
1
1
1
1
1
1
1
1
1
1
1
1
1
1
1
1
1
1
1
1
1
1
1
1
1
1
1
1
1
1
1
1
1
1
1
1
1
1
1
1
1
1
1
1
1
1
1
1
1
1
1
1
1
1
1
1
1
1
1
1
1
1
1
1
1
1
1
1
1
1
1
1
1
1
1
1
1
1
1
1
1
1
1
1
1
1
1
1
1
1
1
1
1
1
1
1
1
1
1
1
1
1
1
1
1
1
1
1
1
1
1
1
1
1
1
1
1
1
1
1
1
1
1
1
1
1
1
1
1
1
1
1
1
1
1
1
1
1
1
1
1
1
1
1
1
1
1
1
1
1
1
1
1
1
1
1
1
1
1
1
1
1
1
1
1
1
1
1
1
1
1
1
1
1
1
1
1
1
1
1
1
1
1
1
1
1
1
1
1
1
1
1
1
1
1
1
1
1
1
1
1
1
1
1
1
1
1
1
1
1
1
1
1
1
1
1
1
1
1
1
1
1
1
1
1
1
1
1
1
1
1
1
1
1
1
1
1
1
1
1
1
1
1
1
1
1
1
1
1
1
1
1
1
1
1
1
1
1
1
1
1
1
1
1
1
1
1
1
1
1
1
1
1
1
1
1
1
1
1
1
1
1
1
1
1
1
1
1
1
1
1
1
1
1
1
1
1
1
1
1
1
1
1
1
1
1
1
1
1
1
1
1
1
1
1
1
1
1
1
1
1
1
1
1
1
1
1
1
1
1
1
1
1
1
1
1
1
1
1
1
1
1
1
1
1
1
1
1
1
1
1
1
1
1
1
1
1
1
1
1
1
1
1
1
1
1
1
1
1
1
1
1
1
1
1
1
1
1
1
1
1
1
1
1
1
1
1
1
1
1
1
1
1
1
1
1
1
1
1
1
1
1
1
1
1
1
1
1
1
1
1
1
1
1
1
1
1
1
1
1
1
1
1
1
1
1
1
1
1
1
1
1
1
1
1
1
1
1
1
1
1
1
1
1
1
1
1
1
1
1
1
1
1
1
1
1
1
1
1
1
1
1
1
1
1
1
1
1
1
1
1
1
1
1
1
1
1
1
1
1
1
1
1
1
1
1
1
1
1
1
1
1
1
1
1
1
1
1
1
1
1
1
1
1
1
1
1
1
1
1
1
1
1
1
1
1
1
1
1
1
1
1
1
1
1
1
1
1
1
1
1
1
1
1
1
1
1
1
1
1
1
1
1
1
1
1
1
1
1
1
1
1
1
1
1
1
1
1
1
1
1
1
1
1
1
1
1
1
1
1
1
1
1
1
1
1
1
1
1
1
1
1
1
1
1
1
1
1
1
1
1
1
1
1
1
1
1
1
1
1
1
1
1
1
1
1
1
1
1
1
1
1
1
1
1
1
1
1
1
1
1
1
1
1
1
1
1
1
1
1
1
1
1
1
1
1
1
1
1
1
1
1
1
1
1
1
1
1
1
1
1
1
1
1
1
1
1
1
1
1
1
1
1
1
1
1
1
1
1
1
1
1
1
1
1
1
1
1
1
1
1
1
1
1
1
1
1
1
1
1
1
1
1
1
1
1
1
1
1
1
1
1
1
1
1
1
1
1
1
1
1
1
1
1
1
1
1
1
1
1
1
1
1
1
1
1
1
1
1
1
1
1
1
1
1
1
1
1
1
1
1
1
1
1
1
1
1
1
1
1
1
1
1
1
1
1
1
1
1
1
1
1
1
1
1
1
1
1
1
1
1
1
1
1
1
1
1
1
1
1
1
1
1
1
1
1
1
1
1
1
1
1
1
1
1
1
1
1
1
1
1
1
1
1
1
1
1
1
1
1
1
1
1
1
1
1
1
1
1
1
1
1
1
1
1
1
1
1
1
1
1
1
1
1
1
1
1
1
1
1
1
1
1
1
1
1
1
1
1
1
1
1
1
1
1
1
1
1
1
1
1
1
1
1
1
1
1
1
1
1
1
1
1
1
1
1
1
1
1
1
1
1
1
1
1
1
1
1
1
1
1
1
1
1
1
1
1
1
1
1
1
1
1
1
1
1
1
1
1
1
1
1
1
1
1
1
1
1
1
1
1
1
1
1
1
1
1
1
1
1
1
1
1
1
1
1
1
1
1
1
1
1
1
1
1
1
1
1
1
1
1
1
1
1
1
1
1
1
1
1
1
1
1
1
1
1
1
1
1
1
1
1
1
1
1
1
1
1
1
1
1
1
1
1
1
1
1
1
1
1
1
1
1
1
1
1
1
1
1
1
1
1
1
1
1
1
1
1
1
1
1
1
1
1
1
1
1
1
1
1
1
1
1
1
1
1
1
1
1
1
1
1
1
1
1
1
1
1
1
1
1
1
1
1
1
1
1
1
1
1
1
1
1
1
1
1
1
1
1
1
1
1
1
1
1
1
1
1
1
1
1
1
1
0.115239
0.132547
0.132547
0.115239
0.113046
0.107652
0.104161
0.104161
0.102083
0.131244
0.113046
0.136647
0.103924
0.114118
0.151351
0.151351
0.131185
0.0901836
0.131185
0.113046
0.0996597
0.0860814
0.0860709
0.269787
0.150581
0.0996597
0.076479
0.0764671
0.110658
0.123944
0.123944
0.10764
0.269787
0.141454
0.103955
0.138978
0.0793622
0.138978
0.131185
0.0793622
0.138391
0.132547
0.103955
0.138391
0.132547
0.103955
0.103044
0.138031
0.138111
0.0696697
0.0696697
0.0696697
0.0792989
0.0792996
0.116123
0.0696697
0.0792996
0.0696697
0.0793623
0.138031
0.0696697
0.103955
0.0822802
0.0930019
0.0793019
0.0930018
0.0792996
0.0975402
0.0696515
0.0930019
0.0793019
0.0792996
0.0792996
0.0793012
0.0696697
0.113046
0.107272
0.12239
0.142264
0.0933642
0.13852
0.115239
0.13852
0.113046
0.0901834
0.124711
0.107322
0.0934428
0.136983
0.129059
0.0975402
0.0696697
0.0822802
0.0696697
0.0793019
0.0793019
0.0792996
0.0975402
0.0696697
0.0696697
0.0930018
0.154273
0.146044
0.119943
0.0934428
0.0792996
0.0793019
0.0696697
0.0792989
0.161029
0.129058
0.162977
0.158888
0.0882265
0.0882287
0.0882265
0.0766619
0.121364
0.112183
0.0971819
0.128426
0.10378
0.127773
0.101738
0.0900418
0.10378
0.090042
0.0900419
0.131212
0.161346
0.146785
0.111849
0.141399
0.107465
0.10837
0.0900419
0.159866
0.141399
0.0766627
0.0792989
0.0764669
0.44367
0.139941
0.0792996
0.0696697
0.0866472
0.0696697
0.0866375
0.129592
0.107466
0.108558
0.108374
0.136866
0.136983
0.108531
0.148217
0.0946347
0.139761
0.121125
0.136417
0.104458
0.118627
0.102751
0.156955
0.14039
0.122725
0.090042
0.10378
0.0792451
0.10378
0.124798
0.0869368
0.0867286
0.0867286
0.128745
0.0898934
0.0946997
0.0882265
0.0941469
0.129592
0.107466
0.161592
0.147774
0.100849
0.136983
0.161671
0.108199
0.0977483
0.03447
0.0900419
0.0792452
0.128426
0.138581
0.136417
0.147141
0.127773
0.101738
0.113062
0.128689
0.090042
0.0900419
0.10378
0.161346
0.146785
0.0792452
0.10378
0.14039
0.122725
0.090042
0.10378
0.0792451
0.155047
0.124798
0.436453
0.493383
0.505332
0.13148
0.493383
0.436453
0.111849
0.10378
0.134274
0.161227
0.111849
0.159866
0.10378
0.128745
0.0898934
0.0790073
0.437815
0.131946
0.0764746
0.0696697
0.116123
0.138111
0.0696697
0.0975402
0.136983
0.0793019
0.0696697
0.118627
0.104459
0.0977186
0.103955
0.0793623
0.0901836
0.136985
0.0976125
0.136985
0.0793623
0.0976125
0.0901836
0.132547
0.131185
0.11314
0.103955
0.103955
0.0900375
0.123028
0.104352
0.128644
0.128719
0.123028
0.104352
0.0793624
0.14131
0.14131
0.0976126
0.0901836
0.0901836
0.440224
0.103955
0.449725
0.113046
0.131185
0.0901836
0.104341
0.0899923
0.123027
0.128718
0.090011
0.090011
0.104341
0.0899923
0.124382
0.128644
0.132547
0.138124
0.0901834
0.108565
0.0901834
0.132547
0.0901835
0.136623
0.0793624
0.129376
0.0977186
0.115239
0.107653
0.103044
0.10942
)
;
    }
}


// ************************************************************************* //
